symbol,side,entry_date,exit_date,entry_price,exit_price,size,pnl_gross,pnl_net,r_multiple,exit_reason,bars_held
BTCUSDT,-1,2019-09-23 00:00:00+00:00,2019-10-09 00:00:00+00:00,9702.25,8560.74,-0.139878810995528,159.67306153950523,157.51762250110988,1.6801879733451721,channel_exit,16
BTCUSDT,-1,2019-10-23 00:00:00+00:00,2019-10-25 00:00:00+00:00,7466.62,8189.64206478641,-0.1313134829794198,-94.94254559807518,-96.87828436106255,-1.020388528143979,atr_stop,2
BTCUSDT,1,2019-10-25 00:00:00+00:00,2019-11-08 00:00:00+00:00,8655.02,8773.73,0.11602175296566505,13.772942294553998,11.940643932188598,0.12673481854925414,channel_exit,14
BTCUSDT,-1,2019-11-14 00:00:00+00:00,2019-12-22 00:00:00+00:00,8646.68,7501.44,-0.11952103857446073,136.88027421701548,135.26643039772827,1.43541975109425,channel_exit,38
BTCUSDT,1,2020-01-06 00:00:00+00:00,2020-01-25 00:00:00+00:00,7758.0,8340.58,0.1612580552718221,93.94571784025811,91.52474356110781,0.9606990703932222,channel_exit,19
BTCUSDT,1,2020-01-28 00:00:00+00:00,2020-02-17 00:00:00+00:00,9374.21,9706.0,0.13913084692308522,46.16222370061057,43.73149650018673,0.4562824799375775,channel_exit,20
BTCUSDT,-1,2020-02-25 00:00:00+00:00,2020-03-23 00:00:00+00:00,9315.84,6467.31,-0.12403202468909946,353.3089432876405,351.86506689117476,3.6745348099159996,channel_exit,27
BTCUSDT,1,2020-04-02 00:00:00+00:00,2020-04-15 00:00:00+00:00,6794.09,6621.24,0.0801996295937741,-13.86250597528388,-14.818343767096547,-0.15054339595983104,channel_exit,13
BTCUSDT,1,2020-04-23 00:00:00+00:00,2020-05-11 00:00:00+00:00,7482.39,8561.52,0.10909904941859137,117.73205719908452,116.05076055064366,1.1803419429804851,channel_exit,18
BTCUSDT,1,2020-06-01 00:00:00+00:00,2020-06-11 00:00:00+00:00,10200.77,9194.284405153572,0.09848236397606194,-99.12108068832916,-100.75093544224714,-1.0164430688467048,atr_stop,10
BTCUSDT,-1,2020-06-25 00:00:00+00:00,2020-07-06 00:00:00+00:00,9249.49,9344.2,-0.1294697368767978,-12.262078779601643,-14.439702787185155,-0.146838080860961,channel_exit,11
BTCUSDT,1,2020-07-22 00:00:00+00:00,2020-08-25 00:00:00+00:00,9518.16,11318.42,0.20817685553662324,374.7724659483614,370.5312463949243,3.771000527003207,channel_exit,34
BTCUSDT,-1,2020-08-25 00:00:00+00:00,2020-09-01 00:00:00+00:00,11318.42,11921.97,-0.11926031493096001,-71.97956307658083,-74.53883529081625,-0.7423490214867564,channel_exit,7
BTCUSDT,-1,2020-09-03 00:00:00+00:00,2020-09-14 00:00:00+00:00,10140.85,10671.77,-0.10739131933100976,-57.01619925921971,-59.07909908703447,-0.5915026211608622,channel_exit,11
BTCUSDT,1,2020-10-10 00:00:00+00:00,2020-11-27 00:00:00+00:00,11293.22,17139.52,0.1470833478640763,859.8933766177495,855.3556882494596,8.599711491505262,channel_exit,48
BTCUSDT,1,2020-11-30 00:00:00+00:00,2020-12-09 00:00:00+00:00,19695.87,17815.930291636327,0.05610018581842368,-105.46496696663523,-107.26402556643522,-1.0170583526600747,atr_stop,9
BTCUSDT,1,2020-12-16 00:00:00+00:00,2021-01-21 00:00:00+00:00,21335.52,30850.13,0.056614748718404925,538.6672543036227,535.5234240594385,5.118166248835323,channel_exit,36
BTCUSDT,-1,2021-01-27 00:00:00+00:00,2021-01-29 00:00:00+00:00,30366.15,36459.86178945106,-0.017674672624264965,-107.70436094517132,-108.8643099630694,-1.0107697497828205,atr_stop,2
BTCUSDT,1,2021-02-05 00:00:00+00:00,2021-02-25 00:00:00+00:00,38290.24,47073.73,0.018033750659549246,158.3992685806443,156.8712199436614,1.4674477778740331,channel_exit,20
BTCUSDT,1,2021-03-11 00:00:00+00:00,2021-03-22 00:00:00+00:00,57773.16,54083.25,0.014232633392935817,-52.51713628292785,-53.902681008835145,-0.5006196508493723,channel_exit,11
BTCUSDT,1,2021-04-05 00:00:00+00:00,2021-04-18 00:00:00+00:00,59129.99,52648.37735828156,0.0165344161590297,-107.16968079980046,-108.7365991262115,-1.0146209106411181,atr_stop,13
BTCUSDT,-1,2021-04-19 00:00:00+00:00,2021-04-30 00:00:00+00:00,55633.14,57694.27,-0.01600482031020179,-32.98801528596618,-34.65011084966706,-0.32648710564849936,channel_exit,11
BTCUSDT,1,2021-05-08 00:00:00+00:00,2021-05-12 00:00:00+00:00,58862.05,52145.62098657325,0.015766938649494314,-105.8975241983832,-107.37744245086634,-1.013975003322181,atr_stop,4
BTCUSDT,-1,2021-05-15 00:00:00+00:00,2021-06-03 00:00:00+00:00,46762.99,39246.79,-0.01391376951360317,104.5786744181441,103.5957469957683,0.9861222618597822,channel_exit,19
BTCUSDT,-1,2021-06-07 00:00:00+00:00,2021-06-14 00:00:00+00:00,33552.79,40516.29,-0.013539987052632511,-94.28569984100649,-95.27316191664376,-0.9000235703774985,channel_exit,7
BTCUSDT,1,2021-06-14 00:00:00+00:00,2021-06-19 00:00:00+00:00,40516.29,35483.72,0.01423963737957212,-71.66197188731326,-72.57146743753414,-0.6902123498602449,channel_exit,5
BTCUSDT,-1,2021-06-21 00:00:00+00:00,2021-06-29 00:00:00+00:00,31608.93,35911.73,-0.015416561081462074,-66.33437902131506,-67.33092270366981,-0.6437272718521412,channel_exit,8
BTCUSDT,-1,2021-07-16 00:00:00+00:00,2021-07-23 00:00:00+00:00,31383.87,33634.09,-0.02258395312760228,-50.818863006793144,-52.18612628848235,-0.5013815577537977,channel_exit,7
BTCUSDT,1,2021-07-25 00:00:00+00:00,2021-09-07 00:00:00+00:00,35381.02,46863.73,0.025518940638535294,293.0265948595158,290.87395192036917,2.805362646346509,channel_exit,44
BTCUSDT,-1,2021-09-08 00:00:00+00:00,2021-09-18 00:00:00+00:00,46048.31,48292.74,-0.020328973858763248,-45.626958797824,-47.39409412607449,-0.44836336565043894,channel_exit,10
BTCUSDT,-1,2021-09-20 00:00:00+00:00,2021-10-01 00:00:00+00:00,43015.62,47925.0196172714,-0.021463029021275733,-105.37058646253595,-107.22209541893922,-1.017571402215376,atr_stop,11
BTCUSDT,1,2021-10-04 00:00:00+00:00,2021-10-26 00:00:00+00:00,49224.94,60328.81,0.02042554176845896,226.8025604765383,224.58451294524474,2.1474784227507784,channel_exit,22
BTCUSDT,1,2021-11-08 00:00:00+00:00,2021-11-16 00:00:00+00:00,67525.83,61743.41386163439,0.01835240536475202,-106.12124495896967,-108.16089724659592,-1.0192200184648688,atr_stop,8
BTCUSDT,-1,2021-11-18 00:00:00+00:00,2021-12-23 00:00:00+00:00,56891.62,50838.81,-0.01742587329791808,105.47550015637162,103.88086096535315,0.9870082061978388,channel_exit,35
BTCUSDT,-1,2022-01-04 00:00:00+00:00,2022-01-31 00:00:00+00:00,45832.01,38466.9,-0.021551777920238036,158.73121507812436,157.23896092318034,1.4819238857400865,channel_exit,27
BTCUSDT,1,2022-02-06 00:00:00+00:00,2022-02-17 00:00:00+00:00,42380.87,40515.7,0.02455663841768169,-45.80230527750749,-47.59317818875817,-0.44351449013369343,channel_exit,11
BTCUSDT,1,2022-03-23 00:00:00+00:00,2022-04-06 00:00:00+00:00,42882.76,43170.47,0.025601879780632268,7.365916831685688,5.376475502261583,0.050277117932205156,channel_exit,14
BTCUSDT,-1,2022-04-11 00:00:00+00:00,2022-05-30 00:00:00+00:00,39530.45,31734.22,-0.028138556470497476,219.37465811198643,217.76733885725548,2.03619580812682,channel_exit,49
BTCUSDT,1,2022-05-30 00:00:00+00:00,2022-06-10 00:00:00+00:00,31734.22,29091.88,0.03022420738707413,-79.86263214716146,-81.44533437308124,-0.7499029173270998,channel_exit,11
BTCUSDT,-1,2022-06-11 00:00:00+00:00,2022-07-07 00:00:00+00:00,28424.7,21624.98,-0.03342885061022262,227.306824071343,226.0056072647787,2.0929575484087537,channel_exit,26
BTCUSDT,1,2022-07-07 00:00:00+00:00,2022-08-19 00:00:00+00:00,21624.98,20834.39,0.036984461072231606,-29.239545079095592,-30.626532713749235,-0.279213246056217,channel_exit,43
BTCUSDT,-1,2022-08-19 00:00:00+00:00,2022-09-09 00:00:00+00:00,20834.39,21360.11,-0.048436648648696415,-25.464114927592735,-27.32641678529425,-0.2497605453334072,channel_exit,21
BTCUSDT,1,2022-09-10 00:00:00+00:00,2022-09-14 00:00:00+00:00,21648.34,19751.04889799259,0.057558596284318975,-109.20541257427514,-111.25172934375566,-1.0187382357819372,atr_stop,4
BTCUSDT,-1,2022-09-21 00:00:00+00:00,2022-09-29 00:00:00+00:00,18461.36,19591.51,-0.05314049643264862,-60.05673204335772,-61.93071666443508,-0.571508308329807,channel_exit,8
BTCUSDT,1,2022-10-04 00:00:00+00:00,2022-10-13 00:00:00+00:00,20337.82,18469.92513662851,0.0577677799485401,-107.9041394342526,-109.82467926197837,-1.0177985741584639,atr_stop,9
BTCUSDT,-1,2022-10-20 00:00:00+00:00,2022-10-23 00:00:00+00:00,19041.92,19570.4,-0.07604556588457223,-40.18856065867897,-42.86739651533635,-0.4003962948917524,channel_exit,3
BTCUSDT,1,2022-10-26 00:00:00+00:00,2022-11-08 00:00:00+00:00,20771.59,19375.88348637754,0.07648046442331075,-106.74428236048556,-109.41166018225576,-1.0249884842802373,atr_stop,13
BTCUSDT,-1,2022-11-08 00:00:00+00:00,2022-11-30 00:00:00+00:00,18547.23,17163.64,-0.06659938146554716,92.1462382019164,90.08868014806121,0.8506392181824575,channel_exit,22
BTCUSDT,1,2022-12-08 00:00:00+00:00,2022-12-16 00:00:00+00:00,17224.1,16632.12,0.08773574017552307,-51.937803469106115,-54.56441991510473,-0.512067678346788,channel_exit,8
BTCUSDT,-1,2022-12-19 00:00:00+00:00,2022-12-26 00:00:00+00:00,16438.88,16919.39,-0.09576621498091392,-46.016623960478796,-48.93317465263346,-0.46103697940151894,channel_exit,7
BTCUSDT,1,2023-01-06 00:00:00+00:00,2023-02-06 00:00:00+00:00,16950.65,22762.52,0.14322905459166496,832.4286455096596,826.5601879141567,7.813761375848236,channel_exit,31
BTCUSDT,-1,2023-02-09 00:00:00+00:00,2023-02-15 00:00:00+00:00,21796.35,23263.733832456834,-0.07617174529316494,-111.77318753321025,-114.96285810770725,-1.02853699214357,atr_stop,6
BTCUSDT,1,2023-02-15 00:00:00+00:00,2023-02-25 00:00:00+00:00,24324.05,22786.225177587996,0.07213245695326136,-110.92708280429062,-113.88561033644005,-1.0266709216302856,atr_stop,10
BTCUSDT,-1,2023-03-07 00:00:00+00:00,2023-03-13 00:00:00+00:00,22197.96,23794.69675083851,-0.0689150748939473,-110.03923276995401,-112.99089672554705,-1.0268237416900545,atr_stop,6
BTCUSDT,1,2023-03-14 00:00:00+00:00,2023-04-20 00:00:00+00:00,24670.41,28243.65,0.05157618619406525,184.2940915560818,181.6720320039218,1.6636723240925537,channel_exit,37
BTCUSDT,-1,2023-04-21 00:00:00+00:00,2023-04-26 00:00:00+00:00,27262.84,29356.528074831986,-0.05277589577248696,-110.49626361743174,-113.2850343360867,-1.0252385974634441,atr_stop,5
BTCUSDT,-1,2023-05-11 00:00:00+00:00,2023-05-28 00:00:00+00:00,26968.62,28065.0,-0.0512042981194261,-56.13936837217644,-58.72605590027549,-0.5355539098091829,channel_exit,17
BTCUSDT,1,2023-05-28 00:00:00+00:00,2023-06-05 00:00:00+00:00,28065.0,26282.555735931604,0.06128908862375788,-109.24438446739678,-112.14388546536185,-1.0265414191502942,atr_stop,8
BTCUSDT,-1,2023-06-05 00:00:00+00:00,2023-06-17 00:00:00+00:00,25728.2,26516.99,-0.06199275979466039,-48.89926899843022,-51.858219503215565,-0.4784838783764803,channel_exit,12
BTCUSDT,1,2023-06-20 00:00:00+00:00,2023-07-06 00:00:00+00:00,28307.99,29895.43,0.05835906922246934,92.64152084651666,89.50111580266677,0.8286250030467075,channel_exit,16
BTCUSDT,1,2023-07-13 00:00:00+00:00,2023-07-17 00:00:00+00:00,31454.23,30138.0,0.05970001524628318,-78.5789510676153,-81.81758137470176,-0.7532235470964769,channel_exit,4
BTCUSDT,-1,2023-07-18 00:00:00+00:00,2023-08-08 00:00:00+00:00,29859.13,29770.42,-0.062199924803910414,5.517755329355065,2.1846631356695703,0.02022804308228097,channel_exit,21
BTCUSDT,-1,2023-08-16 00:00:00+00:00,2023-08-29 00:00:00+00:00,28730.51,27716.34,-0.09149453381193293,92.79101135604786,88.2264028629564,0.8163035366725435,channel_exit,13
BTCUSDT,-1,2023-08-31 00:00:00+00:00,2023-09-14 00:00:00+00:00,25940.78,26522.73,-0.06826199941202306,-39.72507055782687,-42.98396080122431,-0.3952427836887767,channel_exit,14
BTCUSDT,1,2023-10-01 00:00:00+00:00,2023-10-11 00:00:00+00:00,27992.57,26696.51834845048,0.08366915303733807,-108.4395439777914,-112.46015912046049,-1.0370770200167247,atr_stop,10
BTCUSDT,1,2023-10-16 00:00:00+00:00,2023-12-29 00:00:00+00:00,28500.78,42066.95,0.07404759518363895,1004.542264352427,998.9353426808483,9.285189369366867,channel_exit,74
BTCUSDT,1,2024-01-01 00:00:00+00:00,2024-01-03 00:00:00+00:00,44179.55,41291.18799348129,0.039631264302981875,-114.46943808303419,-117.41499765559098,-1.0257322794790007,atr_stop,2
BTCUSDT,1,2024-01-08 00:00:00+00:00,2024-01-12 00:00:00+00:00,46951.04,43535.828375852034,0.03325181992589386,-113.56200193498769,-116.16776388084891,-1.0229457204122994,atr_stop,4
BTCUSDT,-1,2024-01-14 00:00:00+00:00,2024-01-29 00:00:00+00:00,41732.35,43302.7,-0.028230068861345107,-44.33108863641325,-46.53147740160115,-0.4129629063078299,channel_exit,15
BTCUSDT,1,2024-02-07 00:00:00+00:00,2024-03-16 00:00:00+00:00,44349.6,65300.63,0.038342860800365496,803.3224269142814,798.8155635750023,7.108989754301062,channel_exit,38
BTCUSDT,1,2024-04-08 00:00:00+00:00,2024-04-12 00:00:00+00:00,71620.0,65193.48343417156,0.01832561681474195,-117.76988003896334,-119.92035947218247,-1.0182600120888945,atr_stop,4
BTCUSDT,-1,2024-04-13 00:00:00+00:00,2024-05-15 00:00:00+00:00,63924.51,66206.5,-0.016593237504349354,-37.86560205255015,-39.84304637444722,-0.34097114247016647,channel_exit,32
BTCUSDT,1,2024-05-15 00:00:00+00:00,2024-05-31 00:00:00+00:00,66206.5,67540.01,0.02000341308480352,26.674751382716238,24.24289608710907,0.20793187336773505,channel_exit,16
BTCUSDT,-1,2024-06-11 00:00:00+00:00,2024-07-14 00:00:00+00:00,67314.24,60797.91,-0.02616694636135055,170.51245758285947,167.64884541312549,1.4361861332475894,channel_exit,33
BTCUSDT,1,2024-07-15 00:00:00+00:00,2024-07-31 00:00:00+00:00,64724.14,64628.0,0.024644011338447097,-2.3692752500782897,-5.236122946684375,-0.04433917567788062,channel_exit,16
BTCUSDT,-1,2024-08-03 00:00:00+00:00,2024-08-21 00:00:00+00:00,60697.99,61156.03,-0.023408346091065884,-10.721958843551837,-13.298769571983932,-0.11267825566849052,channel_exit,18
BTCUSDT,1,2024-08-23 00:00:00+00:00,2024-08-27 00:00:00+00:00,64037.24,58187.092862417594,0.02015791030274681,-117.9267412572571,-120.03801561491389,-1.0179032705826327,atr_stop,4
BTCUSDT,-1,2024-09-01 00:00:00+00:00,2024-09-13 00:00:00+00:00,57301.86,60498.0,-0.022405825762594395,-71.61215595285843,-74.05206971743222,-0.6327924066488484,channel_exit,12
BTCUSDT,1,2024-09-18 00:00:00+00:00,2024-10-01 00:00:00+00:00,61759.99,60805.78,0.02367733118264902,-22.5931461877955,-25.184639651378234,-0.2162429597037721,channel_exit,13
BTCUSDT,-1,2024-10-09 00:00:00+00:00,2024-10-12 00:00:00+00:00,60636.02,63206.22,-0.028030488518603406,-72.0439615905146,-75.23302379374037,-0.647151150115164,channel_exit,3
BTCUSDT,1,2024-10-14 00:00:00+00:00,2024-12-21 00:00:00+00:00,66083.99,97291.99,0.026909025057505667,839.7768539946369,835.0643953203886,7.218020992533679,channel_exit,68
BTCUSDT,-1,2024-12-22 00:00:00+00:00,2025-01-05 00:00:00+00:00,95186.27,98363.61,-0.014778373967043706,-46.9559187404466,-49.57249632443779,-0.4081092215596047,channel_exit,14
BTCUSDT,-1,2025-01-09 00:00:00+00:00,2025-01-15 00:00:00+00:00,92552.49,100148.91671771102,-0.015946576528740482,-121.13699999894759,-124.01165825542458,-1.0237306376788426,atr_stop,6
BTCUSDT,1,2025-01-17 00:00:00+00:00,2025-02-01 00:00:00+00:00,104077.48,100635.65,0.015765627401902307,-54.262609360689446,-57.118460850936295,-0.4751221141730406,channel_exit,15
BTCUSDT,-1,2025-02-05 00:00:00+00:00,2025-02-20 00:00:00+00:00,96612.43,98305.0,-0.013511877524999365,-22.86979854248827,-25.260711758659383,-0.2109553470839641,channel_exit,15
BTCUSDT,-1,2025-02-24 00:00:00+00:00,2025-03-19 00:00:00+00:00,91552.88,86845.94,-0.017760480317435136,83.59751522534818,80.8211491309137,0.6759023007891847,channel_exit,23
BTCUSDT,-1,2025-04-06 00:00:00+00:00,2025-04-12 00:00:00+00:00,78430.0,85684.3455777111,-0.01656965408390914,-120.20199682780884,-122.75756476774069,-1.021260611365656,atr_stop,6
BTCUSDT,1,2025-04-21 00:00:00+00:00,2025-05-30 00:00:00+00:00,87516.23,103985.48,0.017769214852658366,292.6456417121438,289.3197091079255,2.425376919990443,channel_exit,39
BTCUSDT,-1,2025-06-05 00:00:00+00:00,2025-06-09 00:00:00+00:00,101508.68,107343.30573410935,-0.020807265593757555,-121.40260728978608,-125.42294449960484,-1.0331157402593691,atr_stop,4
BTCUSDT,-1,2025-06-22 00:00:00+00:00,2025-06-25 00:00:00+00:00,100963.87,107029.86749917507,-0.01985846679870568,-120.46140993839998,-124.28721826476401,-1.0317596176926738,atr_stop,3
BTCUSDT,1,2025-07-02 00:00:00+00:00,2025-07-31 00:00:00+00:00,108849.6,115764.08,0.021385062519525332,147.86658709000744,143.41046733103985,1.1997867828726951,channel_exit,29
BTCUSDT,-1,2025-07-31 00:00:00+00:00,2025-08-10 00:00:00+00:00,115764.08,119294.01,-0.021456289758231308,-75.73920090627328,-80.3464932272397,-0.6669332743755,channel_exit,10
BTCUSDT,1,2025-08-12 00:00:00+00:00,2025-08-18 00:00:00+00:00,120134.08,114732.43824502813,0.022197232021829338,-119.90149533391214,-124.4856319277913,-1.0382325222976816,atr_stop,6
BTCUSDT,-1,2025-08-21 00:00:00+00:00,2025-09-08 00:00:00+00:00,112500.0,112065.23,-0.020937182199995404,9.102858705092087,4.879464455262184,0.04102311279754458,channel_exit,18
BTCUSDT,1,2025-09-12 00:00:00+00:00,2025-09-21 00:00:00+00:00,116029.42,115232.29,0.021760941637494258,-17.3462994074959,-21.859913054896563,-0.18363201692590514,channel_exit,9
BTCUSDT,-1,2025-09-25 00:00:00+00:00,2025-09-29 00:00:00+00:00,108994.49,114018.92996650506,-0.02365589010588711,-118.85759969127078,-123.71259439037205,-1.0408471541719837,atr_stop,4
BTCUSDT,1,2025-10-01 00:00:00+00:00,2025-10-10 00:00:00+00:00,118594.99,113517.90858558781,0.023229554190032226,-117.93833784329361,-122.68488457954408,-1.040246003318762,atr_stop,9
BTCUSDT,-1,2025-10-16 00:00:00+00:00,2025-10-25 00:00:00+00:00,108194.28,111646.27,-0.015079545398721701,-52.054439920933405,-55.0848749156467,-0.47090345495828423,channel_exit,9
BTCUSDT,-1,2025-11-04 00:00:00+00:00,2025-12-03 00:00:00+00:00,101497.22,93429.95,-0.015124477768412645,122.01324576678235,119.46970320376032,1.0249087507462213,channel_exit,29
BTCUSDT,-1,2025-12-17 00:00:00+00:00,2026-01-01 00:00:00+00:00,86243.22,88839.04,-0.015923827912682414,-41.335390972299145,-43.88177462509738,-0.3734548643265959,channel_exit,15
BTCUSDT,1,2026-01-03 00:00:00+00:00,2026-01-20 00:00:00+00:00,90628.01,88427.66,0.021089779489972753,-46.404896300761365,-49.761752031147076,-0.4245803687528855,channel_exit,17
BTCUSDT,-1,2026-01-25 00:00:00+00:00,2026-03-02 00:00:00+00:00,86670.36,68830.06,-0.023079472846972635,411.74471943184597,408.88530873036007,3.5008982064981096,channel_exit,36
BTCUSDT,1,2026-03-04 00:00:00+00:00,2026-03-21 00:00:00+00:00,72666.77,68918.12,0.016720535698311483,-62.679436145475485,-64.7536623397724,-0.5402130423402932,channel_exit,17
BTCUSDT,-1,2026-03-29 00:00:00+00:00,2026-04-05 00:00:00+00:00,66010.93,69034.18,-0.020623362496978295,-62.34958066898963,-64.9122711228686,-0.5437088541176729,channel_exit,7
BTCUSDT,1,2026-04-07 00:00:00+00:00,2026-05-15 00:00:00+00:00,71924.22,79113.21,0.021924507155653,157.615062696918,154.49293004716498,1.2993317006830383,channel_exit,38
ETHUSDT,-1,2019-09-24 00:00:00+00:00,2019-10-09 00:00:00+00:00,165.81,188.00191880809896,-4.224510769469193,-93.75,-95.17958903523423,-1.015248949709165,atr_stop,15
ETHUSDT,-1,2019-10-23 00:00:00+00:00,2019-10-25 00:00:00+00:00,162.35,182.40621340385127,-4.638769602659421,-93.03615308223573,-94.55920579876891,-1.0163705469978637,atr_stop,2
ETHUSDT,1,2019-11-06 00:00:00+00:00,2019-11-15 00:00:00+00:00,191.16,180.0,4.548961333028006,-50.76640847659254,-52.240271948493614,-0.5658181802193983,channel_exit,9
ETHUSDT,-1,2019-11-18 00:00:00+00:00,2019-12-29 00:00:00+00:00,178.2,134.36,-5.477292545775121,240.12450520678118,238.79983295917054,2.5974811024842985,channel_exit,41
ETHUSDT,1,2020-01-05 00:00:00+00:00,2020-01-24 00:00:00+00:00,135.37,162.54,7.044489068304443,191.39876798583165,189.33774773013968,2.019154128311517,channel_exit,19
ETHUSDT,1,2020-01-28 00:00:00+00:00,2020-02-25 00:00:00+00:00,175.64,246.67,5.669976504206421,402.7384310937821,400.22092750605543,4.207910704543503,channel_exit,28
ETHUSDT,-1,2020-02-29 00:00:00+00:00,2020-03-24 00:00:00+00:00,217.21,138.42,-2.648809933620627,208.69973466996925,208.03976778214806,2.1346570766208557,channel_exit,24
ETHUSDT,1,2020-04-02 00:00:00+00:00,2020-05-10 00:00:00+00:00,141.28,187.54,2.979057907381046,137.81121879544716,136.80557225953672,1.381155236152439,channel_exit,38
ETHUSDT,1,2020-05-28 00:00:00+00:00,2020-06-11 00:00:00+00:00,220.21,230.51,4.12710419877549,42.50917324738748,40.79676342743995,0.40791387413392943,channel_exit,14
ETHUSDT,-1,2020-06-19 00:00:00+00:00,2020-06-22 00:00:00+00:00,229.0,243.13,-4.366986083780503,-61.70551336381849,-63.616654951607686,-0.6343802147100329,channel_exit,3
ETHUSDT,-1,2020-06-27 00:00:00+00:00,2020-07-06 00:00:00+00:00,220.94,241.6,-4.512251765453104,-93.2231214742611,-95.18540952202135,-0.9536532470518259,channel_exit,9
ETHUSDT,1,2020-07-08 00:00:00+00:00,2020-07-16 00:00:00+00:00,246.95,233.57,4.922174462887044,-65.85869431342863,-67.92810443416238,-0.6853231564164268,channel_exit,8
ETHUSDT,1,2020-07-22 00:00:00+00:00,2020-08-25 00:00:00+00:00,263.74,382.93,5.250955225472891,625.8613533241139,622.2420064120313,6.311594096992019,channel_exit,34
ETHUSDT,1,2020-09-01 00:00:00+00:00,2020-09-02 00:00:00+00:00,475.4,426.07163169285116,2.075895105455094,-102.40051832889642,-103.99258235554444,-1.0155474215622087,atr_stop,1
ETHUSDT,-1,2020-09-03 00:00:00+00:00,2020-09-17 00:00:00+00:00,381.4,389.36,-1.7452948758862905,-13.892547212054936,-15.115733635230091,-0.1487583950676843,channel_exit,14
ETHUSDT,-1,2020-09-23 00:00:00+00:00,2020-10-09 00:00:00+00:00,320.72,365.02,-1.7640847480061932,-78.14895433667428,-79.30802152316528,-0.7812148823827499,channel_exit,16
ETHUSDT,1,2020-10-11 00:00:00+00:00,2020-12-11 00:00:00+00:00,374.16,544.43,2.461463299800721,419.1133560570686,416.7011860213097,4.128343095888094,channel_exit,61
ETHUSDT,1,2020-12-16 00:00:00+00:00,2020-12-23 00:00:00+00:00,637.18,566.3821647717637,1.463176623690824,-103.58973751387005,-105.08142837229505,-1.014399986854154,atr_stop,7
ETHUSDT,1,2020-12-27 00:00:00+00:00,2021-02-22 00:00:00+00:00,685.11,1777.58,1.216070149897287,1328.520156658289,1324.6291650995909,12.893574483493081,channel_exit,57
ETHUSDT,-1,2021-02-23 00:00:00+00:00,2021-03-06 00:00:00+00:00,1577.89,1650.35,-0.34340991047849223,-24.88348211327148,-25.903625895636203,-0.23465996097807792,channel_exit,11
ETHUSDT,1,2021-04-01 00:00:00+00:00,2021-05-17 00:00:00+00:00,1968.05,3282.51,0.4402186494708459,578.6498059834482,576.0487661691141,5.225844636472816,channel_exit,46
ETHUSDT,-1,2021-05-19 00:00:00+00:00,2021-06-30 00:00:00+00:00,2438.92,2275.68,-0.1466651321633899,23.9416161743518,23.340842940020952,0.20488470212096377,channel_exit,42
ETHUSDT,-1,2021-07-19 00:00:00+00:00,2021-07-23 00:00:00+00:00,1818.73,2124.25,-0.31394669500427913,-95.91699425770736,-97.11741653806047,-0.8510028086381586,channel_exit,4
ETHUSDT,1,2021-07-28 00:00:00+00:00,2021-08-17 00:00:00+00:00,2300.9,3011.72,0.3321203287265137,236.07777206538037,234.2773158798024,2.0661010122801295,channel_exit,20
ETHUSDT,1,2021-08-31 00:00:00+00:00,2021-09-07 00:00:00+00:00,3429.2,3048.864375466591,0.30258860405738164,-115.08522570085664,-116.74581860845552,-1.014429244913811,atr_stop,7
ETHUSDT,-1,2021-09-20 00:00:00+00:00,2021-10-01 00:00:00+00:00,2977.28,3309.91,-0.23673780934056754,-78.7460975209529,-80.15654303747888,-0.7023911325940491,channel_exit,11
ETHUSDT,1,2021-10-06 00:00:00+00:00,2021-11-16 00:00:00+00:00,3574.89,4209.76,0.2335255512277655,148.25836670797156,146.4888109638057,1.2903485661701029,channel_exit,41
ETHUSDT,-1,2021-11-18 00:00:00+00:00,2021-11-25 00:00:00+00:00,3996.9,4487.386289263537,-0.23323737520441284,-114.39973468157974,-116.28366184092472,-1.0164679329422284,atr_stop,7
ETHUSDT,-1,2021-12-10 00:00:00+00:00,2021-12-23 00:00:00+00:00,3897.94,4111.41,-0.18428853756634284,-39.34007411428717,-40.703908439511316,-0.3584812333299914,channel_exit,13
ETHUSDT,-1,2021-12-29 00:00:00+00:00,2022-01-31 00:00:00+00:00,3630.19,2686.94,-0.23211711356188677,218.9444673672497,217.82183480444453,1.9232316165235732,channel_exit,33
ETHUSDT,1,2022-02-09 00:00:00+00:00,2022-02-18 00:00:00+00:00,3243.94,2819.661723544339,0.27084078894562846,-114.91186312774268,-116.28648605811885,-1.0119624109553256,atr_stop,9
ETHUSDT,-1,2022-02-20 00:00:00+00:00,2022-02-28 00:00:00+00:00,2621.99,2920.95,-0.27993513967095596,-83.689409356029,-85.16122713922839,-0.7468057336133793,channel_exit,8
ETHUSDT,-1,2022-03-06 00:00:00+00:00,2022-03-16 00:00:00+00:00,2551.29,2773.81,-0.27240335220176704,-60.6151939319372,-61.97526518820461,-0.5465266659103105,channel_exit,10
ETHUSDT,1,2022-03-22 00:00:00+00:00,2022-04-06 00:00:00+00:00,2969.64,3168.51,0.3251272802743404,64.65806222815819,62.803757958278496,0.5560767182012909,channel_exit,15
ETHUSDT,-1,2022-04-22 00:00:00+00:00,2022-06-25 00:00:00+00:00,2962.39,1242.36,-0.3800268326863778,653.6575530255504,652.8077187810092,5.757545295101899,channel_exit,64
ETHUSDT,-1,2022-07-12 00:00:00+00:00,2022-07-15 00:00:00+00:00,1038.58,1245.199344805612,-0.572515383874722,-118.2927535073286,-119.57596591293408,-1.0108477685027932,atr_stop,3
ETHUSDT,1,2022-07-16 00:00:00+00:00,2022-08-19 00:00:00+00:00,1355.85,1609.01,0.5237399871722423,132.59001515252493,131.0731499743569,1.116528930598112,channel_exit,34
ETHUSDT,-1,2022-08-20 00:00:00+00:00,2022-09-05 00:00:00+00:00,1576.04,1617.8,-0.487243939394902,-20.347306909131103,-21.766180750406633,-0.18392695074841917,channel_exit,16
ETHUSDT,1,2022-09-09 00:00:00+00:00,2022-09-15 00:00:00+00:00,1718.23,1500.9404281102234,0.54381125808623,-118.16451545839776,-119.63372640293935,-1.0124336052904042,atr_stop,6
ETHUSDT,-1,2022-09-18 00:00:00+00:00,2022-10-04 00:00:00+00:00,1334.51,1361.49,-0.5291751343113782,-14.277145123720993,-15.573985100225471,-0.1327111776216233,channel_exit,16
ETHUSDT,-1,2022-10-15 00:00:00+00:00,2022-10-17 00:00:00+00:00,1274.92,1331.4,-0.8142315970250468,-45.987800599974655,-47.93912290687712,-0.40892165802518843,channel_exit,2
ETHUSDT,1,2022-10-23 00:00:00+00:00,2022-11-08 00:00:00+00:00,1364.2,1237.6790523605716,0.9237542171859504,-116.87425894428482,-118.93221918373824,-1.0176083275996168,atr_stop,16
ETHUSDT,-1,2022-11-09 00:00:00+00:00,2022-11-10 00:00:00+00:00,1102.73,1299.9399498657624,-0.5880168159798186,-115.96276679960525,-117.3386625901183,-1.011864978979768,atr_stop,1
ETHUSDT,1,2022-12-02 00:00:00+00:00,2022-12-16 00:00:00+00:00,1295.59,1166.83,0.7815287582647831,-100.62964291417346,-102.27108307598444,-0.8887319723303606,channel_exit,14
ETHUSDT,-1,2022-12-16 00:00:00+00:00,2022-12-26 00:00:00+00:00,1166.83,1228.11,-0.8629297406024863,-52.880334504120334,-54.78792526283671,-0.4793498642289509,channel_exit,10
ETHUSDT,1,2023-01-06 00:00:00+00:00,2023-02-09 00:00:00+00:00,1269.14,1545.35,1.354860660664466,374.2260630821319,370.45734202260775,3.252593454229597,channel_exit,34
ETHUSDT,-1,2023-02-09 00:00:00+00:00,2023-02-15 00:00:00+00:00,1545.35,1674.92,-0.8371270651861952,-108.46655383617545,-110.99037139141444,-0.9527138405209322,channel_exit,6
ETHUSDT,1,2023-02-15 00:00:00+00:00,2023-02-25 00:00:00+00:00,1674.92,1594.58,0.8096329527290055,-65.04591142224842,-67.36975554702113,-0.5824032596251375,channel_exit,10
ETHUSDT,-1,2023-03-07 00:00:00+00:00,2023-03-13 00:00:00+00:00,1561.96,1689.8607788224501,-0.9002466804028659,-115.14225155585187,-117.88057635751211,-1.0237821022661866,atr_stop,6
ETHUSDT,1,2023-03-13 00:00:00+00:00,2023-03-27 00:00:00+00:00,1673.45,1715.22,0.7718503575853679,32.240189436340806,29.85718172973317,0.2612962771194657,channel_exit,14
ETHUSDT,1,2023-03-31 00:00:00+00:00,2023-04-21 00:00:00+00:00,1821.52,1848.78,0.6999772052250135,19.081378614433863,16.75199167097724,0.14636004360848662,channel_exit,21
ETHUSDT,-1,2023-04-24 00:00:00+00:00,2023-05-05 00:00:00+00:00,1841.84,1993.3,-0.7301663821417052,-110.59100023918269,-113.21079340832421,-0.9883543971337397,channel_exit,11
ETHUSDT,-1,2023-05-11 00:00:00+00:00,2023-05-23 00:00:00+00:00,1794.3,1854.05,-0.7166560025276454,-42.82019615102681,-45.2118850617023,-0.39758576644192545,channel_exit,12
ETHUSDT,1,2023-05-28 00:00:00+00:00,2023-06-05 00:00:00+00:00,1908.64,1784.3836342720824,0.9125370307019535,-113.38853502716998,-116.31950408502323,-1.0258489013651242,atr_stop,8
ETHUSDT,-1,2023-06-10 00:00:00+00:00,2023-06-20 00:00:00+00:00,1751.53,1791.99,-0.8941422946491407,-36.17699724150427,-39.06112653256323,-0.34722432623709654,channel_exit,10
ETHUSDT,1,2023-06-23 00:00:00+00:00,2023-07-22 00:00:00+00:00,1892.63,1866.52,0.8567969854821371,-22.37096929093871,-25.249580967754525,-0.22501950652849986,channel_exit,29
ETHUSDT,-1,2023-08-02 00:00:00+00:00,2023-08-29 00:00:00+00:00,1839.9,1729.42,-1.1340530797067667,125.2901842460036,121.75992690721195,1.0875953041032493,channel_exit,27
ETHUSDT,-1,2023-09-01 00:00:00+00:00,2023-09-19 00:00:00+00:00,1629.12,1643.12,-1.098419571278996,-15.377873997905944,-18.626577296633844,-0.16496768153045258,channel_exit,18
ETHUSDT,1,2023-09-28 00:00:00+00:00,2023-10-09 00:00:00+00:00,1652.99,1567.5063237401607,1.3193232856121966,-112.78060462934049,-116.50309029719907,-1.0330064347508396,atr_stop,11
ETHUSDT,-1,2023-10-09 00:00:00+00:00,2023-10-20 00:00:00+00:00,1580.13,1603.89,-1.2214599165652194,-29.021887617589602,-32.54824483963322,-0.2909110426290063,channel_exit,11
ETHUSDT,1,2023-10-22 00:00:00+00:00,2023-11-21 00:00:00+00:00,1663.7,1933.01,1.237259799902843,333.20643671183456,328.9014926933762,2.945509580780968,channel_exit,30
ETHUSDT,1,2023-12-01 00:00:00+00:00,2023-12-17 00:00:00+00:00,2087.24,2196.52,0.7927725973464358,86.63418943801867,83.49977588007656,0.7329329886512319,channel_exit,16
ETHUSDT,1,2023-12-27 00:00:00+00:00,2024-01-03 00:00:00+00:00,2378.35,2193.1374679231562,0.6180482445609343,-114.47028032077897,-116.91011689261427,-1.0213141486593567,atr_stop,7
ETHUSDT,1,2024-01-10 00:00:00+00:00,2024-01-21 00:00:00+00:00,2584.38,2457.05,0.5065005354682816,-64.49271318117626,-66.73280803438647,-0.5879012925021969,channel_exit,11
ETHUSDT,-1,2024-01-25 00:00:00+00:00,2024-02-06 00:00:00+00:00,2218.64,2372.64,-0.5210153821142429,-80.2363688455934,-82.46149633078858,-0.7298889096758576,channel_exit,12
ETHUSDT,1,2024-02-09 00:00:00+00:00,2024-03-16 00:00:00+00:00,2486.56,3523.09,0.6328793375885171,655.9984197906258,651.9849762327893,5.801212253503763,channel_exit,36
ETHUSDT,-1,2024-03-19 00:00:00+00:00,2024-03-21 00:00:00+00:00,3158.64,3577.238987919632,-0.2788818067285772,-116.7396420457809,-118.53537041547258,-1.0153823357535008,atr_stop,2
ETHUSDT,1,2024-04-08 00:00:00+00:00,2024-04-12 00:00:00+00:00,3694.61,3300.23261261391,0.29377193736621876,-115.85700914583944,-117.60213745689963,-1.015062777158898,atr_stop,4
ETHUSDT,-1,2024-04-12 00:00:00+00:00,2024-04-23 00:00:00+00:00,3237.43,3219.46,-0.2753590840351993,4.948202740112476,3.3524891380741435,0.02916157965898671,channel_exit,11
ETHUSDT,-1,2024-05-01 00:00:00+00:00,2024-05-17 00:00:00+00:00,2972.46,3092.01,-0.2984799205037473,-35.68327449622304,-37.34449971441727,-0.32473539467365403,channel_exit,16
ETHUSDT,1,2024-05-20 00:00:00+00:00,2024-06-07 00:00:00+00:00,3661.78,3678.32,0.33340433837161315,5.514507756666469,3.3070456340121392,0.028821154292220694,channel_exit,18
ETHUSDT,-1,2024-06-10 00:00:00+00:00,2024-07-14 00:00:00+00:00,3667.85,3245.08,-0.40108020223793045,169.56467710012984,167.22190988330897,1.457858872417006,channel_exit,34
ETHUSDT,1,2024-07-15 00:00:00+00:00,2024-07-25 00:00:00+00:00,3483.39,3190.334358896721,0.395977455258309,-116.04342701316871,-118.31736787871505,-1.019595602474652,atr_stop,10
ETHUSDT,-1,2024-08-02 00:00:00+00:00,2024-08-23 00:00:00+00:00,2989.61,2762.48,-0.3847586660412246,87.39023581794339,85.47703720236538,0.742402458900193,channel_exit,21
ETHUSDT,1,2024-08-24 00:00:00+00:00,2024-08-27 00:00:00+00:00,2768.0,2464.9033456452826,0.38198987770324244,-115.77985392922045,-117.47467655881648,-1.0146383206756515,atr_stop,3
ETHUSDT,-1,2024-09-01 00:00:00+00:00,2024-09-19 00:00:00+00:00,2425.72,2465.21,-0.40851810533794986,-16.132379979795736,-17.945129233024037,-0.1561858978232705,channel_exit,18
ETHUSDT,1,2024-09-20 00:00:00+00:00,2024-10-01 00:00:00+00:00,2561.4,2447.79,0.4528711585683028,-51.45069232494494,-53.44605261276237,-0.46567319706775273,channel_exit,11
ETHUSDT,1,2024-10-20 00:00:00+00:00,2024-10-23 00:00:00+00:00,2746.91,2541.6325682266884,0.5570554066905714,-114.35090324087805,-116.89939753599079,-1.0222866127235075,atr_stop,3
ETHUSDT,-1,2024-11-04 00:00:00+00:00,2024-11-06 00:00:00+00:00,2398.21,2611.8242603927492,-0.5311647430780413,-113.46436373932045,-115.96151987134617,-1.0220082856830963,atr_stop,2
ETHUSDT,1,2024-11-07 00:00:00+00:00,2024-12-18 00:00:00+00:00,2895.47,3626.8,0.46037331050929203,336.68481317476073,333.6793857141615,2.963385173405358,channel_exit,41
ETHUSDT,-1,2024-12-19 00:00:00+00:00,2025-01-03 00:00:00+00:00,3417.01,3609.01,-0.2793489462401175,-53.634997678102565,-55.44970933094865,-0.48285168879960977,channel_exit,15
ETHUSDT,-1,2025-01-09 00:00:00+00:00,2025-01-17 00:00:00+00:00,3219.2,3473.63,-0.31285438300199336,-79.59954066719726,-81.55567333396624,-0.7125914667818514,channel_exit,8
ETHUSDT,-1,2025-01-28 00:00:00+00:00,2025-02-17 00:00:00+00:00,3077.72,2744.05,-0.30168143556000104,100.66204460330543,99.17195250545828,0.8710585712284087,channel_exit,20
ETHUSDT,-1,2025-02-24 00:00:00+00:00,2025-03-19 00:00:00+00:00,2513.52,2056.06,-0.3074986189658994,140.66831823214036,139.5302941332205,1.2174508121421017,channel_exit,23
ETHUSDT,-1,2025-03-29 00:00:00+00:00,2025-04-22 00:00:00+00:00,1828.08,1756.26,-0.42579577666575674,30.580652680134623,29.23459811682602,0.2527547601491259,channel_exit,24
ETHUSDT,1,2025-04-26 00:00:00+00:00,2025-06-05 00:00:00+00:00,1820.88,2414.01,0.5057405053108236,299.9698659150089,297.7723131680032,2.569444896789465,channel_exit,40
ETHUSDT,-1,2025-06-05 00:00:00+00:00,2025-06-09 00:00:00+00:00,2414.01,2692.356269703822,-0.42417408307529386,-118.06727372904702,-120.12292368267157,-1.0174108361165521,atr_stop,4
ETHUSDT,1,2025-06-10 00:00:00+00:00,2025-06-13 00:00:00+00:00,2816.4,2538.401216810199,0.4214816477761942,-117.17138521861432,-119.09718636825518,-1.0164357632714487,atr_stop,3
ETHUSDT,-1,2025-06-20 00:00:00+00:00,2025-07-02 00:00:00+00:00,2406.49,2570.41,-0.4247747087747852,-69.62907026236282,-71.59439154889004,-0.6157398209577154,channel_exit,12
ETHUSDT,1,2025-07-03 00:00:00+00:00,2025-08-01 00:00:00+00:00,2591.25,3488.2,0.4311661385645091,386.73446798543637,384.0272792812631,3.3179121091228576,channel_exit,29
ETHUSDT,1,2025-08-07 00:00:00+00:00,2025-08-19 00:00:00+00:00,3910.31,4075.59,0.3353160223628445,55.42103217613101,52.961133046483795,0.44673591528318596,channel_exit,12
ETHUSDT,1,2025-08-22 00:00:00+00:00,2025-08-25 00:00:00+00:00,4832.07,4360.9496115231195,0.2524109709057539,-118.91595466894526,-120.89730741487338,-1.0166617906860698,atr_stop,3
ETHUSDT,-1,2025-09-22 00:00:00+00:00,2025-10-02 00:00:00+00:00,4199.08,4484.35,-0.3162489643180387,-90.21634205100703,-92.7690499286583,-0.7861592955609303,channel_exit,10
ETHUSDT,1,2025-10-06 00:00:00+00:00,2025-10-09 00:00:00+00:00,4684.01,4326.117912406218,0.3277880544958495,-117.31275111182396,-119.86524070507306,-1.0217579893835755,atr_stop,3
ETHUSDT,-1,2025-10-10 00:00:00+00:00,2025-10-13 00:00:00+00:00,3829.72,4283.579642545683,-0.25648578900257435,-116.40854851475588,-118.38616766262852,-1.0169886075645207,atr_stop,3
ETHUSDT,-1,2025-11-03 00:00:00+00:00,2025-12-03 00:00:00+00:00,3603.83,3188.36,-0.2735280343586425,113.64269243498514,112.07290191645524,0.9701584429007231,channel_exit,30
ETHUSDT,1,2025-12-09 00:00:00+00:00,2025-12-15 00:00:00+00:00,3318.04,2922.948192995303,0.294582072417264,-116.3869633025253,-117.93684994779484,-1.013316668820037,atr_stop,6
ETHUSDT,1,2026-01-02 00:00:00+00:00,2026-01-20 00:00:00+00:00,3125.45,2939.88,0.41876361471601564,-77.7099639828509,-79.92597057898728,-0.6920136795242577,channel_exit,18
ETHUSDT,-1,2026-01-20 00:00:00+00:00,2026-02-25 00:00:00+00:00,2939.88,2057.48,-0.4519732988918756,398.8212389421911,397.1473721007838,3.4574138528916882,channel_exit,36
ETHUSDT,1,2026-03-04 00:00:00+00:00,2026-03-22 00:00:00+00:00,2127.28,2053.89,0.4025667109037469,-29.544370913226118,-31.032660848570693,-0.2633566044860023,channel_exit,18
ETHUSDT,-1,2026-03-29 00:00:00+00:00,2026-04-07 00:00:00+00:00,1984.64,2216.145531589501,-0.5079961355683149,-117.60391541015487,-119.63034346878288,-1.0172309574180474,atr_stop,9
ETHUSDT,1,2026-04-07 00:00:00+00:00,2026-04-29 00:00:00+00:00,2240.01,2252.9,0.5220949558956282,6.72980398149458,4.612594074447511,0.039523256979658465,channel_exit,22
SOLUSDT,1,2020-08-31 00:00:00+00:00,2020-09-03 00:00:00+00:00,4.7435,3.5195316775530854,76.59511956369776,-93.75000000000001,-94.23524210937073,-1.0051759158332876,atr_stop,3
SOLUSDT,-1,2020-09-05 00:00:00+00:00,2020-09-25 00:00:00+00:00,2.6052,3.1937,-68.03808820673811,-40.040414909665394,-40.43154274581594,-0.4345457512145676,channel_exit,20
SOLUSDT,-1,2020-10-04 00:00:00+00:00,2020-11-06 00:00:00+00:00,2.5202,1.9,-103.96301065381626,64.47785920749685,64.1223057110608,0.69139864526476,channel_exit,33
SOLUSDT,1,2020-11-08 00:00:00+00:00,2020-11-26 00:00:00+00:00,2.1558,1.9111,168.97215681298462,-41.34748677213736,-41.92874761213089,-0.44967999819697513,channel_exit,18
SOLUSDT,-1,2020-11-27 00:00:00+00:00,2021-01-01 00:00:00+00:00,1.861,1.8421,-157.75355226062058,2.981542137725716,2.4584660642109952,0.026458150282246764,channel_exit,35
SOLUSDT,1,2021-01-01 00:00:00+00:00,2021-01-21 00:00:00+00:00,1.8421,2.9899,223.44366509722025,256.4686387985894,255.26610521289587,2.749608758169402,channel_exit,20
SOLUSDT,1,2021-01-26 00:00:00+00:00,2021-03-04 00:00:00+00:00,4.041,13.0508,99.87205904996266,899.8272776283536,897.4811391455049,9.464088256245226,channel_exit,37
SOLUSDT,1,2021-03-27 00:00:00+00:00,2021-04-17 00:00:00+00:00,16.4589,24.85,32.37936913016992,271.6985243081689,270.2501951269764,2.677315102034816,channel_exit,21
SOLUSDT,1,2021-04-18 00:00:00+00:00,2021-05-13 00:00:00+00:00,32.3358,41.049,18.325132075159306,159.67054079727808,158.3165297734823,1.5417450593144228,channel_exit,25
SOLUSDT,1,2021-05-18 00:00:00+00:00,2021-05-19 00:00:00+00:00,55.977,44.37418758716808,8.936596264295918,-103.68965006384002,-104.40344762208079,-1.0068839807811223,atr_stop,1
SOLUSDT,-1,2021-05-19 00:00:00+00:00,2021-05-20 00:00:00+00:00,34.988,49.129771792190326,-7.277618144382587,-102.91841498856218,-103.56200088208577,-1.006253359941417,atr_stop,1
SOLUSDT,-1,2021-05-22 00:00:00+00:00,2021-06-03 00:00:00+00:00,31.222,39.602,-6.28986351109684,-52.70905622299149,-53.15742033757112,-0.5204243414693371,channel_exit,12
SOLUSDT,-1,2021-06-21 00:00:00+00:00,2021-06-30 00:00:00+00:00,26.59,35.51,-8.724419063999862,-77.82181805087876,-78.3794654686115,-0.7703208526978217,channel_exit,9
SOLUSDT,-1,2021-07-15 00:00:00+00:00,2021-07-29 00:00:00+00:00,28.545,31.235,-12.530865924591598,-33.70802933715137,-34.41255221202969,-0.34018164762335557,channel_exit,14
SOLUSDT,1,2021-07-30 00:00:00+00:00,2021-09-16 00:00:00+00:00,32.354,152.29,15.213886109928241,1824.6926444803535,1820.5221835921277,18.040945368771972,channel_exit,48
SOLUSDT,1,2021-10-03 00:00:00+00:00,2021-10-11 00:00:00+00:00,172.98,144.77,3.2161290412174277,-90.72700025274357,-91.56507845507825,-0.8025231948395165,channel_exit,8
SOLUSDT,1,2021-10-20 00:00:00+00:00,2021-11-16 00:00:00+00:00,176.72,219.04,3.8462832874611723,162.7747087253568,161.2582269210429,1.4221653033359303,channel_exit,27
SOLUSDT,-1,2021-11-18 00:00:00+00:00,2021-11-21 00:00:00+00:00,195.01,231.5721910280663,-3.1308775649292087,-114.4717436144288,-115.77678713402109,-1.0114005734374767,atr_stop,3
SOLUSDT,-1,2021-11-26 00:00:00+00:00,2021-12-01 00:00:00+00:00,192.42,231.34984357665033,-2.9182852840430527,-113.60838961983666,-114.82365033899238,-1.010696927605631,atr_stop,5
SOLUSDT,-1,2021-12-07 00:00:00+00:00,2021-12-23 00:00:00+00:00,190.19,190.03,-2.6739884073476063,0.4278381451756079,-0.48681028551127026,-0.0043174541544571746,channel_exit,16
SOLUSDT,1,2021-12-26 00:00:00+00:00,2021-12-29 00:00:00+00:00,197.81,170.63,3.4159207993590472,-92.84472732657893,-93.89387274536928,-0.8326397048638315,channel_exit,3
SOLUSDT,-1,2022-01-04 00:00:00+00:00,2022-02-01 00:00:00+00:00,167.72,110.02,-4.007341820649289,231.223623051464,230.4300251066699,2.0563437189090403,channel_exit,28
SOLUSDT,-1,2022-02-18 00:00:00+00:00,2022-02-28 00:00:00+00:00,89.86,99.68,-5.386834284071306,-52.89871266958027,-53.86524002416548,-0.47333450418574113,channel_exit,10
SOLUSDT,-1,2022-03-07 00:00:00+00:00,2022-03-18 00:00:00+00:00,81.66,89.8,-5.929128199608267,-48.2631035448113,-49.22148782699598,-0.4340775015436356,channel_exit,11
SOLUSDT,1,2022-03-24 00:00:00+00:00,2022-04-08 00:00:00+00:00,102.32,109.92,7.506793562335667,57.05163107375113,55.566366926681646,0.491591301743366,channel_exit,15
SOLUSDT,-1,2022-04-24 00:00:00+00:00,2022-06-21 00:00:00+00:00,99.23,36.42,-7.054912820916049,443.119074281737,442.65658241684906,3.9027203026414163,channel_exit,58
SOLUSDT,-1,2022-07-12 00:00:00+00:00,2022-07-16 00:00:00+00:00,32.68,39.58,-14.842379379510975,-102.4124177186257,-103.46984819513959,-0.8865844585405199,channel_exit,4
SOLUSDT,1,2022-07-16 00:00:00+00:00,2022-07-25 00:00:00+00:00,39.58,36.65,15.105890522738145,-44.26025923162276,-45.256794829407795,-0.3903758960655711,channel_exit,9
SOLUSDT,1,2022-08-12 00:00:00+00:00,2022-08-18 00:00:00+00:00,45.48,39.52,16.83571379576241,-100.34085422274386,-101.53847955931921,-0.8785011914547706,channel_exit,6
SOLUSDT,-1,2022-08-19 00:00:00+00:00,2022-09-07 00:00:00+00:00,35.81,32.69,-16.662936946243228,51.988363272278946,51.0078827364881,0.44426368294216967,channel_exit,19
SOLUSDT,1,2022-09-12 00:00:00+00:00,2022-09-16 00:00:00+00:00,37.44,32.36011077299577,22.67353296060129,-115.17903582468382,-116.49972829348023,-1.011466431016202,atr_stop,4
SOLUSDT,-1,2022-09-21 00:00:00+00:00,2022-09-26 00:00:00+00:00,30.65,33.88,-22.10601816519541,-71.40243867358127,-72.75055208536754,-0.6364534412670367,channel_exit,5
SOLUSDT,-1,2022-10-13 00:00:00+00:00,2022-10-26 00:00:00+00:00,30.49,31.29,-28.97931307696369,-23.183450461570974,-24.81562333269172,-0.2181320127098429,channel_exit,13
SOLUSDT,1,2022-10-30 00:00:00+00:00,2022-11-07 00:00:00+00:00,32.94,29.209832976831592,30.45016103047508,-113.58418652604583,-115.18518593811787,-1.0140952667887877,atr_stop,8
SOLUSDT,-1,2022-11-08 00:00:00+00:00,2022-11-23 00:00:00+00:00,24.38,14.36,-19.618881944678858,196.58119708568213,196.07408822517607,1.7395853748077457,channel_exit,15
SOLUSDT,-1,2022-12-16 00:00:00+00:00,2023-01-03 00:00:00+00:00,12.25,13.37,-41.50580818926761,-46.486505171979694,-47.48538395186261,-0.4187586825789558,channel_exit,18
SOLUSDT,1,2023-01-06 00:00:00+00:00,2023-02-05 00:00:00+00:00,13.5,23.47,46.84772244864474,467.071792812988,465.0926639304226,4.11999971718288,channel_exit,30
SOLUSDT,-1,2023-02-09 00:00:00+00:00,2023-02-15 00:00:00+00:00,20.48,23.86,-30.18950145534488,-102.04051491906567,-103.33709362756983,-0.888361944897786,channel_exit,6
SOLUSDT,1,2023-02-20 00:00:00+00:00,2023-02-25 00:00:00+00:00,26.26,22.420795837198263,30.093719667854945,-115.53593382301726,-116.750439083396,-1.0105119266378126,atr_stop,5
SOLUSDT,-1,2023-03-06 00:00:00+00:00,2023-03-17 00:00:00+00:00,20.63,21.6,-35.655125498933344,-34.58547173396543,-35.971743013363955,-0.31374551856427274,channel_exit,11
SOLUSDT,1,2023-03-21 00:00:00+00:00,2023-03-27 00:00:00+00:00,22.53,19.91,30.801620915432725,-80.70024679843377,-81.80411528880104,-0.7152240103669547,channel_exit,6
SOLUSDT,1,2023-04-11 00:00:00+00:00,2023-04-21 00:00:00+00:00,22.98,21.25,40.46754668575499,-70.00885576635615,-71.55673942708627,-0.6290149677267668,channel_exit,10
SOLUSDT,-1,2023-05-08 00:00:00+00:00,2023-05-28 00:00:00+00:00,20.62,20.81,-40.036213790749336,-7.606880620242283,-9.106557116416171,-0.08044694806071885,channel_exit,20
SOLUSDT,1,2023-05-30 00:00:00+00:00,2023-06-05 00:00:00+00:00,21.25,19.18039416460227,54.67352057102307,-113.1526372155272,-115.04022463038089,-1.016681780127301,atr_stop,6
SOLUSDT,-1,2023-06-07 00:00:00+00:00,2023-06-20 00:00:00+00:00,18.64,16.64,-48.34561336356178,96.69122672712356,95.24317891565816,0.848307260466044,channel_exit,13
SOLUSDT,1,2023-06-29 00:00:00+00:00,2023-07-24 00:00:00+00:00,17.99,23.37,46.28637684591435,249.0207074310193,247.07362470261907,2.186938540832552,channel_exit,25
SOLUSDT,-1,2023-08-02 00:00:00+00:00,2023-08-09 00:00:00+00:00,23.15,24.38,-34.63626818576391,-42.60260986848962,-44.12258786155368,-0.3843743914264183,channel_exit,7
SOLUSDT,1,2023-08-14 00:00:00+00:00,2023-08-16 00:00:00+00:00,25.18,22.486624433162376,42.49940456598845,-114.46685786318062,-116.18706053157575,-1.0150279539467333,atr_stop,2
SOLUSDT,-1,2023-08-17 00:00:00+00:00,2023-09-18 00:00:00+00:00,21.66,19.64,-38.34308394563467,77.45302957018201,76.09752486653593,0.669922725025697,channel_exit,32
SOLUSDT,1,2023-09-20 00:00:00+00:00,2023-10-11 00:00:00+00:00,20.29,22.01,53.13934686686246,91.39967661100356,89.2944019668322,0.7824938899082013,channel_exit,21
SOLUSDT,1,2023-10-16 00:00:00+00:00,2024-01-03 00:00:00+00:00,23.95,98.52,49.781329508597125,3712.193741456087,3703.3657196063505,32.25656427490087,channel_exit,79
SOLUSDT,-1,2024-01-22 00:00:00+00:00,2024-01-28 00:00:00+00:00,83.84,95.98,-7.969896801203839,-96.7545471666146,-98.13145841757778,-0.6935473618786409,channel_exit,6
SOLUSDT,1,2024-02-08 00:00:00+00:00,2024-02-21 00:00:00+00:00,102.76,105.03,10.243301892667521,23.252295296355232,21.315758100338865,0.15142772914795563,channel_exit,13
SOLUSDT,1,2024-02-28 00:00:00+00:00,2024-03-05 00:00:00+00:00,119.03,105.26817758183535,10.235867489979023,-140.8641906929561,-142.80371070290676,-1.013768722912541,atr_stop,6
SOLUSDT,1,2024-03-07 00:00:00+00:00,2024-04-05 00:00:00+00:00,143.82,174.37,7.126708966394302,217.72095892334602,215.4841272868997,1.5429533700316969,channel_exit,29
SOLUSDT,-1,2024-04-09 00:00:00+00:00,2024-04-22 00:00:00+00:00,172.42,156.95,-5.484643811052361,84.84743975698002,83.29797303391962,0.5907476716361048,channel_exit,13
SOLUSDT,-1,2024-04-30 00:00:00+00:00,2024-05-06 00:00:00+00:00,126.77,153.42538536293858,-5.314300022319182,-141.65471502919095,-143.12234238113643,-1.010360596550867,atr_stop,6
SOLUSDT,1,2024-05-15 00:00:00+00:00,2024-06-02 00:00:00+00:00,158.52,163.15,5.9485667877783115,27.541864227413555,25.7949486188467,0.1834827509784165,channel_exit,18
SOLUSDT,-1,2024-06-07 00:00:00+00:00,2024-06-27 00:00:00+00:00,162.5,149.71,-7.033423977324415,89.95749266997922,88.0621396434178,0.6257118455301147,channel_exit,20
SOLUSDT,-1,2024-07-04 00:00:00+00:00,2024-07-14 00:00:00+00:00,127.86,147.18434770114342,-7.3189593603383525,-141.4341154897166,-143.37314075646123,-1.013709742236028,atr_stop,10
SOLUSDT,1,2024-07-15 00:00:00+00:00,2024-07-31 00:00:00+00:00,159.38,171.71,7.195549825888155,88.72112935320104,86.49714320411518,0.6162154929208674,channel_exit,16
SOLUSDT,-1,2024-08-03 00:00:00+00:00,2024-08-23 00:00:00+00:00,142.52,153.26,-6.2689269885014784,-67.32827585650575,-69.05767220696968,-0.4898303018666575,channel_exit,20
SOLUSDT,-1,2024-08-30 00:00:00+00:00,2024-09-10 00:00:00+00:00,137.99,135.63,-6.92000378320084,16.331208928354076,14.641800724746123,0.10423505689629417,channel_exit,11
SOLUSDT,1,2024-09-19 00:00:00+00:00,2024-10-02 00:00:00+00:00,142.89,140.18,8.432475374870473,-22.852008265898807,-24.979724182387624,-0.177688577921591,channel_exit,13
SOLUSDT,1,2024-10-19 00:00:00+00:00,2024-11-03 00:00:00+00:00,159.79,162.53,9.290427992777712,25.455772700211014,22.737820829211923,0.16198886073757998,channel_exit,15
SOLUSDT,1,2024-11-06 00:00:00+00:00,2024-12-02 00:00:00+00:00,186.59,225.72,7.382349602053138,288.87133992833924,285.87192081442345,2.0347900774202246,channel_exit,26
SOLUSDT,-1,2024-12-09 00:00:00+00:00,2025-01-02 00:00:00+00:00,216.63,208.31,-4.670450473361282,38.85814793836584,37.10692516977524,0.2604689191929922,channel_exit,24
SOLUSDT,-1,2025-01-13 00:00:00+00:00,2025-01-16 00:00:00+00:00,182.87,209.66038924950647,-5.328768427978661,-142.75978040602897,-144.77079739912384,-1.0140867195744856,atr_stop,3
SOLUSDT,1,2025-01-17 00:00:00+00:00,2025-01-28 00:00:00+00:00,219.51,227.06,5.180052953861844,39.10939980165698,36.992270718990014,0.26110509489615524,channel_exit,11
SOLUSDT,-1,2025-02-05 00:00:00+00:00,2025-03-02 00:00:00+00:00,196.12,178.71,-3.479159935106014,60.57217447019569,59.45300526059066,0.418822418728661,channel_exit,25
SOLUSDT,-1,2025-03-09 00:00:00+00:00,2025-03-24 00:00:00+00:00,126.51,141.01,-4.357232780980439,-63.179875324216304,-64.28581943421919,-0.4514679623167775,channel_exit,15
SOLUSDT,-1,2025-04-02 00:00:00+00:00,2025-04-12 00:00:00+00:00,117.42,132.24,-6.413675785171661,-95.05067513624405,-96.57733521074003,-0.6805467155450851,channel_exit,10
SOLUSDT,1,2025-04-17 00:00:00+00:00,2025-05-04 00:00:00+00:00,134.83,143.95,6.410881704911282,58.46724114879074,56.80611759023118,0.4023549341737577,channel_exit,17
SOLUSDT,1,2025-05-08 00:00:00+00:00,2025-05-29 00:00:00+00:00,164.46,166.71,8.394004056829813,18.88650912786708,16.3676531785017,0.11557302623517597,channel_exit,21
SOLUSDT,-1,2025-05-30 00:00:00+00:00,2025-06-09 00:00:00+00:00,156.2,161.16,-7.425233775501102,-36.829159526485526,-38.98313074195309,-0.2750783600923734,channel_exit,10
SOLUSDT,-1,2025-06-20 00:00:00+00:00,2025-06-28 00:00:00+00:00,140.11,150.72,-7.914920431580698,-83.97730577907109,-86.12459203247721,-0.6089777152465564,channel_exit,8
SOLUSDT,1,2025-07-09 00:00:00+00:00,2025-07-30 00:00:00+00:00,157.05,177.77,8.53749127839096,176.89681928826067,174.16494160405347,1.2371179659288352,channel_exit,21
SOLUSDT,-1,2025-08-02 00:00:00+00:00,2025-08-08 00:00:00+00:00,158.48,178.4711788903899,-7.104545080958852,-142.02823164828803,-144.3105534132296,-1.0160694936383732,atr_stop,6
SOLUSDT,1,2025-08-12 00:00:00+00:00,2025-09-22 00:00:00+00:00,191.78,220.38,6.982436447540849,199.69768239966822,196.92786157991193,1.3972244042130053,channel_exit,41
SOLUSDT,-1,2025-09-25 00:00:00+00:00,2025-10-01 00:00:00+00:00,192.74,216.36595726633,-6.024947175783384,-142.3451445069539,-144.69161274065527,-1.0164843573823956,atr_stop,6
SOLUSDT,-1,2025-10-10 00:00:00+00:00,2025-10-26 00:00:00+00:00,188.43,200.03,-5.006995146454444,-58.08114369887152,-59.88393232933303,-0.4239299111707371,channel_exit,16
SOLUSDT,-1,2025-11-03 00:00:00+00:00,2025-11-26 00:00:00+00:00,166.06,143.02,-5.437170557196855,125.2724096378155,123.87268619825296,0.8801539569445166,channel_exit,23
SOLUSDT,-1,2025-12-01 00:00:00+00:00,2025-12-03 00:00:00+00:00,126.66,144.67,-6.787150660835849,-122.23658340165358,-124.0039981566392,-0.8753268454290851,channel_exit,2
SOLUSDT,-1,2025-12-17 00:00:00+00:00,2026-01-01 00:00:00+00:00,123.27,126.9,-7.492049669739131,-27.196140301153115,-28.907474286714926,-0.20539976694339404,channel_exit,15
SOLUSDT,1,2026-01-03 00:00:00+00:00,2026-01-19 00:00:00+00:00,133.37,133.44,9.942620161363454,0.695983411295374,-1.6921544105028368,-0.012040867776396956,channel_exit,16
SOLUSDT,-1,2026-01-25 00:00:00+00:00,2026-02-25 00:00:00+00:00,118.85,88.06,-11.062448987948612,340.6128043389377,338.8593176747559,2.4117869524597233,channel_exit,31
SOLUSDT,1,2026-03-04 00:00:00+00:00,2026-03-08 00:00:00+00:00,90.85,81.59,10.412164202166126,-96.41664051205824,-97.94579177111676,-0.685092660691401,channel_exit,4
SOLUSDT,1,2026-03-15 00:00:00+00:00,2026-03-22 00:00:00+00:00,92.3,86.2,12.30606758281164,-75.06701225515093,-76.97642170129998,-0.5411778541035742,channel_exit,7
SOLUSDT,-1,2026-03-29 00:00:00+00:00,2026-04-07 00:00:00+00:00,81.44,85.56,-13.80260332010224,-56.86672567882129,-58.9924370109436,-0.41642135961691235,channel_exit,9
SOLUSDT,1,2026-04-16 00:00:00+00:00,2026-04-29 00:00:00+00:00,89.05,83.04,15.265035784859295,-91.74286506700422,-94.0245604958387,-0.6658480617647908,channel_exit,13
SOLUSDT,1,2026-05-06 00:00:00+00:00,2026-05-16 00:00:00+00:00,89.16,86.54,20.969413657037485,-54.93986378143801,-58.20631128562205,-0.4142579239549542,channel_exit,10
BNBUSDT,-1,2019-09-23 00:00:00+00:00,2019-10-07 00:00:00+00:00,19.3228,16.0255,-45.72795384932084,150.7787822273656,149.45971824342348,1.5942369945965171,channel_exit,14
BNBUSDT,1,2019-10-14 00:00:00+00:00,2019-10-23 00:00:00+00:00,18.4376,16.23219948219051,43.01755945040588,-94.87094788682566,-96.12783317805042,-1.0132483686441516,atr_stop,9
BNBUSDT,1,2019-10-25 00:00:00+00:00,2019-11-08 00:00:00+00:00,18.6188,19.646,41.18520039056128,42.30543784118457,40.84901383681323,0.43387167869922055,channel_exit,14
BNBUSDT,1,2019-11-12 00:00:00+00:00,2019-11-18 00:00:00+00:00,20.9798,18.947888502448123,46.486452217811106,-94.45635674176638,-96.04183294606183,-1.0167852779737203,atr_stop,6
BNBUSDT,-1,2019-11-18 00:00:00+00:00,2019-12-29 00:00:00+00:00,19.0817,14.104,-45.45361440392237,226.2544564184045,225.10051641880924,2.4014296873146934,channel_exit,41
BNBUSDT,1,2020-01-06 00:00:00+00:00,2020-01-25 00:00:00+00:00,14.9471,16.9555,68.69497522473772,137.96698824136323,135.87042446700175,1.4238556523525494,channel_exit,19
BNBUSDT,1,2020-01-30 00:00:00+00:00,2020-02-19 00:00:00+00:00,18.5555,22.3709,55.454924554181424,211.58271914402383,209.3496813149474,2.1707016136529815,channel_exit,20
BNBUSDT,-1,2020-02-26 00:00:00+00:00,2020-03-06 00:00:00+00:00,18.7441,21.3389,-31.072707601341065,-80.62746168395978,-81.82096500438143,-0.8374911344498259,channel_exit,9
BNBUSDT,-1,2020-03-08 00:00:00+00:00,2020-03-24 00:00:00+00:00,16.894,12.426,-30.132818263756352,134.63343200246334,133.95945728292156,1.379728903592725,channel_exit,16
BNBUSDT,1,2020-04-03 00:00:00+00:00,2020-05-10 00:00:00+00:00,13.3615,15.3506,33.35532002282162,66.34706705739451,65.42542354141833,0.6670208816847473,channel_exit,37
BNBUSDT,-1,2020-05-11 00:00:00+00:00,2020-05-19 00:00:00+00:00,15.0811,17.2098,-44.641524859392895,-95.02841396818975,-96.41130305433508,-0.9764828785116783,channel_exit,8
BNBUSDT,1,2020-05-30 00:00:00+00:00,2020-06-11 00:00:00+00:00,17.7277,15.958068368197104,55.37653080136209,-97.99606056559766,-99.58672500173674,-1.0162319222523675,atr_stop,12
BNBUSDT,-1,2020-06-18 00:00:00+00:00,2020-07-06 00:00:00+00:00,16.1608,16.311,-62.36804233693558,-9.367679959007829,-11.19879320841179,-0.11517906393015685,channel_exit,18
BNBUSDT,1,2020-07-07 00:00:00+00:00,2020-08-25 00:00:00+00:00,16.8048,21.3882,74.64070408529462,342.1082031045394,339.23462855172863,3.490304811311912,channel_exit,49
BNBUSDT,1,2020-08-30 00:00:00+00:00,2020-09-03 00:00:00+00:00,23.6208,21.273148360021388,42.312703923465165,-99.33548875785242,-100.95571272839197,-1.0163106256464811,atr_stop,4
BNBUSDT,-1,2020-09-03 00:00:00+00:00,2020-09-06 00:00:00+00:00,20.3592,23.40660902108533,-32.32904456676787,-98.51982205583805,-99.88190600699728,-1.0138254812355147,atr_stop,3
BNBUSDT,1,2020-09-11 00:00:00+00:00,2020-09-21 00:00:00+00:00,25.399,23.1232,24.89922473587327,-56.66565565390039,-57.70200521004297,-0.5903078448680582,channel_exit,10
BNBUSDT,1,2020-10-12 00:00:00+00:00,2020-10-30 00:00:00+00:00,30.6503,28.4909,25.249408954893198,-54.52357369719641,-55.818454791263754,-0.572905177295436,channel_exit,18
BNBUSDT,-1,2020-11-02 00:00:00+00:00,2020-11-17 00:00:00+00:00,27.7983,28.5552,-31.273690682591106,-23.67105647765315,-25.278504163576294,-0.2604057979807546,channel_exit,15
BNBUSDT,1,2020-11-21 00:00:00+00:00,2020-11-26 00:00:00+00:00,30.5161,27.732888277293412,34.8384372540552,-96.96274696626439,-98.70185384488437,-1.0179358251806239,atr_stop,5
BNBUSDT,-1,2020-12-08 00:00:00+00:00,2020-12-14 00:00:00+00:00,27.6705,30.0338,-27.07412409785618,-63.98427748046348,-65.44792737145784,-0.6809815543594309,channel_exit,6
BNBUSDT,1,2020-12-19 00:00:00+00:00,2021-03-19 00:00:00+00:00,33.3167,262.935,28.20284246946307,6475.888743005912,6462.540817113438,67.57985739731289,time_stop,90
BNBUSDT,1,2021-03-30 00:00:00+00:00,2021-05-12 00:00:00+00:00,311.2962,594.65,2.6973537844366393,764.3054447645026,761.4182781942551,5.475620452422422,channel_exit,43
BNBUSDT,-1,2021-05-17 00:00:00+00:00,2021-06-02 00:00:00+00:00,512.07,401.54,-1.2184301985227843,134.67308984272339,133.79244261127667,0.9300483463699878,channel_exit,16
BNBUSDT,-1,2021-06-21 00:00:00+00:00,2021-07-06 00:00:00+00:00,270.76,319.92,-1.5587022192945483,-76.62580110052004,-77.52338912571412,-0.5352648607872598,channel_exit,15
BNBUSDT,-1,2021-07-19 00:00:00+00:00,2021-07-26 00:00:00+00:00,280.54,304.0,-2.6316472770520587,-61.73844511964124,-63.17848250964413,-0.43806166346071496,channel_exit,7
BNBUSDT,1,2021-07-30 00:00:00+00:00,2021-09-07 00:00:00+00:00,322.58,418.7,3.036904061968766,291.9072184364378,289.61842532109443,2.0151161233740935,channel_exit,39
BNBUSDT,-1,2021-09-08 00:00:00+00:00,2021-09-30 00:00:00+00:00,415.0,387.5,-2.2154543589632247,60.92499487148868,59.37971545611183,0.4077945256208927,channel_exit,22
BNBUSDT,1,2021-10-05 00:00:00+00:00,2021-10-27 00:00:00+00:00,442.1,448.7,2.5237761414895226,16.656922533830762,14.618569495395334,0.10010513882480962,channel_exit,22
BNBUSDT,1,2021-10-29 00:00:00+00:00,2021-11-16 00:00:00+00:00,530.3,588.7,2.476674819639322,144.63780946693663,142.01337622755761,0.9716438213152762,channel_exit,18
BNBUSDT,-1,2021-12-10 00:00:00+00:00,2021-12-23 00:00:00+00:00,552.4,549.0,-1.7187771463174513,5.843842297479295,4.14534672148839,0.028146432643714234,channel_exit,13
BNBUSDT,-1,2021-12-29 00:00:00+00:00,2022-01-15 00:00:00+00:00,514.5,494.5,-2.2902644432120898,45.805288864241795,43.76672448333871,0.2971658460661869,channel_exit,17
BNBUSDT,-1,2022-01-21 00:00:00+00:00,2022-02-04 00:00:00+00:00,383.9,399.5,-2.3479935336555418,-36.62869912502651,-38.31714127507821,-0.2597601797187123,channel_exit,14
BNBUSDT,-1,2022-02-21 00:00:00+00:00,2022-03-01 00:00:00+00:00,356.6,408.4117431851901,-2.841108976113724,-147.20280863154264,-149.29142471666728,-1.0141886972438996,atr_stop,8
BNBUSDT,1,2022-03-23 00:00:00+00:00,2022-04-06 00:00:00+00:00,408.4,420.1,3.7292242334753802,43.63192353166212,40.811958750792705,0.2793900361135053,channel_exit,14
BNBUSDT,-1,2022-04-11 00:00:00+00:00,2022-05-22 00:00:00+00:00,394.6,319.4,-3.610061237232776,271.47660503990494,269.4011086333951,1.840420135801517,channel_exit,41
BNBUSDT,-1,2022-06-08 00:00:00+00:00,2022-06-24 00:00:00+00:00,288.5,240.2,-3.7137885759711544,179.3759882194068,177.7702945906999,1.1993612061311436,channel_exit,16
BNBUSDT,1,2022-07-07 00:00:00+00:00,2022-08-17 00:00:00+00:00,241.4,306.9,4.443630938221118,291.05782645348313,288.60307585059104,1.9303694798105102,channel_exit,41
BNBUSDT,-1,2022-08-19 00:00:00+00:00,2022-09-09 00:00:00+00:00,279.1,293.4,-4.847461834714259,-69.31870423641368,-71.87874578056298,-0.4738229281969016,channel_exit,21
BNBUSDT,1,2022-10-03 00:00:00+00:00,2022-10-08 00:00:00+00:00,286.9,276.4,6.456299517378402,-67.79114493247322,-71.00328306835932,-0.4698993733100842,channel_exit,5
BNBUSDT,-1,2022-10-12 00:00:00+00:00,2022-10-23 00:00:00+00:00,270.9,276.0,-7.246212058401683,-36.95568149784875,-40.55559964846271,-0.269341399819175,channel_exit,11
BNBUSDT,1,2022-10-26 00:00:00+00:00,2022-11-09 00:00:00+00:00,290.2,272.1073120217165,8.30444998097384,-150.24982233702198,-154.31728514887683,-1.0270713319229836,atr_stop,14
BNBUSDT,-1,2022-11-09 00:00:00+00:00,2022-11-10 00:00:00+00:00,267.3,308.39903777238527,-3.6294682694380938,-149.16765349930998,-151.18243763876617,-1.0135068434220929,atr_stop,1
BNBUSDT,-1,2022-11-20 00:00:00+00:00,2022-11-23 00:00:00+00:00,264.2,301.40426985752663,-3.978311577682529,-148.01017751342337,-150.16852168683025,-1.014582403789166,atr_stop,3
BNBUSDT,-1,2022-12-13 00:00:00+00:00,2023-01-04 00:00:00+00:00,272.2,258.9,-5.172573666923007,68.79522977007606,66.3847069898166,0.45198022332958837,channel_exit,22
BNBUSDT,1,2023-01-04 00:00:00+00:00,2023-02-09 00:00:00+00:00,258.9,306.2,7.150813010486229,338.2334553959987,334.29221329713914,2.269773792113027,channel_exit,36
BNBUSDT,-1,2023-02-13 00:00:00+00:00,2023-02-16 00:00:00+00:00,294.3,322.03414158146154,-5.401385359291214,-149.80278629061598,-152.93376118617002,-1.0209006452622313,atr_stop,3
BNBUSDT,-1,2023-03-03 00:00:00+00:00,2023-03-13 00:00:00+00:00,290.4,314.01138159730414,-6.295611146348294,-148.64807716467107,-152.20648556198665,-1.0239384757959138,atr_stop,10
BNBUSDT,1,2023-03-16 00:00:00+00:00,2023-03-27 00:00:00+00:00,329.4,310.6,5.485732734126817,-103.13177540158391,-106.19873885857953,-0.7201495480956565,channel_exit,11
BNBUSDT,1,2023-04-14 00:00:00+00:00,2023-04-20 00:00:00+00:00,328.9,318.1,7.333397666506231,-79.20069479826697,-83.3996516341551,-0.5673414868746419,channel_exit,6
BNBUSDT,-1,2023-05-08 00:00:00+00:00,2023-05-28 00:00:00+00:00,313.8,314.1,-7.084388271207509,-2.1253164813623333,-6.130687922137634,-0.041894111366272524,channel_exit,20
BNBUSDT,-1,2023-06-05 00:00:00+00:00,2023-06-20 00:00:00+00:00,276.9,247.7,-8.860207925084351,258.71807141246296,254.76765910698487,1.7420704547997927,channel_exit,15
BNBUSDT,-1,2023-06-28 00:00:00+00:00,2023-07-03 00:00:00+00:00,230.6,252.833413038038,-6.661080961622278,-148.0985642995595,-151.13002320084888,-1.0204691984397474,atr_stop,5
BNBUSDT,1,2023-07-13 00:00:00+00:00,2023-07-24 00:00:00+00:00,256.1,236.68427349499623,7.57004610632599,-146.97794483069427,-150.20302438409317,-1.0219426088527357,atr_stop,11
BNBUSDT,-1,2023-08-15 00:00:00+00:00,2023-08-29 00:00:00+00:00,236.7,226.9,-12.931417698189062,126.72789344225258,121.4464438259582,0.8320798692631606,channel_exit,14
BNBUSDT,-1,2023-09-11 00:00:00+00:00,2023-09-18 00:00:00+00:00,206.1,217.8320753423026,-12.506604583375102,-146.72842724854382,-151.6322385859317,-1.0334210038868699,atr_stop,7
BNBUSDT,1,2023-10-01 00:00:00+00:00,2023-10-09 00:00:00+00:00,218.2,208.29665756986336,14.701112461457637,-145.5901508097638,-151.10209746866832,-1.0378593375186949,atr_stop,8
BNBUSDT,-1,2023-10-09 00:00:00+00:00,2023-10-16 00:00:00+00:00,205.8,215.74049299444673,-14.531145482443259,-144.44674986951324,-150.08967155179465,-1.039065757363035,atr_stop,7
BNBUSDT,1,2023-10-22 00:00:00+00:00,2023-11-21 00:00:00+00:00,217.8,225.5,14.240556245600729,109.65228309112545,103.87204131103611,0.7247484530466357,channel_exit,30
BNBUSDT,-1,2023-11-21 00:00:00+00:00,2023-12-08 00:00:00+00:00,225.5,238.9,-6.257998507483118,-83.85718000027383,-86.54824451846171,-0.6019766869942018,channel_exit,17
BNBUSDT,1,2023-12-11 00:00:00+00:00,2024-01-06 00:00:00+00:00,246.4,307.5,7.776086443598006,475.1188817038381,470.8148178573066,3.2874982408588607,channel_exit,26
BNBUSDT,-1,2024-01-24 00:00:00+00:00,2024-02-08 00:00:00+00:00,293.1,320.3502336279698,-5.403965357115334,-147.25931849884813,-150.37540931525297,-1.0211605679570575,atr_stop,15
BNBUSDT,1,2024-02-08 00:00:00+00:00,2024-04-02 00:00:00+00:00,319.2,551.4,7.021036670363621,1630.2847148584328,1623.3161955423636,11.109739939818951,channel_exit,54
BNBUSDT,-1,2024-04-16 00:00:00+00:00,2024-04-22 00:00:00+00:00,537.6,607.8873729097795,-2.2495210303771374,-158.11292353050925,-160.5743433035395,-1.0155674799887897,atr_stop,6
BNBUSDT,1,2024-04-25 00:00:00+00:00,2024-05-01 00:00:00+00:00,613.2,549.730902657013,2.4720706562893944,-156.90009312277354,-159.34624566273854,-1.0155905104406209,atr_stop,6
BNBUSDT,1,2024-05-20 00:00:00+00:00,2024-05-30 00:00:00+00:00,599.6,595.1,3.3204508835995092,-14.942028976197792,-18.498829553691913,-0.118727848585075,channel_exit,10
BNBUSDT,1,2024-06-03 00:00:00+00:00,2024-06-13 00:00:00+00:00,626.4,599.8,3.8235055496806747,-101.70524762150603,-105.83325715316327,-0.6799816450983902,channel_exit,10
BNBUSDT,-1,2024-06-18 00:00:00+00:00,2024-07-14 00:00:00+00:00,588.6,544.8,-3.0844667118014835,135.0996419769052,132.0748905406442,0.853095180391284,channel_exit,26
BNBUSDT,1,2024-07-15 00:00:00+00:00,2024-08-02 00:00:00+00:00,585.3,542.9,3.092641128216562,-131.12798383638216,-134.15017459969795,-0.8609773052651271,channel_exit,18
BNBUSDT,-1,2024-08-03 00:00:00+00:00,2024-08-17 00:00:00+00:00,529.6,541.6,-3.325508781560503,-39.90610537872604,-43.148077379693746,-0.2787278057448207,channel_exit,14
BNBUSDT,1,2024-08-22 00:00:00+00:00,2024-08-27 00:00:00+00:00,582.9,530.6316789269407,2.9554764706957912,-154.47779309419965,-157.30067808921353,-1.018273726847538,atr_stop,5
BNBUSDT,-1,2024-09-01 00:00:00+00:00,2024-09-11 00:00:00+00:00,512.4,530.1,-3.133309316619196,-55.45957490415991,-58.44931598789161,-0.3812284565960217,channel_exit,10
BNBUSDT,1,2024-09-18 00:00:00+00:00,2024-09-30 00:00:00+00:00,559.5,567.4,3.338041103266997,26.370524715809204,22.961316576220554,0.15019173953071882,channel_exit,12
BNBUSDT,1,2024-10-20 00:00:00+00:00,2024-10-25 00:00:00+00:00,605.9,566.957140026012,3.9302930130086495,-153.0568504623392,-157.06780429735448,-1.026205647267008,atr_stop,5
BNBUSDT,1,2024-10-29 00:00:00+00:00,2024-11-01 00:00:00+00:00,606.3,568.3156536989828,3.9983838260110276,-151.87599589158867,-155.9662153036627,-1.0269313092438497,atr_stop,3
BNBUSDT,-1,2024-11-02 00:00:00+00:00,2024-11-07 00:00:00+00:00,568.6,606.0821299643428,-4.020522958904153,-150.6977640702695,-155.0839448835752,-1.02910581215565,atr_stop,5
BNBUSDT,1,2024-11-09 00:00:00+00:00,2024-11-19 00:00:00+00:00,624.66,615.5,3.570831499780963,-32.708816537993506,-36.664940756600835,-0.24517845367092464,channel_exit,10
BNBUSDT,1,2024-11-24 00:00:00+00:00,2024-11-26 00:00:00+00:00,659.65,602.648374893522,2.6174413561589103,-149.19841092196143,-152.0377251253643,-1.0190304587418695,atr_stop,2
BNBUSDT,1,2024-12-03 00:00:00+00:00,2024-12-09 00:00:00+00:00,734.64,665.4901408758076,2.1409227092569187,-148.04450374090027,-150.60907706059794,-1.017322989066761,atr_stop,6
BNBUSDT,1,2025-01-06 00:00:00+00:00,2025-01-09 00:00:00+00:00,729.42,685.48,2.324047019965232,-102.11862605727215,-104.98618400951453,-0.7148790141116531,channel_exit,3
BNBUSDT,-1,2025-01-19 00:00:00+00:00,2025-02-12 00:00:00+00:00,683.19,696.93,-2.5735049582470326,-35.35995812631396,-38.58835318530595,-0.2641378795628556,channel_exit,24
BNBUSDT,1,2025-02-12 00:00:00+00:00,2025-02-24 00:00:00+00:00,696.93,626.0602642237329,2.05734515355456,-145.80350743299516,-148.12194712377598,-1.015901124270596,atr_stop,12
BNBUSDT,-1,2025-02-28 00:00:00+00:00,2025-03-15 00:00:00+00:00,588.07,619.83,-2.0714984029321424,-65.79078927712483,-68.1019476162858,-0.47053250663476953,channel_exit,15
BNBUSDT,1,2025-03-17 00:00:00+00:00,2025-03-29 00:00:00+00:00,631.69,602.99,2.059145388199124,-59.09747264131495,-61.33243198104929,-0.42531264134769253,channel_exit,12
BNBUSDT,-1,2025-04-06 00:00:00+00:00,2025-04-21 00:00:00+00:00,555.54,597.34,-2.678917042499155,-111.97873237646486,-114.85913612756447,-0.79868428057327,channel_exit,15
BNBUSDT,1,2025-04-22 00:00:00+00:00,2025-05-03 00:00:00+00:00,618.51,599.36,3.361660934607633,-64.3758068977361,-68.00252807371567,-0.4757969344785956,channel_exit,11
BNBUSDT,1,2025-05-08 00:00:00+00:00,2025-06-05 00:00:00+00:00,629.17,633.32,4.251974065724036,17.645692372755136,12.798543985207312,0.08985715697892269,channel_exit,28
BNBUSDT,-1,2025-06-05 00:00:00+00:00,2025-06-10 00:00:00+00:00,633.32,673.51,-3.4835222203229304,-140.00275803477837,-144.22589472587583,-1.0119221977973467,channel_exit,5
BNBUSDT,-1,2025-06-21 00:00:00+00:00,2025-06-28 00:00:00+00:00,628.97,648.6,-3.977146618936762,-78.07138812972862,-82.71462726440491,-0.5848291231020224,channel_exit,7
BNBUSDT,1,2025-07-02 00:00:00+00:00,2025-08-01 00:00:00+00:00,659.71,757.08,4.370208268482844,425.5271791021745,419.5717040055491,2.9797951900104285,channel_exit,30
BNBUSDT,1,2025-08-13 00:00:00+00:00,2025-10-17 00:00:00+00:00,848.01,1071.15,2.5155327066333246,561.3159681581603,556.4658450124819,3.867287866821499,channel_exit,65
BNBUSDT,-1,2025-11-03 00:00:00+00:00,2025-12-03 00:00:00+00:00,993.54,920.76,-1.0864317464074722,79.07050250353579,77.26988529285593,0.5221060938165156,channel_exit,30
BNBUSDT,-1,2025-12-25 00:00:00+00:00,2025-12-28 00:00:00+00:00,829.64,859.32,-2.089626213578728,-62.02010601901678,-65.25228969515123,-0.4391695986501145,channel_exit,3
BNBUSDT,1,2026-01-04 00:00:00+00:00,2026-01-20 00:00:00+00:00,895.43,884.2,2.4666818262842463,-27.70083690917185,-31.626709036612805,-0.21355737549873754,channel_exit,16
BNBUSDT,-1,2026-01-25 00:00:00+00:00,2026-02-25 00:00:00+00:00,866.02,629.42,-2.730496411776082,646.0354510262212,642.941918733521,4.349241945356686,channel_exit,31
BNBUSDT,1,2026-03-02 00:00:00+00:00,2026-03-08 00:00:00+00:00,637.79,611.98,2.350420207780099,-60.66434556280423,-63.253483848567306,-0.4143514230083375,channel_exit,6
BNBUSDT,1,2026-03-15 00:00:00+00:00,2026-03-21 00:00:00+00:00,673.77,630.7,2.8025346469432293,-120.70516724384471,-123.88677272713349,-0.8140686952077626,channel_exit,6
BNBUSDT,-1,2026-03-28 00:00:00+00:00,2026-04-07 00:00:00+00:00,611.08,620.1,-3.208949196942865,-28.944721756424585,-32.52648667106827,-0.21504242036710158,channel_exit,10
BNBUSDT,1,2026-04-16 00:00:00+00:00,2026-04-30 00:00:00+00:00,635.77,615.38,3.69450873909413,-75.33103319012926,-79.423381408284,-0.525933637325583,channel_exit,14
BNBUSDT,1,2026-05-06 00:00:00+00:00,2026-05-18 00:00:00+00:00,647.74,643.53,4.398618387693024,-18.518183412187792,-23.613340616045555,-0.15699679836162658,channel_exit,12
AVAXUSDT,-1,2020-10-29 00:00:00+00:00,2020-11-13 00:00:00+00:00,3.7758,3.6745,-37.72729358541717,3.821774840202749,3.5722427476994416,0.03810392264212737,channel_exit,15
AVAXUSDT,1,2020-11-21 00:00:00+00:00,2020-11-26 00:00:00+00:00,4.0281,3.5447,77.71950897155432,-37.56961063684936,-38.06549685506201,-0.4058987371739713,channel_exit,5
AVAXUSDT,-1,2020-12-07 00:00:00+00:00,2020-12-18 00:00:00+00:00,3.3895,3.4081,-104.9461380805546,-1.9519981682983336,-2.5957986480445423,-0.02776816717574222,channel_exit,11
AVAXUSDT,-1,2020-12-21 00:00:00+00:00,2020-12-31 00:00:00+00:00,3.0892,3.1859,-126.15962007246547,-12.19963526100744,-12.923112741467403,-0.13827795445561364,channel_exit,10
AVAXUSDT,1,2021-01-01 00:00:00+00:00,2021-01-27 00:00:00+00:00,3.6497,11.158,126.30075769136126,948.3039789740476,945.7673040362712,10.12925648508694,channel_exit,26
AVAXUSDT,1,2021-01-31 00:00:00+00:00,2021-02-20 00:00:00+00:00,13.4704,35.9985,35.50766723212084,799.9202781719415,797.6194772060016,7.912204961365328,channel_exit,20
AVAXUSDT,-1,2021-02-28 00:00:00+00:00,2021-03-09 00:00:00+00:00,23.9566,34.314,-9.356673062697448,-96.91080557958253,-97.48872236263465,-0.9177443730434185,channel_exit,9
AVAXUSDT,-1,2021-04-19 00:00:00+00:00,2021-04-30 00:00:00+00:00,26.1827,32.8,-12.05964985904895,-79.80232101228458,-80.51432273996284,-0.7630156469240421,channel_exit,11
AVAXUSDT,1,2021-05-06 00:00:00+00:00,2021-05-19 00:00:00+00:00,38.003,29.04646349226325,11.715475791555438,-104.93008663257238,-105.54261428434542,-1.0058374835228898,atr_stop,13
AVAXUSDT,-1,2021-05-19 00:00:00+00:00,2021-07-04 00:00:00+00:00,23.052,12.345,-8.547033160757303,91.51308405222844,91.32316042836325,0.8771631300802544,channel_exit,46
AVAXUSDT,-1,2021-07-18 00:00:00+00:00,2021-07-26 00:00:00+00:00,10.69,11.46,-34.74323750272968,-26.752292877101898,-27.468976380308206,-0.2621268520897682,channel_exit,8
AVAXUSDT,1,2021-07-30 00:00:00+00:00,2021-08-31 00:00:00+00:00,12.978,39.5,42.63795378945882,1130.8438104040267,1127.8122518895962,10.783043613418242,channel_exit,32
AVAXUSDT,1,2021-09-11 00:00:00+00:00,2021-10-06 00:00:00+00:00,57.02,60.01,8.599754834077078,25.71326695389042,24.784338636223083,0.2198308503620215,channel_exit,25
AVAXUSDT,-1,2021-10-10 00:00:00+00:00,2021-10-20 00:00:00+00:00,56.51,59.66,-7.869053296810094,-24.787517884951786,-25.632559780389627,-0.2270559751779818,channel_exit,10
AVAXUSDT,1,2021-10-25 00:00:00+00:00,2021-10-27 00:00:00+00:00,69.73,57.86344977566969,9.499469639225676,-112.72593357837243,-113.71534333022913,-1.0087771262605585,atr_stop,2
AVAXUSDT,1,2021-11-03 00:00:00+00:00,2021-12-04 00:00:00+00:00,75.55,93.05,9.691537617791862,169.6019083113576,167.97867267575364,1.5016822123776432,channel_exit,31
AVAXUSDT,-1,2021-12-04 00:00:00+00:00,2021-12-15 00:00:00+00:00,93.05,101.24,-4.35224927111551,-35.644921530436015,-36.438040619609936,-0.32242582347805515,channel_exit,11
AVAXUSDT,1,2021-12-21 00:00:00+00:00,2021-12-28 00:00:00+00:00,123.24,107.06,4.419151103641041,-71.50186485691201,-72.35347062779246,-0.6417296450311792,channel_exit,7
AVAXUSDT,-1,2022-01-05 00:00:00+00:00,2022-02-01 00:00:00+00:00,97.42,73.33,-5.208700053717809,125.47758429406204,124.79006713917161,1.1122412254566283,channel_exit,27
AVAXUSDT,1,2022-02-08 00:00:00+00:00,2022-02-20 00:00:00+00:00,86.34,77.37,6.763857315162359,-60.671800117006356,-61.61377546985976,-0.5445626601504624,channel_exit,12
AVAXUSDT,-1,2022-03-13 00:00:00+00:00,2022-03-17 00:00:00+00:00,67.94,79.4,-7.323157037847456,-83.9233796537319,-84.97000525758106,-0.7541299140696381,channel_exit,4
AVAXUSDT,1,2022-03-19 00:00:00+00:00,2022-04-06 00:00:00+00:00,89.53,82.94,7.325284198108765,-48.27362286553679,-49.36722919404084,-0.4406308370573414,channel_exit,18
AVAXUSDT,-1,2022-04-10 00:00:00+00:00,2022-06-24 00:00:00+00:00,81.01,20.47,-7.854653902885539,475.52074728069056,475.23133470298484,4.25652673387247,channel_exit,75
AVAXUSDT,1,2022-07-16 00:00:00+00:00,2022-08-17 00:00:00+00:00,21.25,25.55,25.338711494838922,108.95645942780739,107.79113208615975,0.9358055941468456,channel_exit,32
AVAXUSDT,-1,2022-08-19 00:00:00+00:00,2022-09-09 00:00:00+00:00,22.44,20.38,-26.090248471535574,53.74591185136334,52.788817176433525,0.4551959360004003,channel_exit,21
AVAXUSDT,-1,2022-09-16 00:00:00+00:00,2022-10-23 00:00:00+00:00,18.05,16.31,-36.71595385358096,63.885759705230946,62.807852731997514,0.5398877909281915,channel_exit,37
AVAXUSDT,1,2022-10-28 00:00:00+00:00,2022-11-08 00:00:00+00:00,18.33,16.468739862931557,62.7366485874965,-116.76922314917839,-118.62897153100573,-1.0159266999614396,atr_stop,11
AVAXUSDT,-1,2022-11-09 00:00:00+00:00,2022-11-10 00:00:00+00:00,12.91,15.579046509047672,-43.41979230287997,-115.88944506957674,-117.1070352042363,-1.0105064799812318,atr_stop,1
AVAXUSDT,-1,2022-11-17 00:00:00+00:00,2022-11-30 00:00:00+00:00,12.87,13.15,-43.042440854033785,-12.051883439129508,-13.070698014144488,-0.11367662011078528,channel_exit,13
AVAXUSDT,1,2022-12-02 00:00:00+00:00,2022-12-16 00:00:00+00:00,13.58,11.604811501574684,58.14966236849968,-114.85654429757601,-116.07121286477597,-1.0105755277126651,atr_stop,14
AVAXUSDT,-1,2022-12-16 00:00:00+00:00,2023-01-04 00:00:00+00:00,11.84,12.08,-63.471236922344836,-15.233096861362775,-16.61321543700224,-0.14574274359204734,channel_exit,19
AVAXUSDT,1,2023-01-08 00:00:00+00:00,2023-02-06 00:00:00+00:00,12.09,19.58,96.44685879093262,722.3869723440852,718.9877992528575,6.314734904834311,channel_exit,29
AVAXUSDT,-1,2023-02-28 00:00:00+00:00,2023-03-14 00:00:00+00:00,17.09,17.15,-43.96686505897391,-2.6380119035383784,-3.995269027908903,-0.03354417924451256,channel_exit,14
AVAXUSDT,1,2023-03-31 00:00:00+00:00,2023-04-21 00:00:00+00:00,17.7,16.94,51.3196467261159,-39.00293151184798,-40.56777017982071,-0.3406699787317012,channel_exit,21
AVAXUSDT,-1,2023-04-21 00:00:00+00:00,2023-05-28 00:00:00+00:00,16.94,14.89,-52.055329738485064,106.71342596389442,105.31823901624355,0.887081692405422,channel_exit,37
AVAXUSDT,-1,2023-06-05 00:00:00+00:00,2023-06-20 00:00:00+00:00,13.87,12.12,-90.086871582532,157.652025269431,155.6866900789865,1.3024175143862982,channel_exit,15
AVAXUSDT,1,2023-07-08 00:00:00+00:00,2023-07-24 00:00:00+00:00,13.64,13.11,85.08089751316857,-45.092875681979436,-47.10061470149519,-0.39032071569937843,channel_exit,16
AVAXUSDT,-1,2023-07-31 00:00:00+00:00,2023-09-28 00:00:00+00:00,12.82,9.27,-92.54302831929512,328.52775053349774,326.98357756296195,2.718424372675143,channel_exit,59
AVAXUSDT,1,2023-10-01 00:00:00+00:00,2023-10-11 00:00:00+00:00,9.75,9.3,164.96260042862545,-74.23317019288133,-76.99464412405652,-0.627541760920012,channel_exit,10
AVAXUSDT,-1,2023-10-18 00:00:00+00:00,2023-10-21 00:00:00+00:00,8.91,9.63,-130.55255226946431,-93.99783763401439,-96.26083557505328,-0.7883976524488969,channel_exit,3
AVAXUSDT,1,2023-10-26 00:00:00+00:00,2023-12-30 00:00:00+00:00,11.05,39.33,113.71851640599259,3215.95964396147,3207.9090553110245,26.42930466978999,channel_exit,65
AVAXUSDT,-1,2024-01-03 00:00:00+00:00,2024-01-28 00:00:00+00:00,36.8,34.82,-18.479589224571196,36.58958666465091,35.43135993041169,0.24505570362731327,channel_exit,25
AVAXUSDT,1,2024-02-02 00:00:00+00:00,2024-02-20 00:00:00+00:00,36.76,38.49,24.777424283877085,42.864944011107454,41.14831450187188,0.28400546245111497,channel_exit,18
AVAXUSDT,1,2024-03-01 00:00:00+00:00,2024-03-05 00:00:00+00:00,42.67,37.435819141455404,27.729169548097925,-145.1394884719919,-147.00800398905352,-1.012873929326423,atr_stop,4
AVAXUSDT,1,2024-03-11 00:00:00+00:00,2024-03-29 00:00:00+00:00,49.09,53.33,21.45770577230661,90.98067247457992,88.92086146667312,0.6177182066965675,channel_exit,18
AVAXUSDT,-1,2024-04-01 00:00:00+00:00,2024-05-04 00:00:00+00:00,51.38,37.36,-16.298045839825843,228.49860267435838,227.40259168772178,1.5741280701177334,channel_exit,33
AVAXUSDT,-1,2024-05-13 00:00:00+00:00,2024-05-17 00:00:00+00:00,32.46,36.43,-25.471127481022812,-101.12037609966053,-102.79061981310112,-0.7030873201483758,channel_exit,4
AVAXUSDT,1,2024-05-20 00:00:00+00:00,2024-05-30 00:00:00+00:00,40.13,35.98,25.67006655312165,-106.53077619545499,-108.19327238570136,-0.7439309416280686,channel_exit,10
AVAXUSDT,-1,2024-06-07 00:00:00+00:00,2024-06-28 00:00:00+00:00,33.51,27.96,-30.656862618627983,170.14558753338522,168.60268895151492,1.1659975815268337,channel_exit,21
AVAXUSDT,-1,2024-07-04 00:00:00+00:00,2024-07-15 00:00:00+00:00,24.44,27.82,-36.335126148255746,-122.81272638110438,-124.63224415810444,-0.8542706023607876,channel_exit,11
AVAXUSDT,1,2024-07-21 00:00:00+00:00,2024-07-24 00:00:00+00:00,32.64,28.610328053323496,35.97348784712016,-144.9613548016483,-146.81393872099935,-1.0127798468901312,atr_stop,3
AVAXUSDT,-1,2024-08-02 00:00:00+00:00,2024-08-20 00:00:00+00:00,23.6,22.26,-36.51079172988152,48.92446091804123,47.46154651500834,0.3299212682163056,channel_exit,18
AVAXUSDT,1,2024-08-22 00:00:00+00:00,2024-08-31 00:00:00+00:00,25.22,22.81,42.25101274389902,-101.82494071279665,-103.55968279403565,-0.7183437849638938,channel_exit,9
AVAXUSDT,1,2024-09-19 00:00:00+00:00,2024-10-01 00:00:00+00:00,26.66,25.82,46.49337785727839,-39.05443740011384,-41.21526362940871,-0.287427260271712,channel_exit,12
AVAXUSDT,-1,2024-10-25 00:00:00+00:00,2024-11-06 00:00:00+00:00,24.93,27.01,-46.150176715386195,-95.99236756800337,-98.23609685955202,-0.6866599489237675,channel_exit,12
AVAXUSDT,1,2024-11-09 00:00:00+00:00,2024-12-10 00:00:00+00:00,30.36,44.6,45.171505349879425,643.2422361822831,639.6158677327949,4.494577607737531,channel_exit,31
AVAXUSDT,-1,2024-12-19 00:00:00+00:00,2025-01-03 00:00:00+00:00,38.83,41.94,-16.877374078159896,-52.488633383077264,-53.76274010698571,-0.36612810144242136,channel_exit,15
AVAXUSDT,-1,2025-01-13 00:00:00+00:00,2025-01-17 00:00:00+00:00,35.29,41.38,-21.722685676510647,-132.2911557699499,-133.90914828987914,-0.9143543215367551,channel_exit,4
AVAXUSDT,-1,2025-01-27 00:00:00+00:00,2025-03-19 00:00:00+00:00,34.2,19.74,-23.182808469974827,335.2234104758361,334.39967892528097,2.2990043282008004,channel_exit,51
AVAXUSDT,1,2025-03-25 00:00:00+00:00,2025-03-30 00:00:00+00:00,22.9,19.131107869543342,39.25591764703511,-147.95131909376522,-149.30313564480724,-1.0091369009706854,atr_stop,5
AVAXUSDT,-1,2025-04-02 00:00:00+00:00,2025-04-12 00:00:00+00:00,17.99,20.49,-42.55967765797664,-106.3991941449416,-107.9688801763231,-0.735293537455525,channel_exit,10
AVAXUSDT,1,2025-04-22 00:00:00+00:00,2025-05-03 00:00:00+00:00,22.11,20.52,46.701268955694516,-74.25501763955427,-75.9799757097018,-0.5203757634519935,channel_exit,11
AVAXUSDT,1,2025-05-09 00:00:00+00:00,2025-05-30 00:00:00+00:00,23.27,20.44429871925529,51.4694171285363,-145.43719789928872,-147.33125894891586,-1.0130232229236067,atr_stop,21
AVAXUSDT,-1,2025-05-30 00:00:00+00:00,2025-06-09 00:00:00+00:00,20.56,21.95,-43.41717191579454,-60.34986896295444,-62.06528142534748,-0.43008225169249803,channel_exit,10
AVAXUSDT,-1,2025-06-17 00:00:00+00:00,2025-06-29 00:00:00+00:00,18.58,18.73,-50.120139374931796,-7.518020906239876,-9.207771285126327,-0.06401387239837947,channel_exit,12
AVAXUSDT,1,2025-07-09 00:00:00+00:00,2025-07-30 00:00:00+00:00,19.5,23.31,61.054503406261475,232.61765797785614,230.05593312393623,1.6001409209656472,channel_exit,21
AVAXUSDT,-1,2025-08-02 00:00:00+00:00,2025-08-09 00:00:00+00:00,20.86,23.98921421788718,-46.47714656553741,-145.43694783970605,-147.4438582450603,-1.0137991785111318,atr_stop,7
AVAXUSDT,1,2025-08-23 00:00:00+00:00,2025-09-01 00:00:00+00:00,26.26,22.934464555579364,43.40448777887408,-144.34316255556814,-146.13498819129995,-1.0124136509413253,atr_stop,9
AVAXUSDT,1,2025-09-10 00:00:00+00:00,2025-09-25 00:00:00+00:00,29.48,28.64,45.865273952879924,-38.52683012041913,-40.89127672323799,-0.28548662983845136,channel_exit,15
AVAXUSDT,-1,2025-10-07 00:00:00+00:00,2025-11-27 00:00:00+00:00,27.93,15.02,-36.221104805932505,467.61446304458866,466.6351892550555,3.2654315851534004,channel_exit,51
AVAXUSDT,-1,2025-12-01 00:00:00+00:00,2025-12-27 00:00:00+00:00,12.76,12.69,-62.06841494961165,4.344789046472833,2.927022312193804,0.020000222084398132,channel_exit,26
AVAXUSDT,1,2026-01-01 00:00:00+00:00,2026-01-12 00:00:00+00:00,13.59,13.53,90.72022851096338,-5.443213710657848,-7.6526141558138505,-0.052289785889631936,channel_exit,11
AVAXUSDT,1,2026-01-13 00:00:00+00:00,2026-01-16 00:00:00+00:00,14.75,13.211329209680166,95.074052476843,-146.2876674634534,-148.54856575527936,-1.0154551530626517,atr_stop,3
AVAXUSDT,-1,2026-01-20 00:00:00+00:00,2026-02-25 00:00:00+00:00,12.09,9.51,-94.81707289947028,244.6280480806333,243.00496942674016,1.6739208295505845,channel_exit,36
AVAXUSDT,1,2026-03-10 00:00:00+00:00,2026-03-21 00:00:00+00:00,9.53,9.21,121.93323212792752,-39.018634280936624,-41.040043403153405,-0.2792860864774248,channel_exit,11
AVAXUSDT,-1,2026-03-27 00:00:00+00:00,2026-04-07 00:00:00+00:00,8.79,9.43,-137.75010607342062,-88.16006788698928,-90.49823818747953,-0.6171737097551824,channel_exit,11
AVAXUSDT,1,2026-04-16 00:00:00+00:00,2026-04-19 00:00:00+00:00,9.73,9.0,136.51915561898844,-99.65898360186162,-101.87059392288923,-0.6979672820895745,channel_exit,3
AVAXUSDT,1,2026-05-08 00:00:00+00:00,2026-05-16 00:00:00+00:00,9.91,9.29,178.63931371643653,-110.75637450419083,-113.74358110815709,-0.7834148598018206,channel_exit,8
LINKUSDT,1,2019-09-21 00:00:00+00:00,2019-09-24 00:00:00+00:00,1.8855,1.660311406938488,416.3177127466289,-93.75,-94.99419068529079,-1.0132713673097684,atr_stop,3
LINKUSDT,1,2019-10-02 00:00:00+00:00,2019-10-18 00:00:00+00:00,2.011,2.3546,321.9001230656396,110.60488228535374,109.2405794317671,1.1741558863249673,channel_exit,16
LINKUSDT,1,2019-10-25 00:00:00+00:00,2019-11-19 00:00:00+00:00,2.8374,2.7255,218.69692081846947,-24.472185439586806,-25.545090663430134,-0.2721707710278289,channel_exit,25
LINKUSDT,-1,2019-11-21 00:00:00+00:00,2019-12-10 00:00:00+00:00,2.5456,2.2657,-253.7132777154738,71.01434643256113,69.97963772058522,0.7471247922453634,channel_exit,19
LINKUSDT,-1,2019-12-14 00:00:00+00:00,2020-01-06 00:00:00+00:00,1.9946,1.9374,-289.7196745027661,16.571965381558197,15.561620166271211,0.16521501736068986,channel_exit,23
LINKUSDT,1,2020-01-06 00:00:00+00:00,2020-02-24 00:00:00+00:00,1.9374,3.9148,375.21710833391893,741.9543100194913,739.3102901352212,7.839414971724264,channel_exit,49
LINKUSDT,1,2020-03-03 00:00:00+00:00,2020-03-09 00:00:00+00:00,4.5846,3.7800604258858015,123.16799313024055,-99.09352473750425,-99.93157315932557,-1.0084571461560305,atr_stop,6
LINKUSDT,-1,2020-03-12 00:00:00+00:00,2020-03-24 00:00:00+00:00,1.9931,2.3104,-83.15960844254458,-26.38654375881939,-26.73238128564157,-0.2717405516027857,channel_exit,12
LINKUSDT,1,2020-04-04 00:00:00+00:00,2020-05-06 00:00:00+00:00,2.3155,3.5872,134.17555362742243,170.6310515479931,169.764685365243,1.7295414252835828,channel_exit,32
LINKUSDT,1,2020-05-09 00:00:00+00:00,2020-05-11 00:00:00+00:00,4.015,3.443371760956738,173.94065187071556,-99.42938852689414,-100.5074847186154,-1.0108428323626837,atr_stop,2
LINKUSDT,1,2020-05-20 00:00:00+00:00,2020-06-11 00:00:00+00:00,4.0866,3.9565,186.03165423839474,-24.202718216415093,-25.52757984840467,-0.25871429774187676,channel_exit,22
LINKUSDT,1,2020-06-23 00:00:00+00:00,2020-06-27 00:00:00+00:00,4.8051,4.32625832157619,205.5242140396595,-98.41355960748504,-100.01403112177911,-1.0162627133971927,atr_stop,4
LINKUSDT,1,2020-07-04 00:00:00+00:00,2020-07-27 00:00:00+00:00,4.82,7.1,200.48948061664672,457.11601580595436,454.5537602436736,4.6542871451447585,channel_exit,23
LINKUSDT,1,2020-08-03 00:00:00+00:00,2020-09-03 00:00:00+00:00,9.2502,11.8895,73.67403547778754,194.4478818365247,192.871176435861,1.9071948989787557,channel_exit,31
LINKUSDT,-1,2020-09-03 00:00:00+00:00,2020-10-09 00:00:00+00:00,11.8895,10.3959,-28.352764770574925,42.34768946133073,41.81713494822957,0.4085103523273184,channel_exit,36
LINKUSDT,1,2020-10-11 00:00:00+00:00,2020-10-20 00:00:00+00:00,10.8515,9.8589,43.78051821694882,-43.456542382143375,-44.23347233403172,-0.4308329971007391,channel_exit,9
LINKUSDT,1,2020-10-22 00:00:00+00:00,2020-11-02 00:00:00+00:00,11.9539,10.7814,48.611384579889844,-56.9968484199209,-57.94022622699823,-0.5661749134637108,channel_exit,11
LINKUSDT,1,2020-11-08 00:00:00+00:00,2020-11-26 00:00:00+00:00,12.71,12.603,47.315318546513105,-5.062739084476954,-6.136106011832022,-0.060221604403914275,channel_exit,18
LINKUSDT,-1,2020-12-08 00:00:00+00:00,2020-12-17 00:00:00+00:00,12.1356,14.430275554503986,-44.33786432019393,-101.74101339446348,-102.89266707381297,-1.0113194634191855,atr_stop,9
LINKUSDT,-1,2020-12-23 00:00:00+00:00,2021-01-03 00:00:00+00:00,10.9736,13.453708440793386,-40.722265214773,-100.99563368738546,-101.98179155723226,-1.009764361426745,atr_stop,11
LINKUSDT,1,2021-01-03 00:00:00+00:00,2021-02-23 00:00:00+00:00,13.6814,25.9249,37.45118748741332,458.53361400214504,456.78596107925864,4.5558719449653715,channel_exit,51
LINKUSDT,-1,2021-02-25 00:00:00+00:00,2021-03-08 00:00:00+00:00,24.7144,31.8469,-13.371422328719317,-95.37166975959053,-96.13817878915941,-0.9379209286289583,channel_exit,11
LINKUSDT,-1,2021-03-22 00:00:00+00:00,2021-03-31 00:00:00+00:00,27.2431,29.4167,-17.737099564100834,-38.55335961252958,-39.492540098674695,-0.38793083221225116,channel_exit,9
LINKUSDT,1,2021-04-02 00:00:00+00:00,2021-04-24 00:00:00+00:00,32.4864,31.2443,19.525600533924813,-24.25274842318809,-25.350863120559882,-0.2496200480223961,channel_exit,22
LINKUSDT,1,2021-05-04 00:00:00+00:00,2021-05-15 00:00:00+00:00,45.527,41.492,12.273137473071557,-49.52210970384378,-50.43873633990261,-0.4993474489919564,channel_exit,11
LINKUSDT,-1,2021-05-19 00:00:00+00:00,2021-07-06 00:00:00+00:00,26.227,20.073,-8.062753080213461,49.618182455633644,49.32686389899122,0.49051205613519927,channel_exit,48
LINKUSDT,-1,2021-07-15 00:00:00+00:00,2021-07-25 00:00:00+00:00,15.764,16.746,-21.536662905420503,-21.14900297312292,-21.79817829574843,-0.21592669122852512,channel_exit,10
LINKUSDT,1,2021-07-30 00:00:00+00:00,2021-08-26 00:00:00+00:00,22.269,24.39,25.523059581668516,54.13440937271898,53.013896010964565,0.525958673551977,channel_exit,27
LINKUSDT,1,2021-09-01 00:00:00+00:00,2021-09-07 00:00:00+00:00,29.72,25.21280421750139,22.433077093552274,-101.11027046452497,-102.1283518698855,-1.0100690206908083,atr_stop,6
LINKUSDT,-1,2021-09-20 00:00:00+00:00,2021-10-01 00:00:00+00:00,23.57,26.31,-16.699904713667895,-45.757738915450005,-46.54861300287989,-0.46412679310477956,channel_exit,11
LINKUSDT,1,2021-10-21 00:00:00+00:00,2021-11-15 00:00:00+00:00,28.26,32.04,22.939830382824617,86.71255884707699,85.38957294923873,0.8542920569223189,channel_exit,25
LINKUSDT,-1,2021-11-18 00:00:00+00:00,2021-12-23 00:00:00+00:00,26.55,22.17,-19.26149120576997,84.36533148127245,83.59668241321499,0.8319496858193355,channel_exit,35
LINKUSDT,1,2021-12-26 00:00:00+00:00,2022-01-17 00:00:00+00:00,22.98,23.79,23.54391572627047,19.07057173827905,18.062374179048696,0.17857303744631187,channel_exit,22
LINKUSDT,-1,2022-01-21 00:00:00+00:00,2022-02-06 00:00:00+00:00,17.42,18.07,-21.055827636712802,-13.686287963863291,-14.371149813575013,-0.14192784633493444,channel_exit,16
LINKUSDT,-1,2022-02-17 00:00:00+00:00,2022-03-16 00:00:00+00:00,15.59,14.66,-30.04625995679624,27.943021759820496,27.150161052080556,0.2683969825209614,channel_exit,27
LINKUSDT,1,2022-03-22 00:00:00+00:00,2022-04-06 00:00:00+00:00,15.43,15.41,44.63799864950868,-0.8927599729901546,-2.1309287795302265,-0.021019419572638257,channel_exit,15
LINKUSDT,-1,2022-04-11 00:00:00+00:00,2022-05-30 00:00:00+00:00,13.76,7.46,-47.32638921216786,298.1562520366575,297.52075328231655,2.9359260667747025,channel_exit,49
LINKUSDT,1,2022-06-06 00:00:00+00:00,2022-06-12 00:00:00+00:00,7.97,6.392261278875118,65.65993737460668,-103.59422562255178,-104.34971347800729,-1.0072927602954256,atr_stop,6
LINKUSDT,-1,2022-06-12 00:00:00+00:00,2022-07-07 00:00:00+00:00,6.27,6.64,-56.47650538926968,-20.89630699402979,-21.57131418644234,-0.20981162642087553,channel_exit,25
LINKUSDT,-1,2022-07-11 00:00:00+00:00,2022-07-18 00:00:00+00:00,6.04,7.037,-80.30534449804937,-80.0644284645552,-81.0816241411742,-0.7898696592279191,channel_exit,7
LINKUSDT,1,2022-07-18 00:00:00+00:00,2022-07-26 00:00:00+00:00,7.037,6.341,86.66809617077449,-60.32099493485902,-61.31020725093301,-0.6007836587324713,channel_exit,8
LINKUSDT,1,2022-07-29 00:00:00+00:00,2022-08-17 00:00:00+00:00,7.883,8.061,84.98823879186146,15.127906504951335,13.894744157729184,0.1367849187143151,channel_exit,19
LINKUSDT,-1,2022-08-19 00:00:00+00:00,2022-09-04 00:00:00+00:00,6.899,7.156,-83.5480652045115,-21.47185275755943,-22.5480186758457,-0.22179901351616438,channel_exit,16
LINKUSDT,1,2022-09-08 00:00:00+00:00,2022-09-20 00:00:00+00:00,7.406,6.883,96.15647129998302,-50.28983448989109,-51.4811554754151,-0.5072753217189208,channel_exit,12
LINKUSDT,-1,2022-10-13 00:00:00+00:00,2022-10-29 00:00:00+00:00,7.027,7.636,-105.59642884207196,-64.30822516482182,-65.75962695997033,-0.6505038872297596,channel_exit,16
LINKUSDT,1,2022-10-29 00:00:00+00:00,2022-11-08 00:00:00+00:00,7.636,6.795636534889354,119.72216422953296,-100.61013278247616,-102.07459174636979,-1.0145557800530873,atr_stop,10
LINKUSDT,-1,2022-11-09 00:00:00+00:00,2022-11-22 00:00:00+00:00,6.231,6.422,-68.36727174081858,-13.058148902496338,-13.848447216911504,-0.1387276743980147,channel_exit,13
LINKUSDT,1,2022-11-29 00:00:00+00:00,2022-12-07 00:00:00+00:00,7.318,6.881,83.12418172034324,-36.325267411789945,-37.354826901741774,-0.37456641733770524,channel_exit,8
LINKUSDT,-1,2022-12-15 00:00:00+00:00,2022-12-26 00:00:00+00:00,6.456,6.048,-108.09303749987963,44.10195929995093,42.92521525651224,0.4316488806197057,channel_exit,11
LINKUSDT,-1,2022-12-28 00:00:00+00:00,2023-01-07 00:00:00+00:00,5.675,5.83,-142.95228299160343,-22.157603863698565,-23.65774512141245,-0.2371031815985503,channel_exit,10
LINKUSDT,1,2023-01-09 00:00:00+00:00,2023-02-06 00:00:00+00:00,6.065,6.832,172.04805687546627,131.96085962348255,129.8450814392508,1.303487434537675,channel_exit,28
LINKUSDT,1,2023-02-17 00:00:00+00:00,2023-02-27 00:00:00+00:00,7.65,7.274,115.41576610199259,-43.396328054349254,-44.907489763075866,-0.4468369374800893,channel_exit,10
LINKUSDT,-1,2023-03-08 00:00:00+00:00,2023-03-14 00:00:00+00:00,6.577,6.96,-117.3097954786096,-44.92965166830748,-46.3993087860635,-0.4633258730267058,channel_exit,6
LINKUSDT,1,2023-03-23 00:00:00+00:00,2023-03-27 00:00:00+00:00,7.61,6.87,102.21401438265652,-75.63837064316584,-76.90234914502177,-0.7705556058640786,channel_exit,4
LINKUSDT,1,2023-04-14 00:00:00+00:00,2023-04-21 00:00:00+00:00,7.743,7.113,132.4362776112745,-83.43485489510293,-85.13048953187112,-0.8580044859190435,channel_exit,7
LINKUSDT,-1,2023-04-21 00:00:00+00:00,2023-05-28 00:00:00+00:00,7.113,6.631,-112.17434073250034,54.06803223306519,52.72914173695021,0.5349828715387017,channel_exit,37
LINKUSDT,-1,2023-06-05 00:00:00+00:00,2023-06-21 00:00:00+00:00,6.054,5.556,-194.48661092037767,96.85433223834812,94.90931053985561,0.9586095888520784,channel_exit,16
LINKUSDT,1,2023-06-27 00:00:00+00:00,2023-08-02 00:00:00+00:00,6.198,7.351,168.6530725243977,194.45699262063047,192.22540889560216,1.9274516815688432,channel_exit,36
LINKUSDT,-1,2023-08-15 00:00:00+00:00,2023-09-06 00:00:00+00:00,7.043,6.302,-138.94144524556137,102.95561092696104,101.3795147486735,1.0028212516548087,channel_exit,22
LINKUSDT,1,2023-09-07 00:00:00+00:00,2023-09-11 00:00:00+00:00,6.387,5.792505631040991,171.3492073510011,-101.86613889575966,-103.65271314297881,-1.0175384506233947,atr_stop,4
LINKUSDT,-1,2023-09-11 00:00:00+00:00,2023-09-16 00:00:00+00:00,5.829,6.398105129106918,-177.62344898215113,-101.08641586540327,-103.13203216537151,-1.020236312490216,atr_stop,5
LINKUSDT,1,2023-09-18 00:00:00+00:00,2023-10-09 00:00:00+00:00,6.567,7.276,170.43447619731967,120.83804362389958,118.60589737603853,1.1823105377402379,channel_exit,21
LINKUSDT,1,2023-10-21 00:00:00+00:00,2023-11-21 00:00:00+00:00,8.914,13.359,123.16412328784357,547.4645280144647,544.5028988730605,5.381455341682595,channel_exit,31
LINKUSDT,1,2023-12-08 00:00:00+00:00,2023-12-11 00:00:00+00:00,16.925,14.783535415970523,49.08769721442258,-105.11956509624844,-106.42580657471257,-1.0124262450788122,atr_stop,3
LINKUSDT,-1,2023-12-17 00:00:00+00:00,2023-12-22 00:00:00+00:00,14.013,15.479,-47.910185483355185,-70.23633191859867,-71.571215088573,-0.686159567046011,channel_exit,5
LINKUSDT,-1,2024-01-06 00:00:00+00:00,2024-01-15 00:00:00+00:00,13.436,15.72425437106731,-45.356268912853025,-103.7866805951403,-105.07042891261511,-1.0123691046877448,atr_stop,9
LINKUSDT,1,2024-01-19 00:00:00+00:00,2024-01-23 00:00:00+00:00,16.118,13.688189678869195,42.39502196010738,-103.01186192323598,-104.05642190688958,-1.0101401912765346,atr_stop,4
LINKUSDT,1,2024-02-01 00:00:00+00:00,2024-02-21 00:00:00+00:00,17.19,18.594,47.04994562824325,66.05812366205352,64.48339962183272,0.6307943540701396,channel_exit,20
LINKUSDT,1,2024-03-02 00:00:00+00:00,2024-03-05 00:00:00+00:00,21.398,19.08377426382059,44.358522936228816,-102.65563539792535,-104.17938586703005,-1.0148433202249265,atr_stop,3
LINKUSDT,1,2024-03-10 00:00:00+00:00,2024-03-15 00:00:00+00:00,21.68,18.91904844728611,36.88305782107529,-101.83233575993404,-103.0883620039758,-1.012334257430791,atr_stop,5
LINKUSDT,-1,2024-03-16 00:00:00+00:00,2024-03-26 00:00:00+00:00,18.115,20.007,-33.16405144020312,-62.7463853248644,-63.94070904375986,-0.6329968906373072,channel_exit,10
LINKUSDT,-1,2024-04-12 00:00:00+00:00,2024-04-22 00:00:00+00:00,15.156,15.445,-40.06154190828826,-11.577785611495296,-12.691536538087618,-0.12621370768861248,channel_exit,10
LINKUSDT,-1,2024-04-30 00:00:00+00:00,2024-05-16 00:00:00+00:00,13.129,15.360596975213795,-45.019866550644636,-100.46619801894731,-101.71095566567956,-1.0123898153934072,atr_stop,16
LINKUSDT,1,2024-05-16 00:00:00+00:00,2024-06-06 00:00:00+00:00,15.516,17.248,51.93219010055228,89.94655325415661,88.33424570741883,0.8858432756288134,channel_exit,21
LINKUSDT,-1,2024-06-07 00:00:00+00:00,2024-07-14 00:00:00+00:00,16.318,13.448,-50.5878813934858,145.1872195993043,143.96266910714104,1.4348410675180765,channel_exit,37
LINKUSDT,1,2024-07-21 00:00:00+00:00,2024-07-24 00:00:00+00:00,14.816,13.4,59.734045227404636,-84.58340804200499,-86.02419321288998,-0.8478901882424081,channel_exit,3
LINKUSDT,-1,2024-08-02 00:00:00+00:00,2024-08-21 00:00:00+00:00,11.93,11.22,-60.9219647259529,43.2545949554265,42.02421495582115,0.41686770422624597,channel_exit,19
LINKUSDT,1,2024-08-23 00:00:00+00:00,2024-09-01 00:00:00+00:00,12.05,10.494027967931055,64.9857320731808,-101.11598158939516,-102.34351335120154,-1.0121398392470842,atr_stop,9
LINKUSDT,-1,2024-09-05 00:00:00+00:00,2024-09-12 00:00:00+00:00,10.03,10.78,-69.72199695025371,-52.29149771269029,-53.64438334151301,-0.5346197912501739,channel_exit,7
LINKUSDT,1,2024-09-21 00:00:00+00:00,2024-10-01 00:00:00+00:00,11.5,11.01,81.8696892556055,-40.116147735246706,-41.7386412369143,-0.4176276268913848,channel_exit,10
LINKUSDT,-1,2024-10-09 00:00:00+00:00,2024-10-14 00:00:00+00:00,10.53,11.28,-79.06461131095095,-59.29845848321321,-60.90378635127076,-0.6114153708907354,channel_exit,5
LINKUSDT,1,2024-10-20 00:00:00+00:00,2024-10-26 00:00:00+00:00,11.98,11.01,83.7331570151415,-81.22116230468731,-82.88058601041338,-0.8358058243879064,channel_exit,6
LINKUSDT,1,2024-10-30 00:00:00+00:00,2024-11-02 00:00:00+00:00,12.39,11.12726824194119,78.02768763228612,-98.52803918118039,-100.09086220022951,-1.0158617083221892,atr_stop,3
LINKUSDT,-1,2024-11-03 00:00:00+00:00,2024-11-06 00:00:00+00:00,10.76,12.04645840901239,-76.00044762113856,-97.77141493091938,-99.41938014732125,-1.0168552865637288,atr_stop,3
LINKUSDT,1,2024-11-07 00:00:00+00:00,2024-12-21 00:00:00+00:00,12.59,22.13,69.3710958947114,661.8002548355468,659.0369266016768,6.792162718555899,channel_exit,44
LINKUSDT,-1,2024-12-22 00:00:00+00:00,2025-01-06 00:00:00+00:00,22.08,23.83,-19.53415900957838,-34.184778266762166,-35.02267648331902,-0.34438557496052624,channel_exit,15
LINKUSDT,-1,2025-01-09 00:00:00+00:00,2025-01-17 00:00:00+00:00,19.65,23.921320741402454,-23.750745700671995,-101.44705273505548,-102.46972130541134,-1.0100808110515218,atr_stop,8
LINKUSDT,1,2025-01-17 00:00:00+00:00,2025-01-28 00:00:00+00:00,25.09,22.61,25.239710382820128,-62.59448174939393,-63.621687482553945,-0.6318864298937625,channel_exit,11
LINKUSDT,-1,2025-02-04 00:00:00+00:00,2025-03-19 00:00:00+00:00,19.97,15.03,-19.951086442466323,98.55836702578362,98.01861033316914,0.978276162320565,channel_exit,43
LINKUSDT,-1,2025-04-02 00:00:00+00:00,2025-04-12 00:00:00+00:00,12.9,13.15,-41.004997679951835,-10.251249419987959,-11.221837715072418,-0.11117941459269415,channel_exit,10
LINKUSDT,1,2025-04-22 00:00:00+00:00,2025-05-03 00:00:00+00:00,14.13,14.24,49.520456605428826,5.447250226597143,4.177941882886792,0.04142479096957657,channel_exit,11
LINKUSDT,1,2025-05-08 00:00:00+00:00,2025-05-29 00:00:00+00:00,15.88,15.05,54.45513101386159,-45.197758741505126,-46.672948240670635,-0.46267635505476473,channel_exit,21
LINKUSDT,-1,2025-05-29 00:00:00+00:00,2025-06-09 00:00:00+00:00,15.05,14.36,-48.62722795127188,33.55278728637766,32.295870698293186,0.3213436749502457,channel_exit,11
LINKUSDT,-1,2025-06-20 00:00:00+00:00,2025-06-29 00:00:00+00:00,12.51,13.7,-56.79620938805103,-67.5874891717807,-68.98808369529004,-0.6847828137728809,channel_exit,9
LINKUSDT,1,2025-07-08 00:00:00+00:00,2025-07-29 00:00:00+00:00,13.96,17.83,63.475611681942254,245.65061720911638,243.61343092779612,2.4304858476761084,channel_exit,21
LINKUSDT,-1,2025-08-02 00:00:00+00:00,2025-08-07 00:00:00+00:00,15.65,17.87917244065505,-45.76126481569035,-102.00975037665455,-103.48246275719053,-1.0144369766134926,atr_stop,5
LINKUSDT,1,2025-08-08 00:00:00+00:00,2025-08-31 00:00:00+00:00,19.89,23.2,43.43867417767615,143.782011528108,141.96801249444823,1.402307592323009,channel_exit,23
LINKUSDT,-1,2025-09-05 00:00:00+00:00,2025-09-11 00:00:00+00:00,22.28,24.47,-30.275880816344266,-66.30417898779388,-67.63771043423057,-0.6613816637085765,channel_exit,6
LINKUSDT,-1,2025-09-22 00:00:00+00:00,2025-10-02 00:00:00+00:00,21.65,22.77,-36.39776507332024,-40.765496882118704,-42.25729568141381,-0.4152309564163256,channel_exit,10
LINKUSDT,-1,2025-10-10 00:00:00+00:00,2025-12-02 00:00:00+00:00,17.31,13.47,-25.424701957353083,97.63085551623578,97.0144081925778,0.956155348890222,channel_exit,53
LINKUSDT,1,2025-12-03 00:00:00+00:00,2025-12-14 00:00:00+00:00,14.64,13.28,46.112922904493395,-62.713575150111076,-63.81585845922009,-0.6243619987338307,channel_exit,11
LINKUSDT,-1,2025-12-18 00:00:00+00:00,2026-01-01 00:00:00+00:00,11.93,12.6,-50.49094778869671,-33.82893501842679,-34.974069714274435,-0.3437993269225336,channel_exit,14
LINKUSDT,1,2026-01-04 00:00:00+00:00,2026-01-12 00:00:00+00:00,13.43,13.08,71.44779112796702,-25.006726894788432,-26.68889368910529,-0.2630100107527267,channel_exit,8
LINKUSDT,1,2026-01-13 00:00:00+00:00,2026-01-19 00:00:00+00:00,14.06,12.718105281164595,75.46264674064263,-101.26292713061015,-102.99046252548723,-1.0170598998451712,atr_stop,6
LINKUSDT,-1,2026-01-20 00:00:00+00:00,2026-02-25 00:00:00+00:00,12.12,9.27,-76.22980168787848,217.25493481045365,215.9829643394897,2.1494182726206152,channel_exit,36
LINKUSDT,1,2026-02-25 00:00:00+00:00,2026-03-08 00:00:00+00:00,9.27,8.52,81.821695142194,-61.3662713566455,-62.62108887334619,-0.6132135810275368,channel_exit,11
LINKUSDT,1,2026-03-15 00:00:00+00:00,2026-03-21 00:00:00+00:00,9.5,8.82,94.29841217554774,-64.12292027937244,-65.62000187107144,-0.6455621749041915,channel_exit,6
LINKUSDT,-1,2026-03-28 00:00:00+00:00,2026-04-07 00:00:00+00:00,8.44,9.29,-101.09532766984088,-85.93102851936472,-87.6215445886598,-0.8662092640602401,channel_exit,10
LINKUSDT,1,2026-04-16 00:00:00+00:00,2026-05-01 00:00:00+00:00,9.59,9.1,105.38470230287588,-51.6385041284092,-53.36470555213031,-0.530956356610915,channel_exit,15
LINKUSDT,1,2026-05-05 00:00:00+00:00,2026-05-16 00:00:00+00:00,9.76,9.72,132.81272602894987,-5.312509041157881,-7.636200495760388,-0.07629144959813156,channel_exit,11
DOGEUSDT,-1,2019-09-24 00:00:00+00:00,2019-09-30 00:00:00+00:00,0.00219,0.002437949608005184,-378101.021228636,-93.75,-95.40922422568329,-1.0176983917406217,atr_stop,6
DOGEUSDT,1,2019-10-14 00:00:00+00:00,2019-10-23 00:00:00+00:00,0.0025415,0.002267114660856377,339064.87536351185,-93.03443081830737,-94.41808892815988,-1.014872538023635,atr_stop,9
DOGEUSDT,1,2019-11-10 00:00:00+00:00,2019-11-17 00:00:00+00:00,0.0027565,0.0026258,299917.5572555056,-39.19922473329448,-40.61676707260919,-0.43992631791439296,channel_exit,7
DOGEUSDT,-1,2019-11-18 00:00:00+00:00,2020-01-04 00:00:00+00:00,0.0025395,0.0020579,-340292.89240951644,163.88505698442313,162.62453724650194,1.7672417628353028,channel_exit,47
DOGEUSDT,1,2020-01-06 00:00:00+00:00,2020-01-25 00:00:00+00:00,0.0021344,0.002251,524936.084671831,61.207547472735556,59.08061144486223,0.6336309938991308,channel_exit,19
DOGEUSDT,1,2020-02-04 00:00:00+00:00,2020-02-17 00:00:00+00:00,0.0025169,0.0026999,481546.70381655294,88.12304679842919,85.78281649628742,0.9156568583012789,channel_exit,13
DOGEUSDT,-1,2020-02-25 00:00:00+00:00,2020-03-23 00:00:00+00:00,0.0024734,0.0018192,-216169.02449450866,141.4177758243076,140.70991738345887,1.4917116048412675,channel_exit,27
DOGEUSDT,1,2020-04-02 00:00:00+00:00,2020-05-11 00:00:00+00:00,0.0018777,0.0024125,276666.50950062764,147.96124928093573,146.75982496342925,1.5386346493185767,channel_exit,39
DOGEUSDT,1,2020-05-30 00:00:00+00:00,2020-06-09 00:00:00+00:00,0.002618,0.0025586,412545.6683866439,-24.50521270216675,-26.405183527008074,-0.27367464009372877,channel_exit,10
DOGEUSDT,-1,2020-06-19 00:00:00+00:00,2020-07-06 00:00:00+00:00,0.0024399,0.0026193,-498776.30369035236,-89.48046888204928,-91.83206947211033,-0.9537445475891718,channel_exit,17
DOGEUSDT,1,2020-07-06 00:00:00+00:00,2020-07-29 00:00:00+00:00,0.0026193,0.0031663,549966.2369891752,300.83153163307867,297.6970870599568,3.114081616912963,channel_exit,23
DOGEUSDT,1,2020-08-01 00:00:00+00:00,2020-08-02 00:00:00+00:00,0.0037144,0.0031608568846675134,176769.14354084976,-97.84934241025749,-98.85507794610167,-1.010278408736028,atr_stop,1
DOGEUSDT,-1,2020-08-25 00:00:00+00:00,2020-09-15 00:00:00+00:00,0.0032907,0.0028278,-229452.01050467702,106.213335662615,105.04541575106578,1.081816504908144,channel_exit,21
DOGEUSDT,-1,2020-09-21 00:00:00+00:00,2020-10-10 00:00:00+00:00,0.0025972,0.0026621,-334036.7115067337,-21.678982576787057,-23.27961301025079,-0.23782601633253692,channel_exit,19
DOGEUSDT,-1,2020-10-17 00:00:00+00:00,2020-10-25 00:00:00+00:00,0.0025834,0.0026528,-525725.8174494825,-36.485371730994004,-38.99573353834798,-0.39938075385782695,channel_exit,8
DOGEUSDT,1,2020-10-27 00:00:00+00:00,2020-10-28 00:00:00+00:00,0.0026702,0.0025801,540786.7366916921,-48.724884975921505,-51.236395922730324,-0.5262230738947041,channel_exit,1
DOGEUSDT,-1,2020-10-28 00:00:00+00:00,2020-11-06 00:00:00+00:00,0.0025801,0.00276393337583268,-527536.9146926261,-96.97889190430203,-99.60343029820697,-1.027062986000034,atr_stop,9
DOGEUSDT,1,2020-11-06 00:00:00+00:00,2020-12-08 00:00:00+00:00,0.002757,0.0031723,511420.0355988122,212.39274078418669,209.47246078211248,2.1764188371885846,channel_exit,32
DOGEUSDT,-1,2020-12-11 00:00:00+00:00,2020-12-16 00:00:00+00:00,0.0030732,0.0034183,-218288.3028879799,-75.33129332664188,-76.67440815701345,-0.7864510662364591,channel_exit,5
DOGEUSDT,1,2020-12-17 00:00:00+00:00,2021-01-12 00:00:00+00:00,0.003722,0.0080807,208977.5395819807,910.8704017759793,907.8307691285991,9.366338101351039,channel_exit,26
DOGEUSDT,-1,2021-01-27 00:00:00+00:00,2021-01-28 00:00:00+00:00,0.0074124,0.009534426372540386,-48710.1037592657,-103.3641247863404,-104.20008600254513,-1.008087537314641,atr_stop,1
DOGEUSDT,1,2021-01-28 00:00:00+00:00,2021-01-29 00:00:00+00:00,0.0364995,0.03146388494608663,20374.927776546978,-102.60029303397756,-103.75422692400055,-1.0112468868840447,atr_stop,1
DOGEUSDT,1,2021-01-29 00:00:00+00:00,2021-01-30 00:00:00+00:00,0.0459059,0.0355020656987823,9794.57776460202,-101.90116411331064,-102.52707405123397,-1.006142323724853,atr_stop,1
DOGEUSDT,1,2021-02-04 00:00:00+00:00,2021-02-16 00:00:00+00:00,0.0529081,0.053476,6130.862611347833,3.4817168769844535,2.8915796607764674,0.028589821358660013,channel_exit,12
DOGEUSDT,1,2021-03-08 00:00:00+00:00,2021-03-22 00:00:00+00:00,0.0629738,0.054888,6194.095107505663,-50.08421422026927,-50.696180906338654,-0.5020420838400302,channel_exit,14
DOGEUSDT,1,2021-04-06 00:00:00+00:00,2021-05-19 00:00:00+00:00,0.0644047,0.32945,9333.569008019616,2473.818597801262,2468.2836980438165,24.56420984884766,channel_exit,43
DOGEUSDT,-1,2021-05-23 00:00:00+00:00,2021-06-01 00:00:00+00:00,0.30633,0.37006,-577.5694243634712,-36.80849941468402,-37.19322302880793,-0.315787457917449,channel_exit,9
DOGEUSDT,-1,2021-06-18 00:00:00+00:00,2021-07-25 00:00:00+00:00,0.29328,0.19793,-1142.9632391983703,108.9815448575646,108.57433677248244,0.9240170571202097,channel_exit,37
DOGEUSDT,1,2021-08-07 00:00:00+00:00,2021-08-24 00:00:00+00:00,0.26189,0.28864,2683.900192397693,71.79433014663827,70.39990443387767,0.5950006189448657,channel_exit,17
DOGEUSDT,-1,2021-09-07 00:00:00+00:00,2021-10-04 00:00:00+00:00,0.2552,0.2414,-2144.0900850682724,29.588443173942114,28.65679315017825,0.24138891903739054,channel_exit,27
DOGEUSDT,1,2021-10-05 00:00:00+00:00,2021-11-10 00:00:00+00:00,0.2516,0.2553,2907.355478056296,10.757215268808402,9.421169132422412,0.07919550987211765,channel_exit,36
DOGEUSDT,-1,2021-11-16 00:00:00+00:00,2021-12-14 00:00:00+00:00,0.2365,0.1909,-2585.8514877123857,117.91482783968479,117.02627755147707,0.9854886099215642,channel_exit,28
DOGEUSDT,-1,2022-01-05 00:00:00+00:00,2022-01-13 00:00:00+00:00,0.159,0.1717,-4197.462846963008,-53.30777815643015,-54.60504602391254,-0.4563747946810205,channel_exit,8
DOGEUSDT,-1,2022-01-21 00:00:00+00:00,2022-02-04 00:00:00+00:00,0.1419,0.1478,-3968.96870472379,-23.416915357870316,-24.472819792075033,-0.2052509615553869,channel_exit,14
DOGEUSDT,1,2022-02-07 00:00:00+00:00,2022-02-12 00:00:00+00:00,0.1653,0.14044965118130567,4790.275360367857,-119.04001364273792,-120.25104014890485,-1.0101732725754002,atr_stop,5
DOGEUSDT,-1,2022-02-20 00:00:00+00:00,2022-03-19 00:00:00+00:00,0.1366,0.1236,-5419.231399904634,70.45000819876023,69.24433759690945,0.5861452627937069,channel_exit,27
DOGEUSDT,1,2022-03-23 00:00:00+00:00,2022-04-11 00:00:00+00:00,0.1298,0.1341,7534.533791894647,32.398495305146966,30.579809538459436,0.257719689542591,channel_exit,19
DOGEUSDT,-1,2022-04-23 00:00:00+00:00,2022-04-25 00:00:00+00:00,0.1339,0.1530353689998373,-6210.457285033284,-118.83939180683969,-120.55014712693072,-1.0143955240268452,atr_stop,2
DOGEUSDT,-1,2022-04-30 00:00:00+00:00,2022-05-30 00:00:00+00:00,0.1274,0.088,-4902.728045371455,193.16748498763542,192.3908928652486,1.6313056252709672,channel_exit,30
DOGEUSDT,-1,2022-06-10 00:00:00+00:00,2022-06-24 00:00:00+00:00,0.07539,0.06694,-8582.226721848721,72.51981579962168,71.48572613745269,0.5988872836347104,channel_exit,14
DOGEUSDT,-1,2022-07-12 00:00:00+00:00,2022-07-20 00:00:00+00:00,0.05982,0.07124248760588249,-10496.706981909192,-119.89850540343797,-121.24456613414822,-1.0112266681405326,atr_stop,8
DOGEUSDT,1,2022-08-10 00:00:00+00:00,2022-08-19 00:00:00+00:00,0.07126,0.06776,12859.739051724886,-45.00908668103714,-46.57756333369792,-0.39143322058965263,channel_exit,9
DOGEUSDT,-1,2022-08-26 00:00:00+00:00,2022-09-09 00:00:00+00:00,0.06351,0.06385,-11097.456475968987,-3.773135201829533,-5.048565874612649,-0.04255863677959967,channel_exit,14
DOGEUSDT,-1,2022-09-15 00:00:00+00:00,2022-09-23 00:00:00+00:00,0.0586,0.06337,-14972.623277924791,-71.4194130357012,-73.12728028252097,-0.6166270169014938,channel_exit,8
DOGEUSDT,1,2022-10-04 00:00:00+00:00,2022-10-11 00:00:00+00:00,0.06584,0.058598637175448796,16301.750965261173,-118.04689341493389,-119.76636211718204,-1.0145659801160902,atr_stop,7
DOGEUSDT,-1,2022-10-14 00:00:00+00:00,2022-10-23 00:00:00+00:00,0.05866,0.06038,-17309.46510347803,-29.77227997798232,-31.653541883288725,-0.2702310645511581,channel_exit,9
DOGEUSDT,1,2022-10-26 00:00:00+00:00,2022-11-08 00:00:00+00:00,0.07265,0.08827,17610.45969304157,275.0753804053092,272.2773249065206,2.328875270155985,channel_exit,13
DOGEUSDT,1,2022-11-29 00:00:00+00:00,2022-12-11 00:00:00+00:00,0.10146,0.09266,5483.891326256788,-48.25824367105967,-49.17289093758338,-0.41345934442104565,channel_exit,12
DOGEUSDT,-1,2022-12-15 00:00:00+00:00,2023-01-08 00:00:00+00:00,0.08485,0.07363,-7114.243340740683,79.82181028311042,78.8789311561887,0.6653257951484621,channel_exit,24
DOGEUSDT,1,2023-01-10 00:00:00+00:00,2023-02-09 00:00:00+00:00,0.07782,0.08144,11655.637841948868,42.19340898785488,40.48478572532791,0.33975527389507376,channel_exit,30
DOGEUSDT,-1,2023-02-09 00:00:00+00:00,2023-03-17 00:00:00+00:00,0.08144,0.07642,-9661.768562100126,48.5020781817426,47.17304394541435,0.3952062896056565,channel_exit,36
DOGEUSDT,1,2023-03-23 00:00:00+00:00,2023-04-21 00:00:00+00:00,0.07736,0.07842,11237.789796356752,11.912057184138218,10.325775727643684,0.0862173706853573,channel_exit,29
DOGEUSDT,-1,2023-04-21 00:00:00+00:00,2023-06-20 00:00:00+00:00,0.07842,0.06313,-9421.150029604336,144.0493839526503,142.97882099018622,1.193611508225217,channel_exit,60
DOGEUSDT,1,2023-07-01 00:00:00+00:00,2023-08-03 00:00:00+00:00,0.06851,0.07358,16827.91374051642,85.31752266441832,83.08876645696937,0.6871637624759843,channel_exit,33
DOGEUSDT,-1,2023-08-15 00:00:00+00:00,2023-08-29 00:00:00+00:00,0.07093,0.0664,-16788.95461407644,76.05396440176638,74.04734854629196,0.609549778046636,channel_exit,14
DOGEUSDT,-1,2023-09-10 00:00:00+00:00,2023-10-01 00:00:00+00:00,0.0613,0.06319,-22022.406978097697,-41.62234918860456,-44.127221803107346,-0.36159455447253946,channel_exit,21
DOGEUSDT,1,2023-10-01 00:00:00+00:00,2023-10-09 00:00:00+00:00,0.06319,0.05934154001445823,31633.432983797313,-121.74000104346099,-125.11891897602584,-1.0277551988138933,atr_stop,8
DOGEUSDT,-1,2023-10-09 00:00:00+00:00,2023-10-21 00:00:00+00:00,0.05873,0.06119,-32406.966731969555,-79.72113816064522,-83.29050629043782,-0.6895436856265516,channel_exit,12
DOGEUSDT,1,2023-10-23 00:00:00+00:00,2023-11-21 00:00:00+00:00,0.06742,0.07176,29963.729975078822,130.04258809184242,126.17223301842144,1.0497789503087307,channel_exit,29
DOGEUSDT,1,2023-12-04 00:00:00+00:00,2023-12-15 00:00:00+00:00,0.09188,0.09303,13882.649802571656,15.96504727295738,13.640342032917545,0.11280152573814431,channel_exit,11
DOGEUSDT,-1,2023-12-30 00:00:00+00:00,2024-01-20 00:00:00+00:00,0.09,0.08777,-11441.895036727392,25.515425931902037,23.707766702629623,0.19599232290780336,channel_exit,21
DOGEUSDT,-1,2024-01-25 00:00:00+00:00,2024-02-09 00:00:00+00:00,0.07795,0.08155,-11682.02078315429,-42.055274819355354,-43.77007865011457,-0.36111235521243545,channel_exit,15
DOGEUSDT,1,2024-02-12 00:00:00+00:00,2024-03-16 00:00:00+00:00,0.08223,0.14253,17278.788086722754,1041.9109216293818,1037.4779794305807,8.58043100967979,channel_exit,33
DOGEUSDT,1,2024-03-26 00:00:00+00:00,2024-04-03 00:00:00+00:00,0.1823,0.17522,3452.4684106752725,-24.44347634758094,-25.532371074434277,-0.19952162582530406,channel_exit,8
DOGEUSDT,-1,2024-04-13 00:00:00+00:00,2024-05-04 00:00:00+00:00,0.15254,0.16012,-3016.325767202078,-22.86374931539176,-23.733102662711676,-0.18581047638501455,channel_exit,21
DOGEUSDT,1,2024-05-20 00:00:00+00:00,2024-05-30 00:00:00+00:00,0.16573,0.15946,4915.675096812173,-30.821282857012317,-32.23221924870012,-0.2526859801470067,channel_exit,10
DOGEUSDT,-1,2024-06-07 00:00:00+00:00,2024-07-14 00:00:00+00:00,0.1482,0.11535,-5765.425886943134,189.39424038608198,188.19716500917596,1.4784225412169054,channel_exit,37
DOGEUSDT,1,2024-07-19 00:00:00+00:00,2024-07-31 00:00:00+00:00,0.12543,0.12192,8011.371872343264,-28.11991527192496,-29.878058897541923,-0.23207544456798157,channel_exit,12
DOGEUSDT,-1,2024-08-02 00:00:00+00:00,2024-08-23 00:00:00+00:00,0.11154,0.11293,-7571.391674647096,-10.524234427759481,-12.063301499031695,-0.09388085279199355,channel_exit,21
DOGEUSDT,1,2024-08-23 00:00:00+00:00,2024-08-27 00:00:00+00:00,0.11293,0.09799414875176776,8597.689188243885,-128.41380679414527,-129.9303486139669,-1.011809803460252,atr_stop,4
DOGEUSDT,-1,2024-09-01 00:00:00+00:00,2024-09-09 00:00:00+00:00,0.09509,0.10376,-9387.610337398748,-81.39058162524725,-83.14388683274254,-0.6524301905330091,channel_exit,8
DOGEUSDT,1,2024-09-21 00:00:00+00:00,2024-10-02 00:00:00+00:00,0.10993,0.10462,11346.733498895277,-60.25115487913387,-62.387926344711836,-0.49195323911028777,channel_exit,11
DOGEUSDT,1,2024-10-17 00:00:00+00:00,2024-12-10 00:00:00+00:00,0.12967,0.39392,9050.54037423078,2391.6052938904836,2385.187953934893,18.881530558979804,channel_exit,54
DOGEUSDT,-1,2024-12-18 00:00:00+00:00,2025-01-02 00:00:00+00:00,0.35824,0.33893,-1998.5349763754748,38.59171039381041,37.372456166633114,0.2604132219364357,channel_exit,15
DOGEUSDT,1,2025-01-17 00:00:00+00:00,2025-01-19 00:00:00+00:00,0.41525,0.35498115689741755,2385.9491576167684,-143.7983954311438,-145.3229360172284,-1.0106019304423643,atr_stop,2
DOGEUSDT,-1,2025-01-28 00:00:00+00:00,2025-02-14 00:00:00+00:00,0.31871,0.2718,-2278.1824323035403,106.86953789935909,105.7549599261789,0.7410769684840208,channel_exit,17
DOGEUSDT,-1,2025-02-21 00:00:00+00:00,2025-03-19 00:00:00+00:00,0.23966,0.17799,-2993.318215226257,184.59793433300328,183.63892905657266,1.2796693489783781,channel_exit,26
DOGEUSDT,-1,2025-04-02 00:00:00+00:00,2025-04-22 00:00:00+00:00,0.16383,0.17863,-4707.811257013057,-69.67560660379328,-71.18932798850572,-0.4913451523958621,channel_exit,20
DOGEUSDT,1,2025-04-22 00:00:00+00:00,2025-05-04 00:00:00+00:00,0.17863,0.17049,5561.239751090468,-45.26849157387646,-46.97513595117061,-0.32539316038331145,channel_exit,12
DOGEUSDT,1,2025-05-08 00:00:00+00:00,2025-05-28 00:00:00+00:00,0.19817,0.22096,6357.363627702399,144.88431707533752,142.3558155544187,0.9885789245393057,channel_exit,20
DOGEUSDT,-1,2025-05-30 00:00:00+00:00,2025-06-10 00:00:00+00:00,0.19357,0.1985,-4536.326710759564,-22.36409068404473,-23.98492021779912,-0.16537380567750043,channel_exit,11
DOGEUSDT,-1,2025-06-17 00:00:00+00:00,2025-07-03 00:00:00+00:00,0.16936,0.17201,-5531.025177056887,-14.65721671920067,-16.36972167247067,-0.11300065322246797,channel_exit,16
DOGEUSDT,1,2025-07-09 00:00:00+00:00,2025-07-28 00:00:00+00:00,0.18053,0.22615,6654.945524381187,303.5986148222697,300.8895861476599,2.0786170025596724,channel_exit,19
DOGEUSDT,-1,2025-08-02 00:00:00+00:00,2025-08-08 00:00:00+00:00,0.19098,0.2247415446560484,-4352.513686555979,-146.94758519472148,-148.70832836301722,-1.0119821170655003,atr_stop,6
DOGEUSDT,1,2025-08-13 00:00:00+00:00,2025-08-19 00:00:00+00:00,0.24482,0.21157713216922724,4387.096584254798,-145.8396719112169,-147.51044867613976,-1.0114562570185976,atr_stop,6
DOGEUSDT,1,2025-09-08 00:00:00+00:00,2025-09-22 00:00:00+00:00,0.24164,0.24122,5031.235181753197,-2.1131187763363615,-4.297660967312872,-0.029694878794301275,channel_exit,14
DOGEUSDT,-1,2025-10-10 00:00:00+00:00,2025-10-26 00:00:00+00:00,0.19349,0.20577,-3128.2627458776465,-38.41506651937754,-39.573731244772176,-0.27354740943776185,channel_exit,16
DOGEUSDT,-1,2025-10-30 00:00:00+00:00,2026-01-02 00:00:00+00:00,0.18268,0.14188,-4339.6899925487105,177.0593516959874,175.95106430693033,1.2187034604462343,channel_exit,64
DOGEUSDT,1,2026-01-02 00:00:00+00:00,2026-01-12 00:00:00+00:00,0.14188,0.13662,8785.391474480017,-46.21115915576502,-48.37162748560324,-0.331952602777469,channel_exit,10
DOGEUSDT,-1,2026-01-25 00:00:00+00:00,2026-02-14 00:00:00+00:00,0.11945,0.11104,-9798.049752926567,82.40159842211243,80.4432426218955,0.5534808639846119,channel_exit,20
DOGEUSDT,-1,2026-03-03 00:00:00+00:00,2026-03-15 00:00:00+00:00,0.08997,0.09738,-9894.536730684935,-73.31851717437537,-75.05287115067675,-0.5142957827645028,channel_exit,12
DOGEUSDT,1,2026-03-16 00:00:00+00:00,2026-03-21 00:00:00+00:00,0.10304,0.09135,11126.776637261051,-130.07201888958176,-131.9015947720466,-0.9073979737411788,channel_exit,5
DOGEUSDT,1,2026-04-16 00:00:00+00:00,2026-05-18 00:00:00+00:00,0.09921,0.10477,15905.693473496858,88.43565571264246,85.43606460324958,0.5917688110065163,channel_exit,32
XRPUSDT,-1,2019-09-24 00:00:00+00:00,2019-10-07 00:00:00+00:00,0.23282,0.265193240842763,-2895.9102505474866,-93.75,-95.13235648415844,-1.0147451358310233,atr_stop,13
XRPUSDT,1,2019-10-14 00:00:00+00:00,2019-10-23 00:00:00+00:00,0.29727,0.2672995511997852,3104.2747456521943,-93.0365073263688,-94.53009556973339,-1.0160537866939172,atr_stop,9
XRPUSDT,1,2019-10-29 00:00:00+00:00,2019-11-08 00:00:00+00:00,0.30192,0.27547,2723.314014113835,-72.03165567331102,-73.3820000339533,-0.7948008438506391,channel_exit,10
XRPUSDT,-1,2019-11-12 00:00:00+00:00,2019-12-29 00:00:00+00:00,0.27222,0.19653,-3042.577144579695,230.29266407323712,229.21634023803347,2.4975312346884286,channel_exit,47
XRPUSDT,1,2020-01-06 00:00:00+00:00,2020-01-08 00:00:00+00:00,0.2231,0.20352340802639365,4775.922657384926,-93.49628916112641,-95.24591086138902,-1.0187132742482155,atr_stop,2
XRPUSDT,1,2020-01-14 00:00:00+00:00,2020-01-24 00:00:00+00:00,0.23464,0.22222,4090.5722167879353,-50.8049069325061,-52.441119456932405,-0.5654350369398076,channel_exit,10
XRPUSDT,1,2020-01-30 00:00:00+00:00,2020-02-20 00:00:00+00:00,0.24376,0.2709,3735.7972783580362,101.389538134637,99.56788866576404,1.0794512928935338,channel_exit,21
XRPUSDT,-1,2020-02-25 00:00:00+00:00,2020-03-26 00:00:00+00:00,0.25209,0.17593,-2335.0775435991113,177.83950572050827,177.10004737446656,1.9143487541249768,channel_exit,30
XRPUSDT,1,2020-04-02 00:00:00+00:00,2020-05-10 00:00:00+00:00,0.17828,0.19702,2681.424422036541,50.249893668964795,49.29896403763144,0.525212985740324,channel_exit,38
XRPUSDT,1,2020-05-30 00:00:00+00:00,2020-06-09 00:00:00+00:00,0.20701,0.20127,4642.716597746434,-26.649193271064508,-28.33118449639567,-0.30078244749845323,channel_exit,10
XRPUSDT,-1,2020-06-11 00:00:00+00:00,2020-07-06 00:00:00+00:00,0.18817,0.18875,-5022.722601981656,-2.9131791091493464,-4.619649113172614,-0.04916779569915919,channel_exit,25
XRPUSDT,1,2020-07-08 00:00:00+00:00,2020-07-16 00:00:00+00:00,0.20551,0.18984830192794924,5999.522209981568,-93.96270542929402,-96.01290381639325,-1.021819277954294,atr_stop,8
XRPUSDT,1,2020-07-23 00:00:00+00:00,2020-08-11 00:00:00+00:00,0.20851,0.2831,5604.978595130301,418.07535341076925,415.21916841826277,4.454641441047214,channel_exit,19
XRPUSDT,1,2020-08-17 00:00:00+00:00,2020-08-21 00:00:00+00:00,0.31539,0.2778209352187593,2553.095716754381,-95.91741837545356,-97.19416456697064,-1.0133108898586016,atr_stop,4
XRPUSDT,-1,2020-08-21 00:00:00+00:00,2020-09-01 00:00:00+00:00,0.27933,0.29521,-2490.521409411071,-39.54947998144768,-40.87288826693772,-0.429512626202401,channel_exit,11
XRPUSDT,-1,2020-09-03 00:00:00+00:00,2020-09-17 00:00:00+00:00,0.24409,0.25214,-2510.785155009196,-20.21182049782396,-21.351345361995193,-0.2250054440097874,channel_exit,14
XRPUSDT,-1,2020-09-21 00:00:00+00:00,2020-10-04 00:00:00+00:00,0.23102,0.24794,-3141.8778068929487,-53.16057249262866,-54.562767422822525,-0.5758499398429134,channel_exit,13
XRPUSDT,1,2020-10-08 00:00:00+00:00,2020-10-16 00:00:00+00:00,0.25141,0.24011,3759.0064923824943,-42.476773363922305,-44.10140845191703,-0.4673583151580128,channel_exit,8
XRPUSDT,1,2020-10-22 00:00:00+00:00,2020-10-29 00:00:00+00:00,0.25709,0.24239,4397.20965491996,-64.63898192732337,-66.55749329418425,-0.707958768765387,channel_exit,7
XRPUSDT,-1,2020-10-30 00:00:00+00:00,2020-11-06 00:00:00+00:00,0.23905,0.25971577566517023,-4524.082240402225,-93.49366867093308,-95.60862462176343,-1.0226213815426828,atr_stop,7
XRPUSDT,1,2020-11-06 00:00:00+00:00,2020-12-11 00:00:00+00:00,0.25863,0.54945,4406.135180962872,1281.3922333276223,1277.0345215722982,13.761919270357339,channel_exit,35
XRPUSDT,-1,2020-12-14 00:00:00+00:00,2020-12-17 00:00:00+00:00,0.4974,0.6123326209949159,-887.443877194996,-101.99625079191118,-102.97439029546685,-1.0095899554734735,atr_stop,3
XRPUSDT,-1,2020-12-22 00:00:00+00:00,2021-01-07 00:00:00+00:00,0.44642,0.32389,-771.8586102737124,94.57583551683797,94.12584040333117,0.9297765783296605,channel_exit,16
XRPUSDT,-1,2021-01-27 00:00:00+00:00,2021-01-30 00:00:00+00:00,0.25039,0.33596443040769575,-1191.4669376117008,-101.95910453572286,-102.67962745560263,-1.0070667835222828,atr_stop,3
XRPUSDT,1,2021-01-30 00:00:00+00:00,2021-02-23 00:00:00+00:00,0.44372,0.47579,964.3903748423814,30.92799932119516,30.102074187591896,0.29742915802008346,channel_exit,24
XRPUSDT,-1,2021-02-28 00:00:00+00:00,2021-03-09 00:00:00+00:00,0.41565,0.4849,-684.8841603887424,-47.4282281069204,-48.0260086997909,-0.475301861499331,channel_exit,9
XRPUSDT,1,2021-03-20 00:00:00+00:00,2021-04-21 00:00:00+00:00,0.52613,1.29097,989.2346987467679,756.606266989478,754.3075368152039,7.489793894099783,channel_exit,32
XRPUSDT,-1,2021-05-19 00:00:00+00:00,2021-05-31 00:00:00+00:00,1.0568,1.0409,-219.9856954116329,3.4977725570449687,3.0856029584078253,0.029252472554445373,channel_exit,12
XRPUSDT,-1,2021-06-18 00:00:00+00:00,2021-07-26 00:00:00+00:00,0.7972,0.6234,-403.0167655005085,70.0443138439884,69.59208067108497,0.6595825109218941,channel_exit,38
XRPUSDT,1,2021-07-28 00:00:00+00:00,2021-08-26 00:00:00+00:00,0.7327,1.0712,864.4663084998839,292.62184542721064,290.9550160698135,2.743710195733953,channel_exit,29
XRPUSDT,1,2021-09-03 00:00:00+00:00,2021-09-07 00:00:00+00:00,1.2907,1.0979112231199526,560.6251596816033,-108.08223882319756,-109.19016880179768,-1.0102508052263102,atr_stop,4
XRPUSDT,-1,2021-09-10 00:00:00+00:00,2021-10-01 00:00:00+00:00,1.0552,1.0422,-461.177211154987,5.995303745014785,5.130153743976475,0.04784298447470331,channel_exit,21
XRPUSDT,1,2021-10-09 00:00:00+00:00,2021-10-24 00:00:00+00:00,1.1604,1.0821,629.7931537749171,-49.31280394057603,-50.53950244963574,-0.47105797168537655,channel_exit,15
XRPUSDT,-1,2021-10-27 00:00:00+00:00,2021-10-31 00:00:00+00:00,0.995,1.1459511042061044,-707.6776477959568,-106.8247223567783,-108.28445752422306,-1.013664769121229,atr_stop,4
XRPUSDT,1,2021-11-03 00:00:00+00:00,2021-11-16 00:00:00+00:00,1.2101,1.0589559356704057,701.5037639024387,-106.02813001872269,-107.365280853146,-1.012611283762028,atr_stop,13
XRPUSDT,-1,2021-11-18 00:00:00+00:00,2021-12-20 00:00:00+00:00,1.0406,0.8798,-633.7222246366952,101.90253372158054,100.89894585775689,0.9596147407867679,channel_exit,32
XRPUSDT,1,2021-12-23 00:00:00+00:00,2021-12-28 00:00:00+00:00,0.9941,0.8476143554600796,723.2138148220724,-105.94044180438593,-107.04385334510435,-1.010415394932521,atr_stop,5
XRPUSDT,-1,2022-01-05 00:00:00+00:00,2022-02-01 00:00:00+00:00,0.7726,0.6284,-798.8258999822534,115.19069477744094,114.28712682545302,1.0868375963811259,channel_exit,27
XRPUSDT,1,2022-02-07 00:00:00+00:00,2022-02-21 00:00:00+00:00,0.8314,0.7268715571954224,1014.4157365105581,-106.03529729390736,-107.36252719678112,-1.012516868785636,atr_stop,14
XRPUSDT,1,2022-03-19 00:00:00+00:00,2022-03-31 00:00:00+00:00,0.8194,0.8148,997.4148267989518,-4.588108203275227,-6.050956684851641,-0.057510165324489375,channel_exit,12
XRPUSDT,-1,2022-04-06 00:00:00+00:00,2022-06-24 00:00:00+00:00,0.7595,0.3672,-1154.2965008340839,452.830517277211,452.0675734620197,4.299368258413843,channel_exit,79
XRPUSDT,-1,2022-07-12 00:00:00+00:00,2022-07-16 00:00:00+00:00,0.3116,0.3505,-2345.551938301424,-91.24197039992536,-92.72177911779973,-0.8541844220298325,channel_exit,4
XRPUSDT,1,2022-07-18 00:00:00+00:00,2022-08-09 00:00:00+00:00,0.3653,0.3672,2323.520882487569,4.414689676726411,2.8789353142374274,0.02669401071034157,channel_exit,22
XRPUSDT,-1,2022-08-19 00:00:00+00:00,2022-09-07 00:00:00+00:00,0.3344,0.3369,-2772.5464874584386,-6.931366218646103,-8.61269385957065,-0.07984074188446039,channel_exit,19
XRPUSDT,1,2022-09-09 00:00:00+00:00,2022-09-16 00:00:00+00:00,0.3568,0.3226470199939348,3155.863222055593,-107.78213352474117,-109.61494728012961,-1.0170048012175201,atr_stop,7
XRPUSDT,1,2022-09-17 00:00:00+00:00,2022-10-16 00:00:00+00:00,0.3762,0.4766,2861.1118559553474,287.255630337917,284.80113969893006,2.6624212442241912,channel_exit,29
XRPUSDT,-1,2022-10-20 00:00:00+00:00,2022-10-28 00:00:00+00:00,0.4465,0.4744,-1689.9016315547808,-47.14825552037835,-48.59129632159561,-0.44527447768705053,channel_exit,8
XRPUSDT,1,2022-11-04 00:00:00+00:00,2022-11-08 00:00:00+00:00,0.5064,0.45220118871492365,2006.6939775134408,-108.76042819415014,-110.39380111778372,-1.0150180810314375,atr_stop,4
XRPUSDT,-1,2022-11-08 00:00:00+00:00,2022-11-24 00:00:00+00:00,0.4059,0.4018,-1698.618651785182,6.964336472319234,5.735827518602119,0.05314557522950816,channel_exit,16
XRPUSDT,-1,2022-12-15 00:00:00+00:00,2022-12-26 00:00:00+00:00,0.378,0.3658,-2572.59837840302,31.385700216516813,29.69179854024113,0.27506297808688096,channel_exit,11
XRPUSDT,-1,2023-01-01 00:00:00+00:00,2023-01-09 00:00:00+00:00,0.3387,0.349,-3288.109096430436,-33.86752369323341,-35.93311382761101,-0.3322595204723537,channel_exit,8
XRPUSDT,1,2023-01-11 00:00:00+00:00,2023-01-30 00:00:00+00:00,0.3728,0.3934,3123.5438412703775,64.3450031301698,62.13315926528942,0.5759724650064153,channel_exit,19
XRPUSDT,-1,2023-02-09 00:00:00+00:00,2023-03-08 00:00:00+00:00,0.3819,0.3889,-2833.1464492093983,-19.832025144465806,-21.815284321841368,-0.20145292642101376,channel_exit,27
XRPUSDT,-1,2023-03-11 00:00:00+00:00,2023-03-19 00:00:00+00:00,0.3638,0.39858308878473714,-3109.969675868442,-108.17435135357216,-110.40559772855428,-1.020626390147598,atr_stop,8
XRPUSDT,1,2023-03-21 00:00:00+00:00,2023-03-22 00:00:00+00:00,0.4696,0.4219750171771319,2254.2435739845614,-107.35831148957563,-109.07053353711206,-1.0159486678188179,atr_stop,1
XRPUSDT,1,2023-03-27 00:00:00+00:00,2023-04-19 00:00:00+00:00,0.479,0.4911,1866.0494105443152,22.579197867586213,20.92964750965325,0.19645214758584204,channel_exit,23
XRPUSDT,-1,2023-04-19 00:00:00+00:00,2023-05-18 00:00:00+00:00,0.4911,0.4596,-1936.321176443942,60.99411705798412,59.39223727513558,0.5567586025090757,channel_exit,29
XRPUSDT,1,2023-05-27 00:00:00+00:00,2023-06-14 00:00:00+00:00,0.4714,0.4801,2757.4810862184877,23.990085450100956,21.607125445012663,0.20170901965913074,channel_exit,18
XRPUSDT,-1,2023-06-28 00:00:00+00:00,2023-07-13 00:00:00+00:00,0.4647,0.5151118048528007,-2127.484793620681,-107.2503482433068,-109.2229548006167,-1.0183925422119364,atr_stop,15
XRPUSDT,1,2023-07-13 00:00:00+00:00,2023-07-14 00:00:00+00:00,0.8153,0.7303001720794733,1252.311552206306,-106.44626644042376,-108.09248045615584,-1.015465211423394,atr_stop,1
XRPUSDT,1,2023-07-19 00:00:00+00:00,2023-07-23 00:00:00+00:00,0.8199,0.7154585058129753,1011.3921333384876,-105.63130561487411,-106.93380200299094,-1.0123305906382116,atr_stop,4
XRPUSDT,-1,2023-08-02 00:00:00+00:00,2023-08-29 00:00:00+00:00,0.685,0.5398,-1158.3129957476363,168.1870469825569,167.06158374336866,1.5937244940622977,channel_exit,27
XRPUSDT,-1,2023-09-01 00:00:00+00:00,2023-09-19 00:00:00+00:00,0.498,0.514,-1580.082937034437,-25.281326992551016,-26.743219725895276,-0.25206154581930296,channel_exit,18
XRPUSDT,1,2023-09-20 00:00:00+00:00,2023-10-09 00:00:00+00:00,0.5212,0.5027,2373.703453247699,-43.91351388508234,-46.06138319178805,-0.4349267123565781,channel_exit,19
XRPUSDT,-1,2023-10-10 00:00:00+00:00,2023-10-19 00:00:00+00:00,0.4965,0.5197,-2747.552485000232,-63.743217652005534,-66.31344309962385,-0.628396503611691,channel_exit,9
XRPUSDT,1,2023-10-23 00:00:00+00:00,2023-11-16 00:00:00+00:00,0.5475,0.6119,2717.263217798563,174.99175122622748,171.99890317287978,1.6373865687528264,channel_exit,24
XRPUSDT,-1,2023-11-21 00:00:00+00:00,2023-12-03 00:00:00+00:00,0.5788,0.6229,-1438.8991661810612,-63.45545322858484,-65.06877575169037,-0.6126862274488373,channel_exit,12
XRPUSDT,1,2023-12-06 00:00:00+00:00,2023-12-15 00:00:00+00:00,0.64,0.6156,1799.6990153840338,-43.912655975370384,-45.90686646033713,-0.43414321233852005,channel_exit,9
XRPUSDT,-1,2023-12-19 00:00:00+00:00,2023-12-25 00:00:00+00:00,0.6047,0.6462,-1736.8607607804424,-72.07972157238832,-74.0999685348977,-0.7033883905791958,channel_exit,6
XRPUSDT,-1,2024-01-03 00:00:00+00:00,2024-02-09 00:00:00+00:00,0.5823,0.5262,-1581.1440323321904,88.70218021383594,87.20458383217219,0.8317967097888869,channel_exit,37
XRPUSDT,1,2024-02-14 00:00:00+00:00,2024-03-16 00:00:00+00:00,0.5378,0.6031,2453.538539581,160.21606663463936,157.552554266841,1.4924864137035536,channel_exit,31
XRPUSDT,-1,2024-04-03 00:00:00+00:00,2024-04-22 00:00:00+00:00,0.5742,0.556,-1329.7761160765435,24.201925312593083,22.87108537562368,0.2151855506473109,channel_exit,19
XRPUSDT,-1,2024-05-12 00:00:00+00:00,2024-05-20 00:00:00+00:00,0.4993,0.5377,-1923.3882198968631,-73.85810764403942,-75.7196781665488,-0.7110696840025232,channel_exit,8
XRPUSDT,1,2024-05-25 00:00:00+00:00,2024-05-30 00:00:00+00:00,0.5416,0.5186,2179.1162541812428,-50.11967384616863,-52.15383528712174,-0.49233938519377896,channel_exit,5
XRPUSDT,-1,2024-06-07 00:00:00+00:00,2024-06-17 00:00:00+00:00,0.4991,0.5047,-2428.50642231408,-13.599635964958967,-15.805836909374417,-0.1497851212674718,channel_exit,10
XRPUSDT,-1,2024-06-24 00:00:00+00:00,2024-07-13 00:00:00+00:00,0.474,0.514364092199455,-2612.007657833152,-105.43131792645991,-107.84965923239078,-1.0229375991260747,atr_stop,19
XRPUSDT,1,2024-07-13 00:00:00+00:00,2024-08-02 00:00:00+00:00,0.5257,0.5607,2090.4161636879035,73.16456572907668,71.05479231171303,0.6789246442833778,channel_exit,20
XRPUSDT,-1,2024-08-04 00:00:00+00:00,2024-08-07 00:00:00+00:00,0.5228,0.5937309965185813,-1482.4000600564987,-105.14811349901215,-106.73237785582594,-1.0150669784182926,atr_stop,3
XRPUSDT,-1,2024-09-01 00:00:00+00:00,2024-09-13 00:00:00+00:00,0.5472,0.5728,-1694.9842474473207,-43.39159673465134,-45.13919329313942,-0.4325845325603968,channel_exit,12
XRPUSDT,1,2024-09-21 00:00:00+00:00,2024-10-02 00:00:00+00:00,0.5976,0.5455026508728382,1996.545692363741,-104.01473798340479,-105.97515572539649,-1.0188474996909043,atr_stop,11
XRPUSDT,-1,2024-10-02 00:00:00+00:00,2024-10-12 00:00:00+00:00,0.5383,0.5393,-1649.209189415571,-1.6492091894155725,-3.250162517948844,-0.03149547647046899,channel_exit,10
XRPUSDT,-1,2024-10-25 00:00:00+00:00,2024-11-06 00:00:00+00:00,0.5022,0.5418,-2249.3657212915937,-89.07488256314704,-91.26855398917945,-0.8845162270288447,channel_exit,12
XRPUSDT,1,2024-11-07 00:00:00+00:00,2024-12-21 00:00:00+00:00,0.5556,2.238,2406.5213097706046,4048.731451558065,4039.037021113785,39.39358470434895,channel_exit,44
XRPUSDT,-1,2024-12-22 00:00:00+00:00,2025-01-01 00:00:00+00:00,2.2031,2.3328,-275.1777150902503,-35.6905496472055,-36.846031879978064,-0.2787537447627776,channel_exit,10
XRPUSDT,1,2025-01-11 00:00:00+00:00,2025-02-01 00:00:00+00:00,2.5764,2.8778,359.90561391477326,108.4755520339127,106.61122655760963,0.8081861122458546,channel_exit,21
XRPUSDT,-1,2025-02-04 00:00:00+00:00,2025-02-14 00:00:00+00:00,2.5274,2.7384,-245.3932147272991,-51.77796830746007,-52.98754091003669,-0.3993709636025948,channel_exit,10
XRPUSDT,-1,2025-02-24 00:00:00+00:00,2025-03-02 00:00:00+00:00,2.2783,2.70087396389773,-313.04131759127876,-132.28311043831485,-133.8049836980666,-1.0115046679406696,atr_stop,6
XRPUSDT,1,2025-03-02 00:00:00+00:00,2025-03-03 00:00:00+00:00,2.9396,2.466666496843267,277.58419728203165,-131.27886684154092,-132.5113405926206,-1.009388211375768,atr_stop,1
XRPUSDT,-1,2025-03-09 00:00:00+00:00,2025-03-19 00:00:00+00:00,2.1387,2.5469,-264.30230675414276,-107.88820161704105,-109.09987439817087,-0.83739893610299,channel_exit,10
XRPUSDT,-1,2025-03-31 00:00:00+00:00,2025-04-12 00:00:00+00:00,2.0899,2.1598,-374.53522600712836,-26.1800122978983,-27.636070423932654,-0.2134738829413842,channel_exit,12
XRPUSDT,1,2025-04-22 00:00:00+00:00,2025-05-04 00:00:00+00:00,2.2139,2.156,436.1485344859509,-25.253000146736586,-26.945605379369663,-0.20849047244598323,channel_exit,12
XRPUSDT,1,2025-05-08 00:00:00+00:00,2025-05-23 00:00:00+00:00,2.3272,2.2966,538.4222369308219,-16.47572045008301,-18.701493366886595,-0.1449416103054818,channel_exit,15
XRPUSDT,-1,2025-05-28 00:00:00+00:00,2025-06-08 00:00:00+00:00,2.2742,2.267,-536.8170652854078,3.8650828700549873,1.674547153451352,0.012995380566022606,channel_exit,11
XRPUSDT,-1,2025-06-21 00:00:00+00:00,2025-06-29 00:00:00+00:00,2.0632,2.2061,-624.4251227952601,-89.23035004744268,-91.7099297215602,-0.7115691856189735,channel_exit,8
XRPUSDT,1,2025-07-03 00:00:00+00:00,2025-07-28 00:00:00+00:00,2.2569,3.1235,602.0402687690245,521.7280969152366,518.3432459121366,4.043000717635524,channel_exit,25
XRPUSDT,-1,2025-08-02 00:00:00+00:00,2025-08-07 00:00:00+00:00,2.7695,3.138999654330893,-357.2278698399502,-131.99557442322293,-134.01398311112388,-1.015291487587525,atr_stop,5
XRPUSDT,-1,2025-08-29 00:00:00+00:00,2025-09-08 00:00:00+00:00,2.8195,2.9697,-372.21320503874813,-55.906423396819925,-57.89607419582635,-0.4419654058552812,channel_exit,10
XRPUSDT,1,2025-09-12 00:00:00+00:00,2025-09-20 00:00:00+00:00,3.1054,2.975,476.41758689173696,-62.12485333068243,-64.67606950848767,-0.49530856945365515,channel_exit,8
XRPUSDT,-1,2025-09-25 00:00:00+00:00,2025-10-02 00:00:00+00:00,2.7435,3.014287477853177,-480.36515095827747,-130.07686767655255,-132.68319326334762,-1.0200368107977194,atr_stop,7
XRPUSDT,-1,2025-10-10 00:00:00+00:00,2025-10-24 00:00:00+00:00,2.3704,2.5103,-329.05343091513845,-46.03457498502784,-47.52141607475513,-0.36810078863621853,channel_exit,14
XRPUSDT,-1,2025-11-04 00:00:00+00:00,2025-11-10 00:00:00+00:00,2.2053,2.5341482843118137,-391.5012082892003,-128.7445006519056,-130.53032045943135,-1.0138710375859405,atr_stop,6
XRPUSDT,-1,2025-11-17 00:00:00+00:00,2026-01-02 00:00:00+00:00,2.1637,2.0069,-378.9899986318949,59.42563178548114,58.05656073462331,0.4543960612982611,channel_exit,46
XRPUSDT,1,2026-01-03 00:00:00+00:00,2026-01-18 00:00:00+00:00,2.0182,1.9914,695.9285427747345,-18.650884946362993,-21.145454726509882,-0.16494452140210195,channel_exit,15
XRPUSDT,-1,2026-01-25 00:00:00+00:00,2026-03-15 00:00:00+00:00,1.8356,1.4487,-666.6994009335813,257.94599822120244,256.20747286136395,2.0011753257338745,channel_exit,49
XRPUSDT,1,2026-03-15 00:00:00+00:00,2026-03-26 00:00:00+00:00,1.4487,1.3609,816.6081638851275,-71.69819678911428,-73.69857647953056,-0.567374763080914,channel_exit,11
XRPUSDT,-1,2026-03-27 00:00:00+00:00,2026-04-07 00:00:00+00:00,1.3257,1.3787,-860.9601149087368,-45.630886090162996,-47.76749636892741,-0.36930657580510196,channel_exit,11
XRPUSDT,1,2026-04-15 00:00:00+00:00,2026-04-28 00:00:00+00:00,1.3922,1.3805,1101.4104000574016,-12.886501680671646,-15.623396383774283,-0.1211347873682281,channel_exit,13
XRPUSDT,1,2026-05-10 00:00:00+00:00,2026-05-17 00:00:00+00:00,1.4734,1.3787130800270087,1360.8333049717342,-128.85311424443998,-132.23027186358163,-1.0262093596956845,atr_stop,7
