symbol,side,entry_date,exit_date,entry_price,exit_price,size,pnl_gross,pnl_net,r_multiple,exit_reason,bars_held
BTCUSDT,-1,2020-09-08 20:00:00+00:00,2020-09-09 00:00:00+00:00,10126.65,10026.68,-0.25552726793773245,25.545060975734945,20.93329871134032,0.22328851958763007,structural_invalidation,1
BTCUSDT,1,2020-11-09 12:00:00+00:00,2020-11-14 08:00:00+00:00,15000.96,15848.312818379818,0.15237630797230672,129.11649401464538,124.76966070390657,1.3286241495071922,stop,29
BTCUSDT,1,2020-11-16 00:00:00+00:00,2020-11-18 04:00:00+00:00,16006.5,17386.219079522747,0.23958059595965375,330.55391932896464,323.05619801756177,3.407131105972042,stop,13
BTCUSDT,1,2020-12-04 00:00:00+00:00,2020-12-04 04:00:00+00:00,19162.62,19283.94,0.1422408394964023,17.256658647703485,12.319323781786633,0.12671777745827958,structural_invalidation,1
BTCUSDT,1,2020-12-06 08:00:00+00:00,2020-12-06 12:00:00+00:00,19089.16,19125.83,0.19113482124026485,7.008913894880873,0.4288121182618223,0.004406615697899227,structural_invalidation,1
BTCUSDT,1,2020-12-07 08:00:00+00:00,2020-12-07 16:00:00+00:00,19103.58,18967.01,0.20772739673757254,-28.369330572450977,-35.46127227260288,-0.3643997641576818,structural_invalidation,2
BTCUSDT,1,2020-12-07 16:00:00+00:00,2020-12-08 08:00:00+00:00,18967.01,18762.96,0.21270008341294264,-43.40145202041079,-50.58504170314346,-0.5212519123249407,structural_invalidation,4
BTCUSDT,1,2020-12-08 08:00:00+00:00,2020-12-08 12:00:00+00:00,18762.96,18809.91,0.21795925078742673,10.233186824469843,2.8535578207077767,0.029521645176373616,structural_invalidation,1
BTCUSDT,1,2021-01-11 12:00:00+00:00,2021-01-11 16:00:00+00:00,31580.0,32254.62,0.02775665594365208,18.72519523270654,17.11369053082671,0.17701146888013797,structural_invalidation,1
BTCUSDT,1,2021-02-24 16:00:00+00:00,2021-02-26 04:00:00+00:00,48959.93,45140.264247595274,0.025344106781333166,-96.80601669794666,-98.86528811695823,-1.0212721428817475,stop,9
BTCUSDT,-1,2021-03-04 20:00:00+00:00,2021-03-05 16:00:00+00:00,48374.09,49295.47,-0.03818867136228198,-35.18627801977955,-38.57482932604216,-0.40158272923143934,structural_invalidation,5
BTCUSDT,-1,2021-03-05 16:00:00+00:00,2021-03-05 20:00:00+00:00,49295.47,48751.71,-0.03773855465098401,20.520716477019143,17.20904214712408,0.17968797442040643,structural_invalidation,1
BTCUSDT,-1,2021-03-07 00:00:00+00:00,2021-03-07 04:00:00+00:00,49551.44,50052.68,-0.04510658660265746,-22.609225468715934,-26.673095449923117,-0.2781319282359843,structural_invalidation,1
BTCUSDT,-1,2021-03-08 08:00:00+00:00,2021-03-08 12:00:00+00:00,50496.82,51054.99,-0.04638347171223149,-25.88986240561617,-30.15245623759604,-0.3150699639912571,structural_invalidation,1
BTCUSDT,1,2021-03-17 08:00:00+00:00,2021-03-22 20:00:00+00:00,54840.0,54840.0,0.038850666324551086,0.0,-3.835026974229087,-0.04016799862646354,stop,33
BTCUSDT,-1,2021-03-27 20:00:00+00:00,2021-03-28 00:00:00+00:00,55817.14,56052.05,-0.04959412266390126,-11.650155354977217,-16.653889392850843,-0.17466024040303027,structural_invalidation,1
BTCUSDT,-1,2021-04-11 20:00:00+00:00,2021-04-12 00:00:00+00:00,60002.43,60368.96,-0.06581757534137904,-24.124115889875583,-31.27612532142084,-0.3284362551294373,structural_invalidation,1
BTCUSDT,1,2021-04-17 12:00:00+00:00,2021-04-17 20:00:00+00:00,60264.66,60006.66,0.05326228025004794,-13.74166830451237,-19.494633079733184,-0.2051618238028702,structural_invalidation,2
BTCUSDT,1,2021-04-17 20:00:00+00:00,2021-04-18 00:00:00+00:00,60006.66,58243.06873124459,0.05378418414379534,-94.85331755313094,-100.49191823386471,-1.0594454767233141,stop,1
BTCUSDT,-1,2021-04-21 20:00:00+00:00,2021-04-22 00:00:00+00:00,53787.63,53497.09,-0.037332674321785574,10.846635197451613,7.25169420881176,0.07707884233042545,structural_invalidation,1
BTCUSDT,-1,2021-07-23 20:00:00+00:00,2021-07-24 00:00:00+00:00,33634.09,33669.98,-0.09843423072811645,-3.5328045408327586,-9.498505984708679,-0.1009004496882407,structural_invalidation,1
BTCUSDT,-1,2021-07-26 00:00:00+00:00,2021-07-26 04:00:00+00:00,38283.98,38150.0,-0.06886966220984568,9.227157342875344,4.4978776389252415,0.04781702272486432,structural_invalidation,1
BTCUSDT,-1,2021-07-27 08:00:00+00:00,2021-07-27 12:00:00+00:00,38064.87,38209.58,-0.055780121366307805,-8.071941362918354,-11.90834438047852,-0.12655245038403432,structural_invalidation,1
BTCUSDT,-1,2021-07-27 20:00:00+00:00,2021-07-28 00:00:00+00:00,39457.87,39817.56,-0.05427785059888003,-19.52320008191089,-23.413380913116384,-0.24905525360303518,structural_invalidation,1
BTCUSDT,-1,2021-07-30 20:00:00+00:00,2021-08-04 16:00:00+00:00,42206.37,39602.87402674538,-0.055071448372689076,143.37829407959566,139.45251634132242,1.4861801057315829,stop,29
BTCUSDT,1,2021-10-23 12:00:00+00:00,2021-10-23 16:00:00+00:00,61446.87,61008.02,0.04392843947313372,-19.27799566278499,-24.101972467887304,-0.2539667594714625,structural_invalidation,1
BTCUSDT,1,2021-11-12 04:00:00+00:00,2021-11-12 08:00:00+00:00,64488.12,63753.19,0.05039313920140342,-37.03542979328743,-42.81833187405376,-0.4520620743440787,structural_invalidation,1
BTCUSDT,1,2021-11-17 00:00:00+00:00,2021-11-18 16:00:00+00:00,59039.99,56903.542307290794,0.04417993170653632,-94.38811315847971,-98.9133034618727,-1.047942374860223,stop,10
BTCUSDT,1,2021-11-18 20:00:00+00:00,2021-11-19 00:00:00+00:00,56891.62,55900.0,0.04201838443554222,-41.66627037397249,-45.894160215876745,-0.49013623286597785,structural_invalidation,1
BTCUSDT,-1,2022-05-15 04:00:00+00:00,2022-05-15 08:00:00+00:00,29825.99,30241.46,-0.057194986547907244,-23.76280106105888,-26.876188877259214,-0.28809431208012015,structural_invalidation,1
BTCUSDT,-1,2022-06-21 16:00:00+00:00,2022-07-01 00:00:00+00:00,20888.64,20888.64,-0.07336321994506316,-0.0,-2.758424203211839,-0.029632029722818812,stop,56
BTCUSDT,-1,2022-11-13 00:00:00+00:00,2022-11-24 16:00:00+00:00,16914.6,16577.41,-0.11859650461105326,39.98955538980089,36.45071420309311,0.3916237187081401,structural_invalidation,70
BTCUSDT,-1,2022-11-24 16:00:00+00:00,2022-11-30 00:00:00+00:00,16577.41,16577.41,-0.25608660321144494,-0.0,-7.6414547104981905,-0.08186093074083267,stop,32
BTCUSDT,1,2023-02-20 04:00:00+00:00,2023-02-20 20:00:00+00:00,24503.65,24842.2,0.15385715482478757,52.08833976593172,45.20846938507271,0.484562497701895,structural_invalidation,4
BTCUSDT,1,2023-02-20 20:00:00+00:00,2023-02-21 08:00:00+00:00,24842.2,24572.83,0.15644287829160566,-42.14101812540966,-49.06065778075623,-0.5239797894960816,structural_invalidation,3
BTCUSDT,1,2023-02-21 08:00:00+00:00,2023-02-21 12:00:00+00:00,24572.83,24558.09,0.15494358959043625,-2.2838685105632783,-9.133082023116273,-0.09793448579567256,structural_invalidation,1
BTCUSDT,1,2023-03-25 12:00:00+00:00,2023-03-25 16:00:00+00:00,27647.43,27189.68,0.11931399101481052,-54.61597938702952,-60.45537601041755,-0.6487424645048028,structural_invalidation,1
BTCUSDT,1,2023-03-27 12:00:00+00:00,2023-03-27 16:00:00+00:00,26903.62,26968.94,0.1273764097188428,8.320227082834775,2.136854930813577,0.0230425754731283,structural_invalidation,1
BTCUSDT,1,2023-04-02 08:00:00+00:00,2023-04-02 12:00:00+00:00,28357.93,28124.81,0.18337878081346007,-42.74926138323362,-52.032749446372,-0.5609927240050201,structural_invalidation,1
BTCUSDT,1,2023-04-04 12:00:00+00:00,2023-04-05 12:00:00+00:00,28030.04,28031.09,0.14881445973525081,0.15625518272190508,-7.35232154273044,-0.0796042162572664,structural_invalidation,6
BTCUSDT,1,2023-04-05 12:00:00+00:00,2023-04-06 04:00:00+00:00,28031.09,27910.97,0.1486173025441415,-17.851910381602124,-25.318405912624947,-0.2742977982276858,structural_invalidation,4
BTCUSDT,1,2023-04-06 04:00:00+00:00,2023-04-06 08:00:00+00:00,27910.97,27945.52,0.16035982893426398,5.540432089678704,-2.525977762343591,-0.02742330520756025,structural_invalidation,1
BTCUSDT,1,2023-04-07 04:00:00+00:00,2023-04-07 08:00:00+00:00,27839.78,27840.9,0.17918615391337936,0.20068849238345424,-8.778978334093152,-0.09532993283219056,structural_invalidation,1
BTCUSDT,1,2023-04-17 08:00:00+00:00,2023-04-17 12:00:00+00:00,29570.81,29358.31,0.20941395072897429,-44.500464529907035,-55.56693596079375,-0.6038231775237823,structural_invalidation,1
BTCUSDT,1,2023-04-20 16:00:00+00:00,2023-04-21 16:00:00+00:00,28104.38,27459.531461698632,0.14206192846980936,-91.60842692203013,-98.63014411181749,-1.0766492497001796,stop,6
BTCUSDT,1,2023-04-21 16:00:00+00:00,2023-04-21 20:00:00+00:00,27279.91,27262.84,0.1358940998887438,-2.319712285100817,-8.988458669080329,-0.09892548166580052,structural_invalidation,1
BTCUSDT,1,2023-06-26 12:00:00+00:00,2023-06-26 16:00:00+00:00,30419.62,30243.97,0.1488762558785103,-26.15011434506001,-34.254810574763596,-0.37728267141087396,structural_invalidation,1
BTCUSDT,1,2023-07-06 16:00:00+00:00,2023-07-06 20:00:00+00:00,30309.88,29895.43,0.16288052598576877,-67.50583399480199,-76.2707240481493,-0.8424613525620286,structural_invalidation,1
BTCUSDT,1,2023-07-16 16:00:00+00:00,2023-07-17 16:00:00+00:00,30252.93,29846.01380164453,0.2210803409091316,-89.96117185387502,-101.8382322847582,-1.1320242965506857,stop,6
BTCUSDT,1,2023-10-28 16:00:00+00:00,2023-10-28 20:00:00+00:00,34112.07,34081.0,0.12604481636343617,-3.9162124444119253,-11.648532540080009,-0.13060394749762594,structural_invalidation,1
BTCUSDT,1,2023-11-05 00:00:00+00:00,2023-11-05 04:00:00+00:00,35277.01,35162.46,0.14491908908231935,-16.600481654380104,-25.772762665948388,-0.289248871820329,structural_invalidation,1
BTCUSDT,1,2023-11-06 12:00:00+00:00,2023-11-06 16:00:00+00:00,35080.95,35054.68,0.14560054931043345,-3.824926430384621,-13.012091625407258,-0.14635278098866017,structural_invalidation,1
BTCUSDT,1,2023-11-13 20:00:00+00:00,2023-11-14 08:00:00+00:00,36462.93,36259.18,0.1461164822229332,-29.771233252922638,-39.30774814672128,-0.44261661674212005,structural_invalidation,3
BTCUSDT,1,2023-11-14 08:00:00+00:00,2023-11-14 12:00:00+00:00,36259.18,36147.09,0.1470410222242663,-16.481828181118566,-26.049017296377162,-0.2943411420471397,structural_invalidation,1
BTCUSDT,1,2023-12-12 04:00:00+00:00,2023-12-12 08:00:00+00:00,41916.27,41584.57,0.08176571541687197,-27.121687803776194,-33.242033613211575,-0.37644973962810446,structural_invalidation,1
BTCUSDT,1,2023-12-13 00:00:00+00:00,2023-12-13 04:00:00+00:00,40829.36,41115.27,0.08057576987430855,23.03741836476325,17.07420820385114,0.19391012085552467,structural_invalidation,1
BTCUSDT,1,2024-01-05 04:00:00+00:00,2024-01-05 12:00:00+00:00,43777.47,43500.01,0.06573747047211849,-18.23951855719394,-23.386763678435287,-0.26521548926581323,structural_invalidation,2
BTCUSDT,1,2024-01-05 12:00:00+00:00,2024-01-09 12:00:00+00:00,43500.01,45456.24370990729,0.06501562299758487,127.18575337849919,121.86609457142578,1.38479989907607,stop,24
BTCUSDT,1,2024-01-14 20:00:00+00:00,2024-01-18 16:00:00+00:00,41732.35,41732.35,0.0727346170926983,0.0,-5.463695695731241,-0.06146544023710196,stop,23
BTCUSDT,1,2024-02-18 00:00:00+00:00,2024-02-23 00:00:00+00:00,51479.99,51100.0,0.08531385855922062,-32.41841311391807,-40.26558182419518,-0.4533307163911258,structural_invalidation,30
BTCUSDT,1,2024-02-23 00:00:00+00:00,2024-02-23 04:00:00+00:00,51100.0,50915.96,0.08491913152840241,-15.628516966487254,-23.41124735393003,-0.26468048318416226,structural_invalidation,1
BTCUSDT,-1,2024-03-14 16:00:00+00:00,2024-03-14 20:00:00+00:00,69415.09,71509.31217569807,-0.042151875649989776,-88.2753927334762,-93.70104567583958,-1.0614628015164393,stop,1
BTCUSDT,1,2024-03-16 20:00:00+00:00,2024-03-17 04:00:00+00:00,65300.63,65636.67,0.0320119665198957,10.757301229345778,6.975215240814382,0.07965062658561863,structural_invalidation,2
BTCUSDT,1,2024-03-17 04:00:00+00:00,2024-03-19 00:00:00+00:00,65636.67,65636.67,0.03220684256355609,0.0,-3.805109814754953,-0.043425995246587246,stop,11
BTCUSDT,-1,2024-03-19 12:00:00+00:00,2024-03-19 16:00:00+00:00,64051.85,64391.99,-0.03241438169741052,-11.025427790557195,-14.78243556636571,-0.1688065044217257,structural_invalidation,1
BTCUSDT,-1,2024-03-20 16:00:00+00:00,2024-03-20 20:00:00+00:00,65784.46,67840.51,-0.029348777790946672,-60.34255457707556,-63.92641947286165,-0.7308951482899824,structural_invalidation,1
BTCUSDT,-1,2024-03-28 08:00:00+00:00,2024-03-28 12:00:00+00:00,70647.18,71290.39,-0.0452862903828783,-29.12859483717144,-34.939853982659,-0.40168259264171,structural_invalidation,1
BTCUSDT,1,2024-11-01 20:00:00+00:00,2024-11-03 00:00:00+00:00,69496.01,67909.00286854478,0.05464480205099113,-86.72169055188168,-93.40126378649894,-1.077023097590806,stop,7
BTCUSDT,1,2024-11-25 12:00:00+00:00,2024-11-25 16:00:00+00:00,96000.56,94669.48,0.04115819786493672,-54.78485401406004,-61.79841935535924,-0.7185041899528628,structural_invalidation,1
BTCUSDT,1,2024-12-02 08:00:00+00:00,2024-12-02 16:00:00+00:00,95128.68,95128.68,0.051780015560606366,0.0,-8.866376155187897,-0.10365307093512426,stop,2
BTCUSDT,1,2024-12-03 08:00:00+00:00,2024-12-05 16:00:00+00:00,94988.01,99545.60817181427,0.0456078010481557,207.86203067754346,199.68992935065148,2.336443303848346,stop,14
BTCUSDT,1,2024-12-08 00:00:00+00:00,2024-12-08 04:00:00+00:00,99934.82,99675.11,0.034095409095817354,-8.854918696274943,-14.972153270092015,-0.1723213368632025,structural_invalidation,1
BTCUSDT,1,2024-12-09 08:00:00+00:00,2024-12-09 12:00:00+00:00,98088.47,97812.0,0.03634651410658033,-10.048720755046306,-16.44794618307341,-0.18955188898318334,structural_invalidation,1
BTCUSDT,1,2024-12-10 12:00:00+00:00,2024-12-10 16:00:00+00:00,95658.79,95856.5,0.0314195099399825,6.2119513102341415,0.7907756520226634,0.009126149495625258,structural_invalidation,1
BTCUSDT,1,2024-12-20 08:00:00+00:00,2024-12-23 16:00:00+00:00,92723.98,92723.98,0.025598694067510135,0.0,-4.272503034135471,-0.0493058290482043,stop,20
BTCUSDT,1,2025-05-25 00:00:00+00:00,2025-05-25 04:00:00+00:00,108095.75,107681.81,0.0395977744197711,-16.391102743320143,-24.06623078200692,-0.27788674433127347,structural_invalidation,1
BTCUSDT,1,2025-07-17 08:00:00+00:00,2025-07-18 12:00:00+00:00,117995.0,117995.0,0.040623533781839485,0.0,-8.628072963458669,-0.0998342690072533,stop,7
BTCUSDT,1,2025-08-18 00:00:00+00:00,2025-08-18 04:00:00+00:00,115319.0,115205.98,0.057242058090498156,-6.469497405388335,-18.33982672454732,-0.21239352589607985,structural_invalidation,1
BTCUSDT,1,2025-10-09 16:00:00+00:00,2025-10-10 12:00:00+00:00,120951.72,118686.55086264417,0.03805931400286514,-86.21078346822462,-94.34161514118173,-1.0943133949821249,stop,5
BTCUSDT,1,2025-10-10 12:00:00+00:00,2025-10-10 16:00:00+00:00,119018.98,116684.43453652819,0.03662451882094237,-85.50160426526872,-93.1939245490981,-1.0899669702098682,stop,1
BTCUSDT,1,2025-10-14 00:00:00+00:00,2025-10-14 04:00:00+00:00,113500.0,111724.41,0.030055873164084312,-53.36690783141636,-59.411262284742236,-0.7005852980346073,structural_invalidation,1
BTCUSDT,-1,2025-11-24 08:00:00+00:00,2025-11-24 12:00:00+00:00,86264.72,86616.44,-0.03428920581521713,-12.060199469328209,-17.40621555798274,-0.20634054141588046,structural_invalidation,1
BTCUSDT,-1,2025-11-26 16:00:00+00:00,2025-11-26 20:00:00+00:00,89957.36,90484.02,-0.03522591369593579,-18.55207970710167,-24.289367809988057,-0.2883825876326915,structural_invalidation,1
BTCUSDT,-1,2025-11-28 12:00:00+00:00,2025-12-02 00:00:00+00:00,92362.49,87235.55467007628,-0.04366721685567906,223.8789968568218,217.0221958668752,2.582244231856088,stop,21
BTCUSDT,-1,2026-02-08 20:00:00+00:00,2026-02-09 00:00:00+00:00,70330.38,71307.56,-0.029589319889599962,-28.914091609719083,-32.7119875758154,-0.3818016167659268,structural_invalidation,1
ETHUSDT,1,2020-09-05 08:00:00+00:00,2020-09-05 16:00:00+00:00,356.01,326.58056620703985,3.1855862623638407,-93.75,-95.62263101747547,-1.0199747308530718,stop,2
ETHUSDT,1,2020-09-05 16:00:00+00:00,2020-09-23 20:00:00+00:00,323.31,323.31,2.7847467859735184,0.0,-1.6206056700715767,-0.0174198626588932,stop,109
ETHUSDT,-1,2020-09-27 00:00:00+00:00,2020-10-09 08:00:00+00:00,359.42,359.42,-7.965521106810597,-0.0,-5.153341673177756,-0.055419944081890916,stop,74
ETHUSDT,1,2020-11-27 08:00:00+00:00,2020-11-27 12:00:00+00:00,507.84,496.33,2.6668627597947823,-30.69559036523792,-33.078149553662016,-0.35572553701805915,structural_invalidation,1
ETHUSDT,1,2020-12-06 12:00:00+00:00,2020-12-08 08:00:00+00:00,594.88,572.9125089380609,4.221681678317334,-92.73975453478803,-97.09333217086076,-1.0469440280267255,stop,11
ETHUSDT,1,2020-12-08 08:00:00+00:00,2020-12-08 12:00:00+00:00,573.79,574.13,5.050560634928949,1.7171906158760035,-3.5022304633211605,-0.03806964202138858,structural_invalidation,1
ETHUSDT,1,2020-12-10 00:00:00+00:00,2020-12-10 04:00:00+00:00,567.66,563.51,4.332105589425873,-17.978238196117275,-22.372370873372546,-0.2432596627715004,structural_invalidation,1
ETHUSDT,1,2020-12-10 20:00:00+00:00,2020-12-11 00:00:00+00:00,558.99,547.27,4.456694019110411,-52.23245390397413,-56.62268078848353,-0.6167960565941888,structural_invalidation,1
ETHUSDT,1,2020-12-20 12:00:00+00:00,2020-12-20 16:00:00+00:00,654.19,649.85,3.938209581746794,-17.091829584781213,-21.698471478837888,-0.23747020084149534,structural_invalidation,1
ETHUSDT,1,2021-01-13 08:00:00+00:00,2021-01-20 08:00:00+00:00,1061.6,1308.546022411406,0.7214754162466482,178.16548430972338,176.46613349456848,1.93494617142266,stop,42
ETHUSDT,1,2021-01-28 16:00:00+00:00,2021-01-28 20:00:00+00:00,1332.24,1329.69,0.9839062974566024,-2.5089610585142914,-4.863883714911417,-0.052640205084204486,structural_invalidation,1
ETHUSDT,1,2021-02-08 16:00:00+00:00,2021-02-10 12:00:00+00:00,1695.96,1695.96,0.8852329425683674,0.0,-2.7023753903008467,-0.029258466530203288,stop,11
ETHUSDT,1,2021-02-10 12:00:00+00:00,2021-02-11 00:00:00+00:00,1714.37,1721.86,0.9027614906040689,6.761683564624484,3.9637115442437447,0.04297565975508995,structural_invalidation,3
ETHUSDT,1,2021-02-11 00:00:00+00:00,2021-02-15 00:00:00+00:00,1721.86,1721.86,0.947404914680787,0.0,-2.9363375275060677,-0.03183268539725364,stop,24
ETHUSDT,1,2021-02-16 04:00:00+00:00,2021-02-16 08:00:00+00:00,1797.57,1783.13,1.0988658726473337,-15.867623201027309,-19.394580467315862,-0.21075491319945575,structural_invalidation,1
ETHUSDT,1,2021-02-22 12:00:00+00:00,2021-02-23 04:00:00+00:00,1733.29,1618.2342419604884,0.7984152997528118,-91.86227754340364,-94.1879189026609,-1.0253166089656163,stop,4
ETHUSDT,1,2021-02-23 04:00:00+00:00,2021-02-23 08:00:00+00:00,1586.64,1458.6980311493521,0.7124421179854874,-91.15124726718891,-93.02187551385286,-1.0205222451995708,stop,1
ETHUSDT,1,2021-04-05 20:00:00+00:00,2021-04-06 04:00:00+00:00,2107.38,2099.45,1.2037044865831477,-9.545376578604712,-14.094187870447293,-0.1558202998474172,structural_invalidation,2
ETHUSDT,1,2021-04-06 04:00:00+00:00,2021-04-06 12:00:00+00:00,2099.45,2084.67,1.2186201610216418,-18.011205979899557,-22.583963583838134,-0.2500575988678537,structural_invalidation,2
ETHUSDT,1,2021-04-06 12:00:00+00:00,2021-04-07 04:00:00+00:00,2084.67,2074.89,1.1625751134091955,-11.369984609142165,-15.711972467853055,-0.17431935007973326,structural_invalidation,4
ETHUSDT,1,2021-04-07 04:00:00+00:00,2021-04-07 08:00:00+00:00,2074.89,1999.6005784019203,1.195321551502944,-89.99506823637574,-94.29736643474656,-1.0478059329548,stop,1
ETHUSDT,1,2021-04-09 12:00:00+00:00,2021-04-09 20:00:00+00:00,2062.24,2066.87,1.2365343747306394,5.725154155002995,1.124793709423865,0.012599131664702572,structural_invalidation,2
ETHUSDT,1,2021-04-09 20:00:00+00:00,2021-04-16 04:00:00+00:00,2066.87,2389.6774519658843,1.299661768793016,419.5405040015479,413.9501136382277,4.636974572837368,stop,38
ETHUSDT,1,2021-04-19 12:00:00+00:00,2021-04-20 00:00:00+00:00,2095.32,2096.73,0.6200724007185522,0.8743020850130684,-1.4659218435524295,-0.015952147994975095,structural_invalidation,3
ETHUSDT,1,2021-04-20 00:00:00+00:00,2021-04-20 04:00:00+00:00,2096.73,2092.03,0.6241056823429162,-2.9332967070115927,-5.283462766148924,-0.05750538851856764,structural_invalidation,1
ETHUSDT,1,2021-04-25 16:00:00+00:00,2021-05-04 00:00:00+00:00,2268.57,3247.0856936501955,0.5721906090890989,559.8974907529474,556.5531772594818,6.0601574060187255,stop,50
ETHUSDT,1,2021-05-15 04:00:00+00:00,2021-05-15 08:00:00+00:00,3907.66,3902.03,0.31946653731272906,-1.7985966050705542,-4.042419027733253,-0.042130365637516584,structural_invalidation,1
ETHUSDT,1,2021-06-01 00:00:00+00:00,2021-06-01 08:00:00+00:00,2630.79,2624.09,0.4536398223085648,-3.0393868094673016,-5.1820919078463294,-0.054027928223456985,structural_invalidation,2
ETHUSDT,1,2021-06-01 08:00:00+00:00,2021-06-01 12:00:00+00:00,2624.09,2568.49,0.46585064921564034,-25.90129609638977,-28.055055017596754,-0.29262025724562707,structural_invalidation,1
ETHUSDT,1,2021-11-01 12:00:00+00:00,2021-11-01 20:00:00+00:00,4349.98,4319.43,0.6430065258193465,-19.643849363780568,-24.643208383856315,-0.2575993039264756,structural_invalidation,2
ETHUSDT,1,2021-11-01 20:00:00+00:00,2021-11-02 00:00:00+00:00,4319.43,4318.83,0.6461218043503081,-0.3876730826104199,-5.410555500718454,-0.05667019502624129,structural_invalidation,1
ETHUSDT,1,2021-11-13 12:00:00+00:00,2021-11-13 16:00:00+00:00,4680.23,4643.8,0.690390911816515,-25.150940917475214,-30.921808086803573,-0.32402767665742777,structural_invalidation,1
ETHUSDT,1,2021-11-16 00:00:00+00:00,2021-11-16 04:00:00+00:00,4309.58,4312.11,0.6317155609295523,1.5982403691516065,-3.3050082082402694,-0.034718219834635744,structural_invalidation,1
ETHUSDT,1,2021-11-22 00:00:00+00:00,2021-11-22 04:00:00+00:00,4164.99,4188.17,0.6002532994524455,13.913871481307863,9.388738331205914,0.09865185156009812,structural_invalidation,1
ETHUSDT,1,2021-11-22 16:00:00+00:00,2021-11-22 20:00:00+00:00,4066.39,4085.97,0.5520136464523718,10.8084271975374,6.748507039346404,0.07085728373524605,structural_invalidation,1
ETHUSDT,1,2021-11-26 08:00:00+00:00,2021-12-01 20:00:00+00:00,3985.44,4527.226121724061,0.5022865621742445,272.1318885144954,268.03875179373625,2.812831039827238,stop,33
ETHUSDT,-1,2022-01-27 12:00:00+00:00,2022-01-31 16:00:00+00:00,2479.84,2641.31925502234,-0.6023860691085519,-97.27285367548457,-100.13682273741311,-1.029442634339516,stop,25
ETHUSDT,-1,2022-05-15 04:00:00+00:00,2022-05-15 08:00:00+00:00,2037.55,2080.49,-0.6733553075472989,-28.913876906080898,-31.435513076919243,-0.32569425364638926,structural_invalidation,1
ETHUSDT,-1,2022-05-22 08:00:00+00:00,2022-05-22 12:00:00+00:00,2017.36,2004.58,-1.4750659923290586,18.85134338196533,13.528945365539958,0.14051162490173116,structural_invalidation,1
ETHUSDT,1,2022-06-14 04:00:00+00:00,2022-06-14 08:00:00+00:00,1241.16,1175.23,0.7708385167080872,-50.82138340656424,-52.45202599654776,-0.5441932444680008,structural_invalidation,1
ETHUSDT,1,2023-03-17 12:00:00+00:00,2023-03-21 04:00:00+00:00,1717.41,1717.41,1.4623029536836787,0.0,-4.520472688234596,-0.047092240191733956,stop,22
ETHUSDT,1,2023-03-27 16:00:00+00:00,2023-03-27 20:00:00+00:00,1704.58,1715.22,1.9499772217140465,20.74775763903765,14.72740576462659,0.15351056515061196,structural_invalidation,1
ETHUSDT,1,2023-04-08 16:00:00+00:00,2023-04-08 20:00:00+00:00,1854.01,1848.82,2.9783494781808804,-15.457633791758932,-25.369211539809605,-0.26413092940489524,structural_invalidation,1
ETHUSDT,-1,2023-05-31 08:00:00+00:00,2023-05-31 12:00:00+00:00,1865.19,1857.94,-3.1031681499466766,22.497969087113404,12.120068668591934,0.12643827232980895,structural_invalidation,1
ETHUSDT,-1,2023-10-15 16:00:00+00:00,2023-10-16 04:00:00+00:00,1560.41,1578.9005719808658,-5.189049606151072,-95.94849525481948,-110.6958833589597,-1.1537010879115321,stop,3
ETHUSDT,-1,2023-10-16 04:00:00+00:00,2023-10-16 08:00:00+00:00,1578.73,1582.72,-4.662484662182086,-18.603313802106566,-31.886247706258466,-0.33521624616224427,structural_invalidation,1
ETHUSDT,-1,2023-10-20 08:00:00+00:00,2023-10-21 12:00:00+00:00,1613.15,1628.7,-3.4433529110849577,-53.544137767370934,-63.63887776268226,-0.670696856633485,structural_invalidation,7
ETHUSDT,-1,2023-10-21 12:00:00+00:00,2023-10-21 16:00:00+00:00,1628.7,1635.19,-3.7826154144376436,-24.54917403970034,-35.68270485886207,-0.37794231620738533,structural_invalidation,1
ETHUSDT,-1,2023-10-22 16:00:00+00:00,2023-10-22 20:00:00+00:00,1635.0,1660.2385932487484,-3.7302882110402513,-94.14722685904634,-105.29493007248408,-1.1184071330122942,stop,1
ETHUSDT,1,2023-11-12 20:00:00+00:00,2023-11-13 00:00:00+00:00,2044.68,2039.74,1.9376583930643376,-9.572032461737933,-16.686207256942225,-0.17873448407194975,structural_invalidation,1
ETHUSDT,1,2023-11-14 16:00:00+00:00,2023-11-14 20:00:00+00:00,1978.99,1979.39,1.5066961679467794,0.6026784671788488,-4.765532322991068,-0.0511199308946802,structural_invalidation,1
ETHUSDT,1,2023-11-17 12:00:00+00:00,2023-11-21 12:00:00+00:00,1918.35,1982.6975492320116,1.5715562770765068,101.12579491005756,95.51713750778598,1.0250066372238946,stop,24
ETHUSDT,-1,2023-11-22 00:00:00+00:00,2023-11-22 04:00:00+00:00,1978.31,1993.73,-1.643181262209145,-25.337855063265135,-31.234762663492766,-0.3327263508997956,structural_invalidation,1
ETHUSDT,-1,2023-11-28 16:00:00+00:00,2023-12-01 00:00:00+00:00,2059.0,2092.2,-2.170472963466423,-72.05970238708484,-80.23361674858084,-0.8568217256321412,structural_invalidation,14
ETHUSDT,-1,2023-12-01 00:00:00+00:00,2023-12-01 04:00:00+00:00,2092.2,2092.75,-2.3840157385532414,-1.3112086562047165,-10.29167674254785,-0.11058875024993312,structural_invalidation,1
ETHUSDT,-1,2023-12-02 12:00:00+00:00,2023-12-02 16:00:00+00:00,2104.17,2137.2035576215576,-2.814877359452848,-92.98541345110334,-103.81415208350714,-1.1164563153563662,stop,1
ETHUSDT,-1,2023-12-12 00:00:00+00:00,2023-12-12 04:00:00+00:00,2231.6,2233.46,-1.4785145856130044,-2.7500371292403765,-8.694002864730173,-0.09428342029386004,structural_invalidation,1
ETHUSDT,1,2023-12-12 08:00:00+00:00,2023-12-12 12:00:00+00:00,2208.39,2192.99,1.5373544440862725,-23.675258438928736,-29.743783699134895,-0.3227891836812513,structural_invalidation,1
ETHUSDT,1,2023-12-13 00:00:00+00:00,2023-12-13 04:00:00+00:00,2166.03,2172.49,1.4907531572404478,9.63026539577267,3.80070200794073,0.041346547019534025,structural_invalidation,1
ETHUSDT,-1,2023-12-13 20:00:00+00:00,2023-12-14 04:00:00+00:00,2260.16,2282.84,-1.4894479198726458,-33.78067882271204,-39.90098714363577,-0.43393473222057527,structural_invalidation,2
ETHUSDT,-1,2023-12-14 04:00:00+00:00,2023-12-14 08:00:00+00:00,2282.84,2307.35,-1.5589514641577642,-38.20990038650643,-44.68458437599038,-0.48753107083656877,structural_invalidation,1
ETHUSDT,1,2023-12-31 00:00:00+00:00,2024-01-03 12:00:00+00:00,2284.02,2284.02,1.6203442534117767,0.0,-6.661617627019619,-0.07294614538287275,stop,21
ETHUSDT,1,2024-01-14 16:00:00+00:00,2024-01-14 20:00:00+00:00,2501.0,2472.87,1.2160975232090112,-34.20882332786962,-39.621875275861775,-0.43462495926914474,structural_invalidation,1
ETHUSDT,1,2024-01-23 16:00:00+00:00,2024-01-31 08:00:00+00:00,2185.7,2314.1651803633285,1.3817260164238423,177.5036819125926,171.74810588777427,1.8901208337228572,stop,46
ETHUSDT,1,2024-03-03 08:00:00+00:00,2024-03-05 16:00:00+00:00,3413.39,3639.2779812447607,1.0468348599505108,236.4674132108628,229.60991171039157,2.4929411687913645,stop,14
ETHUSDT,-1,2024-03-06 08:00:00+00:00,2024-03-06 16:00:00+00:00,3879.74,3852.59,-0.491922491639862,13.355695648022074,9.944379438301805,0.10610777010483954,structural_invalidation,2
ETHUSDT,-1,2024-03-06 16:00:00+00:00,2024-03-06 20:00:00+00:00,3852.59,3818.59,-0.48304595515192617,16.42356247516549,13.10336445817502,0.13969478149788706,structural_invalidation,1
ETHUSDT,-1,2024-03-07 12:00:00+00:00,2024-03-07 16:00:00+00:00,3837.16,3870.19,-0.5523197999537307,-18.243122992471836,-22.09077161232111,-0.23526291340440536,structural_invalidation,1
ETHUSDT,-1,2024-03-11 04:00:00+00:00,2024-03-11 08:00:00+00:00,4001.4,4034.25,-0.7199883794338022,-23.651618264400337,-28.879921879915806,-0.3080865452230603,structural_invalidation,1
ETHUSDT,-1,2024-03-13 16:00:00+00:00,2024-03-13 20:00:00+00:00,4000.44,4004.79,-0.7760803604230184,-3.3759495678400597,-8.970419527753359,-0.09590166015701075,structural_invalidation,1
ETHUSDT,1,2024-03-14 20:00:00+00:00,2024-03-15 00:00:00+00:00,3881.7,3750.0377593634694,0.7099257083744345,-93.47040945005412,-98.2624562329987,-1.0512680623861523,stop,1
ETHUSDT,1,2024-03-21 12:00:00+00:00,2024-03-21 16:00:00+00:00,3497.6,3441.38,0.5290431448092013,-29.742805601173192,-33.01995489700347,-0.3561045148296542,structural_invalidation,1
ETHUSDT,1,2024-03-22 08:00:00+00:00,2024-03-22 12:00:00+00:00,3405.19,3349.31,0.5573719122525371,-31.145942456671836,-34.50620283163962,-0.3731393161973317,structural_invalidation,1
ETHUSDT,1,2024-03-23 16:00:00+00:00,2024-03-23 20:00:00+00:00,3386.12,3329.53,0.6321488949557839,-35.773305965547614,-39.56187164394745,-0.4290103467609686,structural_invalidation,1
ETHUSDT,-1,2024-08-08 12:00:00+00:00,2024-08-08 16:00:00+00:00,2507.2,2573.53,-0.6128382435080658,-40.64956069189024,-43.4884443805578,-0.47311251776599067,structural_invalidation,1
ETHUSDT,-1,2024-08-12 12:00:00+00:00,2024-08-12 20:00:00+00:00,2689.2,2722.3,-0.8076453335552503,-26.733060540679077,-30.6906357454465,-0.3350750917754881,structural_invalidation,2
ETHUSDT,-1,2024-08-12 20:00:00+00:00,2024-08-23 16:00:00+00:00,2722.3,2722.3,-0.7966161235953548,-0.0,-3.903530531874542,-0.04272496384303618,stop,65
ETHUSDT,-1,2024-09-09 16:00:00+00:00,2024-09-09 20:00:00+00:00,2350.57,2359.5,-1.3282499803857832,-11.861272324844826,-17.50248281654129,-0.1916203270683414,structural_invalidation,1
ETHUSDT,1,2024-12-09 16:00:00+00:00,2024-12-09 20:00:00+00:00,3795.78,3686.4049834436196,0.8339026515481479,-91.20811631948837,-96.74150152216146,-1.0606676842583884,stop,1
ETHUSDT,1,2024-12-10 12:00:00+00:00,2024-12-10 16:00:00+00:00,3567.75,3628.82,0.6021077617543001,36.77072101033521,32.837827771918576,0.36291888254971466,structural_invalidation,1
ETHUSDT,-1,2025-03-14 04:00:00+00:00,2025-03-14 08:00:00+00:00,1893.07,1902.4,-1.0243683411238,-9.557356622685212,-13.065121620562262,-0.14400446185708618,structural_invalidation,1
ETHUSDT,-1,2025-03-17 16:00:00+00:00,2025-03-19 00:00:00+00:00,1942.23,1942.23,-1.559943659931947,-0.0,-5.453584874333326,-0.060173946368837515,stop,8
ETHUSDT,-1,2025-03-19 08:00:00+00:00,2025-03-19 12:00:00+00:00,2027.99,2048.99,-1.6019478500979454,-33.64090485205649,-39.549180077726426,-0.4365579020909225,structural_invalidation,1
ETHUSDT,-1,2025-03-20 20:00:00+00:00,2025-03-24 04:00:00+00:00,1983.79,2041.3720731432454,-1.568137138893821,-90.29658743042366,-96.05865988237753,-1.06381273773379,stop,20
ETHUSDT,-1,2025-03-24 04:00:00+00:00,2025-03-24 08:00:00+00:00,2069.16,2092.77,-1.9248487244502874,-45.44567838427153,-52.69655658139362,-0.5882585004153823,structural_invalidation,1
ETHUSDT,-1,2025-03-26 04:00:00+00:00,2025-03-26 08:00:00+00:00,2069.25,2068.51,-1.9169320587229137,1.4185297234545378,-5.718817915565545,-0.06412075857890882,structural_invalidation,1
ETHUSDT,-1,2025-04-12 04:00:00+00:00,2025-04-12 08:00:00+00:00,1582.05,1594.06,-1.1288333852633186,-13.557288957012446,-16.79625962001557,-0.18841362721559288,structural_invalidation,1
ETHUSDT,-1,2025-04-14 08:00:00+00:00,2025-04-22 12:00:00+00:00,1675.32,1675.32,-1.2020017986064262,-0.0,-3.6247277758343723,-0.04071830197003954,stop,49
ETHUSDT,1,2025-07-24 12:00:00+00:00,2025-07-24 20:00:00+00:00,3730.76,3706.94,0.6435828494790282,-15.330143474590557,-19.624444889076578,-0.2204997861378417,structural_invalidation,2
ETHUSDT,1,2025-07-24 20:00:00+00:00,2025-07-25 00:00:00+00:00,3706.94,3573.8477016843617,0.6675882256338985,-88.8508512780745,-93.14539684061035,-1.0483343209520335,stop,1
ETHUSDT,1,2025-07-25 12:00:00+00:00,2025-07-25 16:00:00+00:00,3634.2,3641.14,0.609606551919451,4.230669470321024,0.2352764295002423,0.002669032341475695,structural_invalidation,1
ETHUSDT,1,2025-07-31 08:00:00+00:00,2025-07-31 12:00:00+00:00,3838.46,3788.38,0.8096307918362536,-40.54631005515952,-46.06725043367745,-0.5225973647726728,structural_invalidation,1
ETHUSDT,1,2025-08-17 00:00:00+00:00,2025-08-18 00:00:00+00:00,4452.77,4315.179209273399,0.6381608485604658,-87.80505576419372,-92.76185693077844,-1.056452343472072,stop,6
ETHUSDT,1,2025-08-18 00:00:00+00:00,2025-08-18 04:00:00+00:00,4320.22,4257.47,0.5914765614602366,-37.11515423162985,-41.647902920646054,-0.4781168045273475,structural_invalidation,1
ETHUSDT,1,2025-08-19 00:00:00+00:00,2025-08-19 12:00:00+00:00,4218.66,4192.14,0.5761898385353219,-15.280554517956464,-19.6283977634479,-0.22614440380106662,structural_invalidation,3
ETHUSDT,1,2025-08-19 12:00:00+00:00,2025-08-19 16:00:00+00:00,4192.14,4142.0,0.5627199747797451,-28.214779535456604,-32.41019457942447,-0.37404959700564255,structural_invalidation,1
ETHUSDT,1,2025-08-25 16:00:00+00:00,2025-08-25 20:00:00+00:00,4420.34,4376.18,0.4927870448745772,-21.761475901661257,-25.643220559731866,-0.29678980393922666,structural_invalidation,1
ETHUSDT,-1,2026-02-08 20:00:00+00:00,2026-02-14 08:00:00+00:00,2089.74,2089.74,-0.7552880258680336,-0.0,-2.8410400785194354,-0.03295501800712021,stop,33
SOLUSDT,1,2020-09-04 04:00:00+00:00,2020-09-05 08:00:00+00:00,3.5284,3.0087971111389127,180.42624860206175,-93.75,-94.72715875602152,-1.0104230267308962,stop,7
SOLUSDT,1,2020-09-05 08:00:00+00:00,2020-09-07 12:00:00+00:00,2.4784,2.4784,160.68091858094124,0.0,-0.7168168594998087,-0.007704432017720701,stop,13
SOLUSDT,-1,2020-09-09 04:00:00+00:00,2020-09-09 08:00:00+00:00,2.57,2.7006,-228.97934060821186,-29.90470188343253,-31.017788776476298,-0.33340211145542037,structural_invalidation,1
SOLUSDT,-1,2020-09-17 16:00:00+00:00,2020-09-17 20:00:00+00:00,2.769,2.8829,-315.8949670253273,-35.98043674418467,-37.61968522497184,-0.40537782600950395,structural_invalidation,1
SOLUSDT,-1,2020-09-20 20:00:00+00:00,2020-09-21 00:00:00+00:00,2.8628,2.9935,-344.8443032638457,-45.071150436584645,-46.92927499586123,-0.5072371903688148,structural_invalidation,1
SOLUSDT,-1,2020-09-22 16:00:00+00:00,2020-09-24 04:00:00+00:00,2.9538,3.0402,-301.36214819647995,-26.03768960417581,-27.6868517694803,-0.30039486109898783,structural_invalidation,9
SOLUSDT,-1,2020-09-24 04:00:00+00:00,2020-09-24 08:00:00+00:00,3.0402,3.0101,-315.4584312306222,9.495298780041733,7.7860882171166,0.08466647472029114,structural_invalidation,1
SOLUSDT,-1,2020-09-25 12:00:00+00:00,2020-09-25 16:00:00+00:00,3.1337,3.2203,-339.5978828203509,-29.409176652242316,-31.377669363925794,-0.34098383408705396,structural_invalidation,1
SOLUSDT,-1,2020-09-26 20:00:00+00:00,2020-09-27 00:00:00+00:00,3.1287,3.135,-404.1969300931986,-2.54644065958714,-4.82732393610306,-0.052595297681297865,structural_invalidation,1
SOLUSDT,-1,2020-09-27 12:00:00+00:00,2020-09-27 20:00:00+00:00,3.1357,3.1578,-446.2342291154673,-9.861776463451832,-12.398189671113313,-0.13513430098772714,structural_invalidation,2
SOLUSDT,-1,2020-09-27 20:00:00+00:00,2020-10-05 12:00:00+00:00,3.1578,2.6265936494899815,-475.2394642082647,252.4502214004088,250.20335167479118,2.729831740711013,stop,46
SOLUSDT,-1,2020-10-11 08:00:00+00:00,2020-10-12 00:00:00+00:00,2.4562,2.4949,-583.8114801748317,-22.59350428276596,-25.215296554164695,-0.26952531148761044,structural_invalidation,4
SOLUSDT,-1,2020-10-12 00:00:00+00:00,2020-10-12 04:00:00+00:00,2.4949,2.5719,-638.9325081774736,-49.19780312966544,-52.155690061672395,-0.5586064437665961,structural_invalidation,1
SOLUSDT,-1,2020-10-12 12:00:00+00:00,2020-10-12 16:00:00+00:00,2.5372,2.6255,-594.4327986357351,-52.48841611953557,-55.297646082608196,-0.5947496700251681,structural_invalidation,1
SOLUSDT,-1,2020-11-07 00:00:00+00:00,2020-11-07 04:00:00+00:00,2.1397,2.2113,-487.46544988718523,-34.90252621192251,-36.842804440726475,-0.39803046259488023,structural_invalidation,1
SOLUSDT,-1,2020-12-27 12:00:00+00:00,2020-12-28 12:00:00+00:00,1.4014,1.4014,-1003.2095457401207,-0.0,-2.530616143320369,-0.027421317156300255,stop,6
SOLUSDT,-1,2020-12-28 16:00:00+00:00,2020-12-28 20:00:00+00:00,1.426,1.5184541422380402,-997.905196306453,-92.2604689593963,-94.98796086140263,-1.029562952939321,stop,1
SOLUSDT,-1,2021-01-01 00:00:00+00:00,2021-01-01 04:00:00+00:00,1.6029,1.6196,-774.56375501783,-12.935214708797712,-15.193284932526092,-0.16595966158658762,structural_invalidation,1
SOLUSDT,-1,2021-01-22 12:00:00+00:00,2021-01-22 16:00:00+00:00,3.3916,3.4243,-256.77525021603,-8.396550682064225,-9.979246562830777,-0.10914139815816465,structural_invalidation,1
SOLUSDT,-1,2021-01-25 12:00:00+00:00,2021-01-25 16:00:00+00:00,3.7116,3.964883578201971,-360.7021243615174,-91.35992472333758,-93.93418019644396,-1.0281770752428039,stop,1
SOLUSDT,-1,2021-01-31 04:00:00+00:00,2021-01-31 08:00:00+00:00,4.4867,4.754012470390905,-339.14045012310896,-90.65647153189187,-93.55857180427051,-1.0320120585253278,stop,1
SOLUSDT,-1,2021-02-02 00:00:00+00:00,2021-02-02 04:00:00+00:00,4.8068,4.956,-269.85135314736016,-40.26182188958626,-42.66911184074323,-0.47429745752003216,structural_invalidation,1
SOLUSDT,1,2021-02-16 16:00:00+00:00,2021-02-17 00:00:00+00:00,8.1417,7.7125,133.33903221037244,-57.22911262469182,-59.080191739352315,-0.6590626946401661,structural_invalidation,2
SOLUSDT,1,2021-02-17 00:00:00+00:00,2021-02-17 04:00:00+00:00,7.7125,7.9487,130.63765483649956,30.856614072381106,28.987494923783114,0.3249760100013425,structural_invalidation,1
SOLUSDT,-1,2021-02-17 04:00:00+00:00,2021-02-17 08:00:00+00:00,7.9487,8.1048,-130.90670686957398,-20.43453694234043,-22.34428776244617,-0.24989059183851078,structural_invalidation,1
SOLUSDT,1,2021-02-27 20:00:00+00:00,2021-02-28 00:00:00+00:00,13.1916,12.07,53.90860173052814,-60.46388770096031,-61.63510598215777,-0.690537832158787,structural_invalidation,1
SOLUSDT,1,2021-04-15 00:00:00+00:00,2021-04-16 08:00:00+00:00,25.7145,25.7145,45.384845259938515,0.0,-2.10068748618604,-0.023658011334934104,stop,8
SOLUSDT,1,2021-04-18 00:00:00+00:00,2021-04-20 00:00:00+00:00,22.0209,29.265529508342567,45.41891129179144,329.0431849813056,326.65060970174153,3.680673126380528,stop,12
SOLUSDT,1,2021-04-29 16:00:00+00:00,2021-04-29 20:00:00+00:00,41.978,42.484,22.76820788179573,11.520713188188644,9.779601009618267,0.10725040322989476,structural_invalidation,1
SOLUSDT,1,2021-05-21 20:00:00+00:00,2021-05-22 00:00:00+00:00,38.925,37.68,10.799632478952327,-13.44554243629562,-14.178016709548082,-0.15536174278023832,structural_invalidation,1
SOLUSDT,1,2021-05-22 12:00:00+00:00,2021-05-22 16:00:00+00:00,35.367,31.35,12.042362830540466,-48.374171490281,-49.0537220248084,-0.5381562159725298,structural_invalidation,1
SOLUSDT,-1,2021-06-21 20:00:00+00:00,2021-06-22 00:00:00+00:00,26.59,27.938,-28.97894611677427,-39.06361936541169,-40.52092419931048,-0.44634793104504644,structural_invalidation,1
SOLUSDT,-1,2021-06-22 12:00:00+00:00,2021-06-22 16:00:00+00:00,25.66,26.446,-22.623571860027806,-17.782127481981885,-18.859072848520416,-0.20843730761254606,structural_invalidation,1
SOLUSDT,1,2021-08-24 04:00:00+00:00,2021-08-24 08:00:00+00:00,77.277,77.768,17.20034060143645,8.445367235305293,6.037622277098775,0.06683659072490737,structural_invalidation,1
SOLUSDT,1,2021-09-13 00:00:00+00:00,2021-09-13 04:00:00+00:00,154.95,152.91,5.147983224724728,-10.501885778438403,-11.918806385245187,-0.1318858318024834,structural_invalidation,1
SOLUSDT,1,2021-09-14 16:00:00+00:00,2021-09-17 08:00:00+00:00,154.21,137.93088817492853,5.545926677079778,-90.2827605498288,-91.65967881600955,-1.015251175947603,stop,16
SOLUSDT,1,2021-11-09 20:00:00+00:00,2021-11-10 00:00:00+00:00,239.04,236.6,8.908969445065297,-21.737885445959307,-25.532037353223714,-0.2850380520025286,structural_invalidation,1
SOLUSDT,1,2021-11-12 12:00:00+00:00,2021-11-16 08:00:00+00:00,222.3,222.3,7.72287931804192,0.0,-3.0902329303212936,-0.03457565086308786,stop,23
SOLUSDT,-1,2022-02-27 08:00:00+00:00,2022-02-27 12:00:00+00:00,90.79,91.2,-15.424513735229208,-6.324050631443923,-8.85613880621915,-0.09913418820363314,structural_invalidation,1
SOLUSDT,-1,2022-02-28 12:00:00+00:00,2022-02-28 16:00:00+00:00,95.59,96.22,-14.223529146698503,-8.960823362419992,-11.424281716511587,-0.1279767168911286,structural_invalidation,1
SOLUSDT,-1,2022-05-15 16:00:00+00:00,2022-05-15 20:00:00+00:00,55.27,58.83,-13.574866901732562,-48.32652617016786,-49.76402312585993,-0.5579940813671563,structural_invalidation,1
SOLUSDT,-1,2022-06-07 16:00:00+00:00,2022-06-14 04:00:00+00:00,40.44,30.89519642309005,-30.82682805964847,294.2360187285207,292.52169709411413,3.293771826006557,stop,39
SOLUSDT,-1,2022-06-16 08:00:00+00:00,2022-06-19 20:00:00+00:00,31.28,34.90538827832311,-25.09736318929827,-90.9876863232998,-92.56454609569198,-1.0173304744423244,stop,21
SOLUSDT,-1,2023-01-01 16:00:00+00:00,2023-01-02 04:00:00+00:00,9.97,10.541391987919239,-158.0123542369636,-90.2869932032575,-93.2851995001599,-1.0332075107446843,stop,3
SOLUSDT,-1,2023-01-02 04:00:00+00:00,2023-01-02 08:00:00+00:00,11.09,11.01,-126.12950949585712,10.09036075966858,7.590726140479683,0.08474171041311028,structural_invalidation,1
SOLUSDT,-1,2023-01-19 16:00:00+00:00,2023-01-19 20:00:00+00:00,21.65,21.4,-55.524173269683885,13.881043317420971,11.742252163072749,0.13101662605099285,structural_invalidation,1
SOLUSDT,-1,2023-01-20 16:00:00+00:00,2023-01-20 20:00:00+00:00,23.29,24.74438708877825,-61.68385672832476,-89.71220481172298,-92.45959742214892,-1.0306245133111134,stop,1
SOLUSDT,-1,2023-01-23 00:00:00+00:00,2023-01-25 12:00:00+00:00,24.53,24.53,-58.63287785471371,-0.0,-2.5888760887970292,-0.029082365917869748,stop,15
SOLUSDT,1,2023-10-28 16:00:00+00:00,2023-10-28 20:00:00+00:00,31.58,31.63,57.987048728096525,2.8993524364048673,-0.40208219588058025,-0.0045174626331364225,structural_invalidation,1
SOLUSDT,1,2023-11-05 08:00:00+00:00,2023-11-05 12:00:00+00:00,41.64,40.72,37.593556525805745,-34.58607200374135,-37.34152932285681,-0.4195527199358753,structural_invalidation,1
SOLUSDT,1,2023-11-06 04:00:00+00:00,2023-11-06 08:00:00+00:00,39.93,40.32,39.888786059109165,15.556626563052598,12.661658026026691,0.14270978287547997,structural_invalidation,1
SOLUSDT,1,2023-11-16 20:00:00+00:00,2023-11-17 12:00:00+00:00,57.8,55.04,15.778976723213415,-43.549975756068996,-45.11323053799119,-0.5079353102450895,structural_invalidation,4
SOLUSDT,1,2023-11-17 12:00:00+00:00,2023-11-17 16:00:00+00:00,55.04,57.58,16.183200115825166,41.10532829419591,39.42803670139132,0.44562961199378565,structural_invalidation,1
SOLUSDT,1,2023-11-18 00:00:00+00:00,2023-11-18 04:00:00+00:00,56.68,56.36,16.93116414378118,-5.417972526009983,-7.135605266068296,-0.08038111714243466,structural_invalidation,1
SOLUSDT,1,2023-11-21 20:00:00+00:00,2023-12-04 08:00:00+00:00,51.65,61.31406924140276,22.064403640792236,213.2319245548754,210.79677948419217,2.3760145125182635,stop,75
SOLUSDT,1,2023-12-12 08:00:00+00:00,2023-12-12 12:00:00+00:00,70.61,68.46,21.36847328242431,-45.94221755721239,-48.57541178285897,-0.5382078035782112,structural_invalidation,1
SOLUSDT,1,2023-12-18 08:00:00+00:00,2023-12-22 08:00:00+00:00,69.01,90.38821089299577,22.5025385148983,481.0640139992557,477.4028784448134,5.310985742141041,stop,24
SOLUSDT,1,2024-03-04 12:00:00+00:00,2024-03-04 16:00:00+00:00,131.77,129.53,15.003759555179677,-33.60842140360261,-37.10660795893097,-0.39710758729293855,structural_invalidation,1
SOLUSDT,1,2024-03-05 00:00:00+00:00,2024-03-05 04:00:00+00:00,130.13,129.48,14.598898119194434,-9.489283777476466,-12.891761368728396,-0.1383930349676578,structural_invalidation,1
SOLUSDT,1,2024-03-05 16:00:00+00:00,2024-03-05 20:00:00+00:00,119.24,125.31,8.85211188655509,53.73231915138946,51.73565449848187,0.5559592140557004,structural_invalidation,1
SOLUSDT,1,2024-03-06 12:00:00+00:00,2024-03-11 12:00:00+00:00,128.22,147.06,8.424910113237058,158.7253065333862,156.49516542713144,1.6747377121394487,structural_invalidation,30
SOLUSDT,1,2024-03-11 12:00:00+00:00,2024-03-11 16:00:00+00:00,147.06,146.67,12.516500593366011,-4.8814352314129295,-8.185866487065116,-0.08657508963112757,structural_invalidation,1
SOLUSDT,1,2024-03-21 08:00:00+00:00,2024-03-21 12:00:00+00:00,189.13,185.32,6.271604677008431,-23.894813819402135,-25.9868706211399,-0.27505255533876505,structural_invalidation,1
SOLUSDT,1,2024-11-25 00:00:00+00:00,2024-11-25 12:00:00+00:00,252.46,242.40926724560344,9.380883572023581,-94.28475378251804,-98.37797738557704,-1.0434134198674436,stop,3
SOLUSDT,1,2024-11-25 12:00:00+00:00,2024-11-25 16:00:00+00:00,244.97,239.65,8.75290987392007,-46.56548052925471,-50.341223261567606,-0.5381590619679676,structural_invalidation,1
SOLUSDT,1,2024-11-29 04:00:00+00:00,2024-12-02 00:00:00+00:00,237.65,228.63800855408417,10.337801840348419,-93.16418175479298,-97.4186877208802,-1.0456667561068163,stop,17
SOLUSDT,1,2024-12-02 00:00:00+00:00,2024-12-02 04:00:00+00:00,228.47,228.62,12.156117338970777,1.8234176008456857,-3.1790191820182128,-0.034401396188541725,structural_invalidation,1
SOLUSDT,1,2024-12-02 16:00:00+00:00,2024-12-02 20:00:00+00:00,223.98,225.72,10.949859189060941,19.052754988966136,14.603870999887432,0.15807492173870757,structural_invalidation,1
SOLUSDT,1,2024-12-03 04:00:00+00:00,2024-12-03 08:00:00+00:00,226.92,225.59,10.979431576368437,-14.602643996569848,-19.060973941333167,-0.20607508944527966,structural_invalidation,1
SOLUSDT,1,2024-12-20 08:00:00+00:00,2025-01-07 08:00:00+00:00,176.01,214.3697810411981,7.497547957961511,287.60429801328564,284.7112521279163,3.083076263530795,stop,108
SOLUSDT,1,2025-01-23 00:00:00+00:00,2025-01-23 04:00:00+00:00,248.85,249.53,4.771567378823529,3.2446658176000325,1.101497243131929,0.011658758401011401,structural_invalidation,1
SOLUSDT,-1,2025-03-14 00:00:00+00:00,2025-03-14 04:00:00+00:00,124.48,124.68,-14.540962348515668,-2.908192469703175,-6.171533403806455,-0.06531666452058987,structural_invalidation,1
SOLUSDT,-1,2025-03-17 00:00:00+00:00,2025-03-17 04:00:00+00:00,128.96,129.26,-17.639345353310304,-5.291803605992791,-9.395914810656793,-0.09949076895666632,structural_invalidation,1
SOLUSDT,-1,2025-03-19 20:00:00+00:00,2025-03-24 00:00:00+00:00,135.33,135.33,-18.541277510227083,-0.0,-4.516543953826257,-0.047860159449055445,stop,25
SOLUSDT,-1,2025-03-24 08:00:00+00:00,2025-03-24 12:00:00+00:00,143.41,143.25,-21.473669293641386,3.4357870869825486,-2.1011985403828826,-0.02227356786814421,structural_invalidation,1
SOLUSDT,-1,2025-03-25 12:00:00+00:00,2025-04-01 12:00:00+00:00,145.28,130.20216048250228,-19.196260073005924,289.4381287169324,284.93921855449156,3.0209774520507686,stop,42
SOLUSDT,-1,2025-04-09 16:00:00+00:00,2025-04-09 20:00:00+00:00,118.95,119.05,-11.612651105915809,-1.1612651105915148,-3.6497401160782137,-0.03785168223450533,structural_invalidation,1
SOLUSDT,-1,2025-04-11 04:00:00+00:00,2025-04-11 08:00:00+00:00,116.59,118.02,-14.329270660105614,-20.49085704395092,-23.534909985901116,-0.24415132994910482,structural_invalidation,1
SOLUSDT,1,2025-08-18 00:00:00+00:00,2025-08-18 04:00:00+00:00,182.67,180.62,13.448152972712565,-27.56871359406053,-31.940923295936948,-0.33196136281602057,structural_invalidation,1
SOLUSDT,1,2025-08-19 00:00:00+00:00,2025-08-19 04:00:00+00:00,178.52,180.11,14.303774601694544,22.74300161669437,18.105746498374202,0.18864231791165983,structural_invalidation,1
SOLUSDT,1,2025-08-19 12:00:00+00:00,2025-08-19 16:00:00+00:00,177.98,176.74,14.385829131905922,-17.838428123563066,-22.41502071695456,-0.23321034967409407,structural_invalidation,1
SOLUSDT,1,2025-08-29 08:00:00+00:00,2025-08-29 12:00:00+00:00,207.62,204.46,10.395122330627663,-32.84858656478338,-36.67428264587962,-0.382239896605071,structural_invalidation,1
SOLUSDT,1,2025-09-22 00:00:00+00:00,2025-09-22 04:00:00+00:00,232.81,227.35167052205392,17.527462333381685,-95.67066432788684,-102.8434804425989,-1.0749740389606688,stop,1
SOLUSDT,1,2025-09-30 00:00:00+00:00,2025-09-30 04:00:00+00:00,210.71,209.0,14.728737996443288,-25.18614197391814,-30.727093208180104,-0.32378616946167005,structural_invalidation,1
SOLUSDT,1,2025-10-11 16:00:00+00:00,2025-10-11 20:00:00+00:00,177.57,177.62,8.05081596305835,0.402540798153009,-2.1714338782921545,-0.022937144318401124,structural_invalidation,1
SOLUSDT,-1,2025-11-24 12:00:00+00:00,2025-11-24 16:00:00+00:00,131.94,137.68185016897814,-16.484686379105526,-94.65259927141881,-98.73795508765389,-1.0431615808512582,stop,1
SOLUSDT,-1,2025-12-22 12:00:00+00:00,2025-12-26 00:00:00+00:00,128.07,124.15163737765536,-27.497893860541023,107.74671949634386,101.6016841113422,1.081880167831944,stop,21
SOLUSDT,-1,2026-02-09 00:00:00+00:00,2026-02-13 12:00:00+00:00,87.67,82.22330582054028,-19.662569484433053,107.09600276408393,104.18590412899884,1.100366965787787,stop,27
BNBUSDT,1,2020-09-05 04:00:00+00:00,2020-09-05 12:00:00+00:00,20.617,18.853598548041408,53.16429783806335,-93.75,-95.55420899134923,-1.0192448959077252,stop,2
BNBUSDT,-1,2020-09-08 20:00:00+00:00,2020-09-09 00:00:00+00:00,23.2837,22.9686,-47.69054694925467,15.027291343710196,13.055598169724625,0.1403324624056746,structural_invalidation,1
BNBUSDT,-1,2020-09-09 16:00:00+00:00,2020-09-09 20:00:00+00:00,23.9729,24.4716,-51.412410796367425,-25.639369264148407,-27.9040283778283,-0.29965014798987916,structural_invalidation,1
BNBUSDT,-1,2020-09-10 08:00:00+00:00,2020-09-11 20:00:00+00:00,25.0772,25.0772,-56.837362979626036,-0.0,-2.5655794540428203,-0.02761278313159866,stop,9
BNBUSDT,-1,2020-09-13 00:00:00+00:00,2020-09-13 04:00:00+00:00,31.3748,31.243,-48.790640108061964,6.43060636624266,3.6867476222295363,0.03969353555022714,structural_invalidation,1
BNBUSDT,-1,2020-09-14 08:00:00+00:00,2020-09-14 12:00:00+00:00,32.7131,33.2652,-37.59865758187522,-20.75821885095342,-23.009527206500092,-0.24765939008338692,structural_invalidation,1
BNBUSDT,1,2020-09-17 12:00:00+00:00,2020-09-21 08:00:00+00:00,26.481,24.438442615317392,45.40160446931668,-92.73538248524176,-94.73256259508187,-1.021536333342432,stop,23
BNBUSDT,1,2021-01-01 00:00:00+00:00,2021-01-01 04:00:00+00:00,37.925,37.6812,55.38241707794741,-13.50223328360359,-17.258609965519184,-0.18754229564304356,structural_invalidation,1
BNBUSDT,1,2021-01-01 16:00:00+00:00,2021-01-04 08:00:00+00:00,37.4,38.9143858024976,54.28617713926898,82.2102159315787,78.40769209788627,0.8532246204190099,stop,16
BNBUSDT,1,2021-01-21 08:00:00+00:00,2021-01-21 12:00:00+00:00,39.7211,39.7195,36.73754776963632,-0.05878007643154216,-2.6853347279764677,-0.0290933615510281,structural_invalidation,1
BNBUSDT,1,2021-02-13 08:00:00+00:00,2021-02-20 00:00:00+00:00,127.6092,285.49920693825385,7.519655534622658,1187.2784645348506,1183.41412429,12.824103001563513,stop,40
BNBUSDT,1,2021-02-22 20:00:00+00:00,2021-02-23 00:00:00+00:00,267.5147,246.9865,2.48187245424739,-50.94837411528127,-52.05175429893902,-0.516194141869111,structural_invalidation,1
BNBUSDT,1,2021-04-16 00:00:00+00:00,2021-04-16 08:00:00+00:00,531.1736,521.8795,2.7616960542503866,-25.667479297808402,-28.2617698985079,-0.28136340525593173,structural_invalidation,2
BNBUSDT,1,2021-04-16 08:00:00+00:00,2021-04-16 12:00:00+00:00,521.8795,517.1799,2.5154946089134222,-11.821818464049601,-14.16355231456869,-0.14133604330066482,structural_invalidation,1
BNBUSDT,1,2021-04-17 08:00:00+00:00,2021-04-17 12:00:00+00:00,515.8129,511.0706,2.609443331091007,-12.374763109032882,-14.775260693028905,-0.14759664832444666,structural_invalidation,1
BNBUSDT,1,2021-04-18 00:00:00+00:00,2021-04-18 04:00:00+00:00,481.6244,481.3611,2.332295908843682,-0.6140935127984443,-2.6349112563701342,-0.026350469360877902,structural_invalidation,1
BNBUSDT,1,2021-05-06 20:00:00+00:00,2021-05-07 00:00:00+00:00,633.99,618.74,3.3143240184736276,-50.54344128172282,-54.234709999465494,-0.5424822370834492,structural_invalidation,1
BNBUSDT,1,2021-05-15 04:00:00+00:00,2021-05-15 08:00:00+00:00,581.82,587.32,2.2998682127049377,12.649275169877157,10.217909692242602,0.102630112780485,structural_invalidation,1
BNBUSDT,1,2021-05-16 16:00:00+00:00,2021-05-17 00:00:00+00:00,550.19,510.1635290015133,2.4891166316689777,-99.63055466934931,-101.9162964141848,-1.02294217624725,stop,2
BNBUSDT,1,2021-05-17 00:00:00+00:00,2021-05-17 04:00:00+00:00,507.31,537.61,2.2218188185609145,67.32111020239573,65.17106057531197,0.659200196724491,structural_invalidation,1
BNBUSDT,1,2021-05-18 12:00:00+00:00,2021-05-18 16:00:00+00:00,503.29,512.65,2.260212737731196,21.155591225163896,19.06993471716768,0.19194194165354805,structural_invalidation,1
BNBUSDT,1,2021-05-26 12:00:00+00:00,2021-05-26 16:00:00+00:00,365.88,366.57,2.147587441006856,1.4818353342947257,0.06480130344493595,0.0006513390625316428,structural_invalidation,1
BNBUSDT,1,2021-05-27 00:00:00+00:00,2021-05-28 04:00:00+00:00,348.0,343.39,2.2193658382531227,-10.231276514346925,-11.603070977702856,-0.11662781515221775,structural_invalidation,7
BNBUSDT,1,2021-05-28 04:00:00+00:00,2021-05-28 08:00:00+00:00,343.39,317.14,2.5719186845986353,-67.51286547071417,-68.98105039565468,-0.6939666248603462,structural_invalidation,1
BNBUSDT,1,2021-05-29 08:00:00+00:00,2021-05-29 12:00:00+00:00,328.99,309.65,2.800959077227811,-54.17054855358595,-55.73171911446042,-0.5635947545631067,structural_invalidation,1
BNBUSDT,1,2021-11-13 00:00:00+00:00,2021-11-13 04:00:00+00:00,625.8,627.1,4.514881135273206,5.869345475855476,0.7730379479817868,0.007850638015830294,structural_invalidation,1
BNBUSDT,1,2021-11-13 16:00:00+00:00,2021-11-14 04:00:00+00:00,646.3,645.3,4.575892639482986,-4.575892639482986,-9.890974975948055,-0.10044253660387478,structural_invalidation,3
BNBUSDT,1,2021-11-14 04:00:00+00:00,2021-11-15 12:00:00+00:00,645.3,637.1,4.994684167773784,-40.956410175744686,-46.68421408566431,-0.47437419610928794,structural_invalidation,8
BNBUSDT,1,2021-11-15 12:00:00+00:00,2021-11-15 16:00:00+00:00,637.1,638.8,5.307547245071006,9.022830316620349,2.9200001923479046,0.029772389953283556,structural_invalidation,1
BNBUSDT,1,2021-11-26 04:00:00+00:00,2021-11-26 08:00:00+00:00,609.6,576.6509020336907,2.9773001263766887,-98.09935353909056,-101.18970658539081,-1.0315022773831921,stop,1
BNBUSDT,1,2021-11-29 00:00:00+00:00,2021-12-02 00:00:00+00:00,608.5,608.5,3.161969150522798,0.0,-3.4633048105676205,-0.03558056776398688,stop,18
BNBUSDT,1,2021-12-03 16:00:00+00:00,2021-12-03 20:00:00+00:00,591.2,595.0,4.241674681637284,16.118363790221487,11.575530206187956,0.11895916469989352,structural_invalidation,1
BNBUSDT,1,2021-12-09 12:00:00+00:00,2021-12-09 16:00:00+00:00,580.0,573.6,3.852156607921478,-24.65380229069737,-28.63107694524414,-0.29397296689413005,structural_invalidation,1
BNBUSDT,1,2021-12-27 04:00:00+00:00,2021-12-28 00:00:00+00:00,545.5,553.135585494421,9.391950242609267,71.71303903679092,62.36199962330665,0.6416851422064433,stop,5
BNBUSDT,1,2021-12-28 16:00:00+00:00,2021-12-28 20:00:00+00:00,534.7,534.2,6.672992383941085,-3.3364961919705425,-9.752978748672932,-0.09987439009687646,structural_invalidation,1
BNBUSDT,1,2022-03-20 00:00:00+00:00,2022-03-20 04:00:00+00:00,396.4,397.2,10.24445943826192,8.195567550609653,0.8711888306299107,0.00892800849250592,structural_invalidation,1
BNBUSDT,-1,2022-05-15 04:00:00+00:00,2022-05-15 08:00:00+00:00,294.7,302.4,-4.280207165066015,-32.957595171008265,-35.287397535097,-0.36160368417930394,structural_invalidation,1
BNBUSDT,-1,2022-05-15 16:00:00+00:00,2022-05-15 20:00:00+00:00,303.9,312.4,-4.593879246059939,-39.04797359150948,-41.631203769153906,-0.42778841925673927,structural_invalidation,1
BNBUSDT,-1,2022-06-21 16:00:00+00:00,2022-06-24 00:00:00+00:00,220.2,232.95558742768836,-7.6049059098081395,-97.00504221190168,-100.19393179429466,-1.0328734415209782,stop,14
BNBUSDT,1,2022-11-08 16:00:00+00:00,2022-11-09 08:00:00+00:00,315.5,290.4316390870931,3.8389759426080565,-96.23683446526566,-98.2437626010353,-1.0208540539276985,stop,4
BNBUSDT,1,2022-11-09 08:00:00+00:00,2022-11-09 12:00:00+00:00,304.3,290.3,3.542640384758663,-49.596965386621285,-51.44813669327308,-0.5386933411060111,structural_invalidation,1
BNBUSDT,1,2022-11-11 00:00:00+00:00,2022-11-11 12:00:00+00:00,292.5,286.1,3.453473821389951,-22.102232456895607,-23.880702405435002,-0.2510598378649752,structural_invalidation,3
BNBUSDT,1,2022-11-11 12:00:00+00:00,2022-11-11 16:00:00+00:00,286.1,288.1,3.700382081707696,7.400764163415392,5.481820023483415,0.05773899559290907,structural_invalidation,1
BNBUSDT,1,2022-11-12 00:00:00+00:00,2022-11-12 08:00:00+00:00,284.0,282.5,4.116460369275009,-6.174690553912513,-8.267910651688855,-0.087046677551414,structural_invalidation,2
BNBUSDT,1,2022-11-12 08:00:00+00:00,2022-11-21 00:00:00+00:00,282.5,259.5656795700808,4.138985269755876,-94.92481443129675,-96.85862377499129,-1.02037201078854,stop,52
BNBUSDT,-1,2023-06-17 04:00:00+00:00,2023-06-22 00:00:00+00:00,246.5,255.38280744421994,-10.605241339265245,-94.2043167161743,-99.07943006849541,-1.0517504242083642,stop,29
BNBUSDT,-1,2023-08-25 20:00:00+00:00,2023-08-29 12:00:00+00:00,218.4,223.04854561134815,-20.105475734711696,-93.46122099066058,-101.53331580927363,-1.086368386086243,stop,22
BNBUSDT,1,2023-12-31 08:00:00+00:00,2023-12-31 12:00:00+00:00,317.9,315.7,8.500126609238903,-18.70027854032549,-23.530560487291588,-0.25383636760137007,structural_invalidation,1
BNBUSDT,1,2023-12-31 20:00:00+00:00,2024-01-01 00:00:00+00:00,311.8,309.2,8.932934488980571,-23.225629671349687,-28.197343690536712,-0.30475957290162853,structural_invalidation,1
BNBUSDT,1,2024-03-05 16:00:00+00:00,2024-03-05 20:00:00+00:00,376.8,394.1,5.799480125590141,100.33100617270951,96.21697096121838,1.042034329204055,structural_invalidation,1
BNBUSDT,1,2024-03-19 00:00:00+00:00,2024-03-19 04:00:00+00:00,534.0,529.4,2.5598937138985405,-11.775511083933344,-14.214885001781541,-0.15275406204303923,structural_invalidation,1
BNBUSDT,1,2024-03-20 12:00:00+00:00,2024-03-27 12:00:00+00:00,516.4,571.0959648194978,2.5927163057555895,141.81111984654606,139.14587817029636,1.496985522822055,stop,42
BNBUSDT,-1,2024-04-19 20:00:00+00:00,2024-04-20 00:00:00+00:00,554.0,556.5,-4.1703034871364855,-10.425758717841214,-14.603151720905831,-0.1554330158475735,structural_invalidation,1
BNBUSDT,-1,2024-05-15 16:00:00+00:00,2024-05-16 00:00:00+00:00,586.4,584.0,-7.371538247756813,17.691691794616183,9.94273078857422,0.1059519440861647,structural_invalidation,2
BNBUSDT,-1,2024-05-16 00:00:00+00:00,2024-05-16 04:00:00+00:00,584.0,584.6,-7.674442433972217,-4.604665460383504,-12.680327744803789,-0.13504757789658206,structural_invalidation,1
BNBUSDT,-1,2024-05-20 20:00:00+00:00,2024-05-21 00:00:00+00:00,599.6,610.5341035507803,-8.578678569388432,-93.80015980655261,-103.22779630057396,-1.1005076805142369,stop,1
BNBUSDT,-1,2024-05-21 04:00:00+00:00,2024-05-21 08:00:00+00:00,630.1,617.8,-6.143712752387294,75.56766685436413,68.73561252519937,0.7388864240494666,structural_invalidation,1
BNBUSDT,-1,2024-05-25 12:00:00+00:00,2024-05-25 16:00:00+00:00,601.9,602.2,-7.30390417693463,-2.191171253080887,-10.108311224710949,-0.10805610483702209,structural_invalidation,1
BNBUSDT,1,2024-06-10 00:00:00+00:00,2024-06-10 04:00:00+00:00,669.0,653.6607913234577,6.093604132005134,-93.47106537306706,-100.64073555115613,-1.0767047016044278,stop,1
BNBUSDT,-1,2024-07-28 00:00:00+00:00,2024-07-28 04:00:00+00:00,580.6,578.7,-7.87358996211398,14.959820928016384,6.758217208080735,0.07289139163449329,structural_invalidation,1
BNBUSDT,1,2024-12-07 08:00:00+00:00,2024-12-09 00:00:00+00:00,746.04,721.61,3.0104642045368424,-73.54564051683491,-77.45592645117941,-0.8349517730789082,structural_invalidation,10
BNBUSDT,1,2024-12-09 00:00:00+00:00,2024-12-09 04:00:00+00:00,721.61,720.51,3.6169920480009776,-3.9786912528011578,-8.669633345710489,-0.09406428796762534,structural_invalidation,1
BNBUSDT,-1,2025-03-15 16:00:00+00:00,2025-03-15 20:00:00+00:00,611.52,619.83,-5.60759272398835,-46.59909553634352,-52.85545309294098,-0.5738790052464826,structural_invalidation,1
BNBUSDT,1,2025-07-31 08:00:00+00:00,2025-07-31 20:00:00+00:00,800.59,783.14,4.028871372904667,-70.30380545718661,-75.98311204574442,-0.8285541400177243,structural_invalidation,3
BNBUSDT,1,2025-07-31 20:00:00+00:00,2025-08-01 00:00:00+00:00,783.14,783.88,3.8975571301815704,2.8841922763343977,-2.615198473437715,-0.02869562330570495,structural_invalidation,1
BNBUSDT,1,2025-08-17 12:00:00+00:00,2025-08-17 16:00:00+00:00,860.03,851.12,4.842694734833632,-43.14841008736751,-50.56749590424839,-0.5549782130240073,structural_invalidation,1
BNBUSDT,1,2025-08-21 08:00:00+00:00,2025-08-21 12:00:00+00:00,851.24,841.85,4.16369595769835,-39.09710504278745,-45.40647843836649,-0.500418964069212,structural_invalidation,1
BNBUSDT,1,2025-08-25 04:00:00+00:00,2025-08-25 08:00:00+00:00,858.54,854.52,3.9308806650744383,-15.802140273599171,-21.84836933625411,-0.2416951873213446,structural_invalidation,1
BNBUSDT,1,2025-08-25 16:00:00+00:00,2025-08-25 20:00:00+00:00,853.88,839.32,3.8801207450645663,-56.49455804813987,-62.35655134688554,-0.6910780229552088,structural_invalidation,1
BNBUSDT,1,2025-09-24 12:00:00+00:00,2025-09-25 00:00:00+00:00,1009.2,999.41,2.738965634140543,-26.814473558236127,-31.74170291818565,-0.35361612068372184,structural_invalidation,3
BNBUSDT,1,2025-09-25 00:00:00+00:00,2025-09-25 04:00:00+00:00,999.41,992.0,2.910966749719365,-21.5702636154204,-26.768085843719298,-0.2990015350587713,structural_invalidation,1
BNBUSDT,1,2025-09-25 16:00:00+00:00,2025-09-25 20:00:00+00:00,958.65,945.9,2.730470948459049,-34.81350459285287,-39.462459039118215,-0.44178935751788107,structural_invalidation,1
BNBUSDT,1,2025-10-11 16:00:00+00:00,2025-10-12 00:00:00+00:00,1141.14,1121.3,1.0032332263080392,-19.904147209951645,-21.929012959938213,-0.2463154078291244,structural_invalidation,2
BNBUSDT,1,2025-10-12 00:00:00+00:00,2025-10-14 04:00:00+00:00,1121.3,1234.994201513857,1.0590648164494376,120.40952865763836,118.05523862442206,1.3284976821560164,stop,13
BNBUSDT,1,2025-10-16 16:00:00+00:00,2025-10-16 20:00:00+00:00,1145.3,1144.83,1.3975507725167637,-0.6568488630829171,-3.536773354703577,-0.03940447409490724,structural_invalidation,1
BNBUSDT,1,2025-10-17 04:00:00+00:00,2025-10-17 08:00:00+00:00,1062.67,1072.28,1.368112736176568,13.14756339465668,10.506963530111342,0.11709649561436104,structural_invalidation,1
BNBUSDT,-1,2026-02-08 20:00:00+00:00,2026-02-09 00:00:00+00:00,639.93,645.03,-3.2733646839744943,-16.694159888269997,-20.49471304805732,-0.22820611357894535,structural_invalidation,1
BNBUSDT,-1,2026-02-14 08:00:00+00:00,2026-02-21 12:00:00+00:00,633.37,633.37,-4.868508810155823,-0.0,-5.5504213651591074,-0.061909220925701926,stop,43
BNBUSDT,-1,2026-02-27 20:00:00+00:00,2026-02-28 16:00:00+00:00,614.03,614.03,-5.978103358283401,-0.0,-6.607322649156162,-0.07373339570466114,stop,5
BNBUSDT,-1,2026-03-01 00:00:00+00:00,2026-03-02 12:00:00+00:00,628.53,645.4197092042922,-5.302722199939313,-89.5614359481197,-95.72190250461645,-1.0687848122496086,stop,9
BNBUSDT,-1,2026-03-02 12:00:00+00:00,2026-03-04 08:00:00+00:00,646.25,646.25,-4.799472327722169,-0.0,-5.582986185222813,-0.06284066727311431,stop,11
BNBUSDT,-1,2026-04-05 20:00:00+00:00,2026-04-06 00:00:00+00:00,601.5,600.61,-9.664106259978318,8.60105457138057,-1.8467913780694687,-0.020796813944131774,structural_invalidation,1
BNBUSDT,-1,2026-04-07 16:00:00+00:00,2026-04-07 20:00:00+00:00,608.41,618.8144565840854,-8.533631490511421,-88.78779834761039,-98.29312050789179,-1.1070566264417032,stop,1
AVAXUSDT,-1,2020-10-10 12:00:00+00:00,2020-10-12 12:00:00+00:00,4.22,4.483219976743189,-356.1659763060742,-93.75,-96.62418675602093,-1.0306579920642234,stop,12
AVAXUSDT,-1,2020-11-07 12:00:00+00:00,2020-11-11 00:00:00+00:00,3.6836,3.6836,-346.53983046582107,-0.0,-2.2977254151070174,-0.024698292262087158,stop,21
AVAXUSDT,-1,2021-01-06 08:00:00+00:00,2021-01-08 08:00:00+00:00,4.9278,4.9278,-217.42695113180577,-0.0,-1.9285857536171624,-0.020732018628960555,stop,12
AVAXUSDT,-1,2021-01-09 00:00:00+00:00,2021-01-09 04:00:00+00:00,6.4462,6.5379,-123.5887630258733,-11.333089569472515,-12.787509322288857,-0.13743318822605516,structural_invalidation,1
AVAXUSDT,-1,2021-01-16 12:00:00+00:00,2021-01-16 16:00:00+00:00,12.736,13.0106,-72.20892338680162,-19.82857036201569,-21.51963691552507,-0.2315199804886477,structural_invalidation,1
AVAXUSDT,-1,2021-01-17 08:00:00+00:00,2021-01-31 08:00:00+00:00,13.6878,13.6878,-59.705912561553674,-0.0,-1.4710366619280617,-0.015855536818934972,stop,84
AVAXUSDT,1,2021-02-13 20:00:00+00:00,2021-02-14 00:00:00+00:00,44.0832,41.3813,13.218850054088481,-35.7160109611416,-36.70063472067945,-0.3962599878719337,structural_invalidation,1
AVAXUSDT,1,2021-02-14 12:00:00+00:00,2021-02-14 16:00:00+00:00,41.6373,41.3995,13.830078827687018,-3.288792745223973,-4.319397772392265,-0.046785653293131474,structural_invalidation,1
AVAXUSDT,1,2021-02-17 00:00:00+00:00,2021-02-20 20:00:00+00:00,34.8822,34.8822,15.33266441856969,0.0,-0.9627067202065769,-0.010432477943218084,stop,23
AVAXUSDT,-1,2021-07-26 04:00:00+00:00,2021-07-26 08:00:00+00:00,12.283,12.249,-161.60465299576703,5.494558201855904,1.9314664916746334,0.020958001062603458,structural_invalidation,1
AVAXUSDT,-1,2021-08-19 04:00:00+00:00,2021-08-20 04:00:00+00:00,33.138,33.138,-26.208431876895688,-0.0,-1.5632910279658248,-0.01696005518490528,stop,6
AVAXUSDT,-1,2021-08-20 04:00:00+00:00,2021-08-20 08:00:00+00:00,34.923,36.741,-23.032360151820964,-41.872830756010465,-43.39604825581896,-0.47084758123470544,structural_invalidation,1
AVAXUSDT,-1,2021-08-26 12:00:00+00:00,2021-08-27 04:00:00+00:00,44.95,46.81,-15.234518857535416,-28.336205075015865,-29.619835164914086,-0.3225046701704134,structural_invalidation,4
AVAXUSDT,-1,2021-08-27 04:00:00+00:00,2021-08-27 12:00:00+00:00,46.81,46.85,-14.751120122827654,-0.5900448049130936,-1.8340067648711496,-0.020016762069321622,structural_invalidation,2
AVAXUSDT,-1,2021-08-27 12:00:00+00:00,2021-08-27 16:00:00+00:00,46.85,48.11,-15.067056705974933,-18.984491449528385,-20.2892684261524,-0.22147366447514705,structural_invalidation,1
AVAXUSDT,1,2021-08-28 00:00:00+00:00,2021-08-28 04:00:00+00:00,46.92,46.46,15.367108152452454,-7.068869750128142,-8.353990270701436,-0.09134169636185996,structural_invalidation,1
AVAXUSDT,-1,2021-08-28 16:00:00+00:00,2021-08-28 20:00:00+00:00,49.29,50.2,-16.70636465230058,-15.202791833593588,-16.71237894357547,-0.18285675275927404,structural_invalidation,1
AVAXUSDT,1,2021-08-29 12:00:00+00:00,2021-08-30 00:00:00+00:00,47.12,45.32,19.314292938646513,-34.76572728956367,-36.3413100503267,-0.3981707186382712,structural_invalidation,3
AVAXUSDT,1,2021-08-30 00:00:00+00:00,2021-08-30 04:00:00+00:00,45.32,45.86,19.882530439309562,10.736566437227147,9.09530331452302,0.09995371617563782,structural_invalidation,1
AVAXUSDT,1,2021-09-15 04:00:00+00:00,2021-09-20 00:00:00+00:00,52.85,66.1373968856757,14.364556203744275,190.8675593657452,189.15749752722465,2.0772074444829705,stop,29
AVAXUSDT,1,2021-11-12 04:00:00+00:00,2021-11-12 08:00:00+00:00,86.11,83.01,17.156414022281705,-53.18488346907319,-55.74836053945448,-0.6028874993030235,structural_invalidation,1
AVAXUSDT,1,2021-11-25 12:00:00+00:00,2021-11-25 16:00:00+00:00,125.83,121.0,8.40559557577001,-40.59902663096913,-42.429765347371834,-0.4609438572028513,structural_invalidation,1
AVAXUSDT,1,2021-11-29 08:00:00+00:00,2021-12-02 20:00:00+00:00,109.92,109.92,10.246591993036029,0.0,-2.0273497053741365,-0.022101088976218087,stop,21
AVAXUSDT,1,2021-12-04 04:00:00+00:00,2021-12-04 08:00:00+00:00,92.88,86.72,8.392365830042582,-51.696973513062275,-53.0069882496686,-0.5780074524688676,structural_invalidation,1
AVAXUSDT,1,2021-12-04 16:00:00+00:00,2021-12-05 00:00:00+00:00,92.14,91.05,8.21569749763746,-8.95511027242486,-10.301580935312664,-0.11281821124038902,structural_invalidation,2
AVAXUSDT,1,2021-12-05 00:00:00+00:00,2021-12-05 12:00:00+00:00,91.05,84.54,8.50676825862191,-55.37906136362856,-56.67355330307957,-0.6211923118269276,structural_invalidation,3
AVAXUSDT,1,2021-12-05 12:00:00+00:00,2021-12-05 16:00:00+00:00,84.54,84.72,8.74282595531028,1.5737086719557858,0.2404626850747893,0.0026480378624904365,structural_invalidation,1
AVAXUSDT,-1,2022-05-15 20:00:00+00:00,2022-05-28 16:00:00+00:00,36.57,25.062029962358494,-20.342164823591148,234.09702329065195,233.17935459089742,2.5677966372201246,stop,77
AVAXUSDT,-1,2022-05-30 20:00:00+00:00,2022-05-31 00:00:00+00:00,27.71,28.42,-42.84795817019323,-30.42205030083723,-32.61398044899163,-0.35248762979317116,structural_invalidation,1
AVAXUSDT,-1,2022-06-22 08:00:00+00:00,2022-06-22 12:00:00+00:00,16.74,16.56,-66.53271261723442,11.975888271102177,9.992681173407654,0.10828713838238128,structural_invalidation,1
AVAXUSDT,-1,2022-06-23 04:00:00+00:00,2022-06-23 08:00:00+00:00,17.36,17.77,-69.43738576755563,-28.469328164697817,-30.69035238585885,-0.3323105662457858,structural_invalidation,1
AVAXUSDT,-1,2022-06-27 00:00:00+00:00,2022-06-27 04:00:00+00:00,20.17,20.85,-64.91903875624955,-44.144946354249676,-46.58135787877172,-0.5056311917239381,structural_invalidation,1
AVAXUSDT,1,2022-07-05 00:00:00+00:00,2022-07-05 04:00:00+00:00,17.89,17.93,100.87732251761622,4.035092900704563,0.7793781937710174,0.008492196609075046,structural_invalidation,1
AVAXUSDT,-1,2022-11-13 00:00:00+00:00,2022-11-13 12:00:00+00:00,13.29,13.17,-88.82491290044923,10.658989548053839,8.553306162835788,0.09319189598941995,structural_invalidation,3
AVAXUSDT,-1,2022-11-13 12:00:00+00:00,2022-11-14 08:00:00+00:00,13.17,13.34,-95.68254190501568,-16.26603212385266,-18.563561320075898,-0.20212674523694363,structural_invalidation,5
AVAXUSDT,-1,2022-11-14 08:00:00+00:00,2022-11-15 00:00:00+00:00,13.34,13.3,-92.48215268605907,3.699286107442284,1.4852633721380295,0.01619819266018786,structural_invalidation,4
AVAXUSDT,-1,2022-11-15 00:00:00+00:00,2022-11-15 04:00:00+00:00,13.3,13.32,-101.6225144647369,-2.0324502892946947,-4.468951696101227,-0.048732378668433225,structural_invalidation,1
AVAXUSDT,-1,2022-11-25 08:00:00+00:00,2022-11-30 00:00:00+00:00,12.82,12.82,-204.63916229176394,-0.0,-4.722253309044745,-0.05151337326292632,stop,28
AVAXUSDT,-1,2023-01-04 12:00:00+00:00,2023-01-04 16:00:00+00:00,12.12,12.13,-276.50715331187894,-2.7650715331192215,-8.802328718530786,-0.09608918317853866,structural_invalidation,1
AVAXUSDT,-1,2023-01-11 20:00:00+00:00,2023-01-12 00:00:00+00:00,15.86,15.94,-115.00590411791899,-9.200472329433527,-12.500221730384858,-0.13656204947621164,structural_invalidation,1
AVAXUSDT,-1,2023-01-14 04:00:00+00:00,2023-01-17 12:00:00+00:00,17.52,17.52,-84.20028262317696,-0.0,-2.6553401128045087,-0.029040669864583344,stop,20
AVAXUSDT,-1,2023-07-09 00:00:00+00:00,2023-07-09 08:00:00+00:00,14.07,14.1,-191.72746300794623,-5.751823890238264,-10.61786690137994,-0.11612298070694921,structural_invalidation,2
AVAXUSDT,-1,2023-07-09 08:00:00+00:00,2023-07-13 12:00:00+00:00,14.1,13.407903615685687,-192.7531756935404,133.40377596260086,128.7518271602315,1.4093017190386303,stop,25
AVAXUSDT,-1,2023-07-14 00:00:00+00:00,2023-07-14 04:00:00+00:00,14.75,15.230648268317866,-192.115344656237,-92.33990772631033,-97.60678196084078,-1.0570378979600146,stop,1
AVAXUSDT,-1,2023-07-15 04:00:00+00:00,2023-07-15 08:00:00+00:00,14.92,15.02,-116.86415651170896,-11.686415651170854,-14.845954986621418,-0.16205984393947617,structural_invalidation,1
AVAXUSDT,-1,2023-08-20 20:00:00+00:00,2023-08-23 04:00:00+00:00,10.86,10.261247815051492,-367.6673090208897,220.14160461039577,213.35069894195414,2.3317569611654507,stop,14
AVAXUSDT,-1,2023-08-25 20:00:00+00:00,2023-08-26 00:00:00+00:00,10.04,10.07,-382.7820358389049,-11.483461075167583,-18.421768256783572,-0.19793416767648142,structural_invalidation,1
AVAXUSDT,-1,2023-08-28 12:00:00+00:00,2023-08-28 16:00:00+00:00,10.33,10.34,-443.467079191207,-4.434670791911976,-12.68848006981872,-0.13654352660739633,structural_invalidation,1
AVAXUSDT,-1,2023-09-08 00:00:00+00:00,2023-09-12 00:00:00+00:00,10.08,9.451987329463538,-501.6240843103717,315.02628079316383,306.49186071286414,3.30151935417531,stop,24
AVAXUSDT,-1,2023-09-15 00:00:00+00:00,2023-09-24 12:00:00+00:00,9.46,9.007461620070735,-397.4107001260141,179.84359440158156,173.40020346975862,1.8237534681840464,stop,57
AVAXUSDT,-1,2023-09-27 20:00:00+00:00,2023-09-28 00:00:00+00:00,8.92,8.96,-485.91451812015845,-19.436580724806788,-27.273410073048705,-0.282999981293401,structural_invalidation,1
AVAXUSDT,-1,2023-10-23 00:00:00+00:00,2023-10-23 20:00:00+00:00,10.23,10.547541048082861,-302.8622456130369,-96.17119489669251,-101.92120843822502,-1.0597893532227525,stop,5
AVAXUSDT,-1,2023-10-23 20:00:00+00:00,2023-10-24 00:00:00+00:00,10.58,10.44,-247.9412616992184,34.711776637890715,30.052464448039004,0.31497810171371693,structural_invalidation,1
AVAXUSDT,-1,2023-10-24 16:00:00+00:00,2023-10-24 20:00:00+00:00,10.29,10.32,-215.38509995700156,-6.4615529987102915,-10.462546615511553,-0.10939667439759553,structural_invalidation,1
AVAXUSDT,-1,2023-10-25 08:00:00+00:00,2023-10-25 12:00:00+00:00,10.32,10.55,-211.2596839924825,-48.589727318271066,-52.60154871728831,-0.5504548707311419,structural_invalidation,1
AVAXUSDT,1,2023-11-20 00:00:00+00:00,2023-11-20 04:00:00+00:00,22.56,22.35,52.57141308108477,-11.03999674702766,-13.1549446952797,-0.13823208927652586,structural_invalidation,1
AVAXUSDT,1,2023-11-24 16:00:00+00:00,2023-11-24 20:00:00+00:00,21.02,20.89,76.82246466954277,-9.986920407040483,-12.87559872354463,-0.13543713647064992,structural_invalidation,1
AVAXUSDT,1,2023-11-25 08:00:00+00:00,2023-11-27 12:00:00+00:00,20.75,20.12,83.94955735990176,-52.888221136738025,-55.92853830608423,-0.588904903134648,structural_invalidation,13
AVAXUSDT,1,2023-11-27 12:00:00+00:00,2023-11-27 16:00:00+00:00,20.12,20.0,100.342845544067,-12.04114146528814,-15.653483904874552,-0.16557064195622728,structural_invalidation,1
AVAXUSDT,1,2023-11-28 04:00:00+00:00,2023-12-04 08:00:00+00:00,19.73,21.537183076199344,101.0522228427823,182.61986693380092,178.7023825312815,1.8925580976101457,stop,37
AVAXUSDT,1,2023-12-15 04:00:00+00:00,2023-12-18 00:00:00+00:00,39.35,39.35,30.1243328876021,0.0,-2.133706498428857,-0.022289670095296758,stop,17
AVAXUSDT,1,2023-12-27 16:00:00+00:00,2023-12-27 20:00:00+00:00,42.88,42.39,33.36949096666382,-16.351050573665336,-18.89720947340372,-0.19746914491932968,structural_invalidation,1
AVAXUSDT,1,2023-12-28 12:00:00+00:00,2023-12-28 16:00:00+00:00,40.09,39.92,33.620411827944444,-5.715470010750613,-8.131298323059388,-0.0850952146694444,structural_invalidation,1
AVAXUSDT,1,2024-03-21 08:00:00+00:00,2024-03-21 16:00:00+00:00,54.96,53.72,18.04660594362783,-22.377791370098546,-24.12282597842358,-0.2526320118171329,structural_invalidation,2
AVAXUSDT,1,2024-03-21 16:00:00+00:00,2024-04-02 00:00:00+00:00,53.72,48.59169695823573,18.583998154168164,-95.30437426216216,-96.92982467400572,-1.017055359991896,stop,68
AVAXUSDT,-1,2024-04-26 00:00:00+00:00,2024-04-26 04:00:00+00:00,35.48,35.36,-59.11718456027027,7.094062147232281,3.3313715843401988,0.03525762511366448,structural_invalidation,1
AVAXUSDT,-1,2024-06-27 16:00:00+00:00,2024-06-30 20:00:00+00:00,28.09,29.27855800142383,-79.51782040764333,-94.51154170128748,-98.70224251180106,-1.04434062480706,stop,19
AVAXUSDT,-1,2024-07-08 04:00:00+00:00,2024-07-08 08:00:00+00:00,25.63,26.93237323733418,-72.00971026768455,-93.78351948082069,-97.27442578937553,-1.0372230251954744,stop,1
AVAXUSDT,-1,2024-08-08 08:00:00+00:00,2024-08-08 12:00:00+00:00,20.57,21.83221241617191,-73.72371171942282,-93.05498429853398,-95.95217742039469,-1.0311342067671099,stop,1
AVAXUSDT,1,2024-11-28 12:00:00+00:00,2024-12-02 08:00:00+00:00,41.66,45.15613715462405,33.689020330276016,117.781435679563,115.04315683881305,1.2459276495981715,stop,23
AVAXUSDT,1,2024-12-07 12:00:00+00:00,2024-12-07 16:00:00+00:00,52.51,52.21,33.485418063583325,-10.045625419074902,-13.192518037854336,-0.1415903530098495,structural_invalidation,1
AVAXUSDT,1,2024-12-09 08:00:00+00:00,2024-12-09 12:00:00+00:00,49.25,49.02,34.538817771843355,-7.943928087523863,-10.991495212440235,-0.11809940836096774,structural_invalidation,1
AVAXUSDT,1,2024-12-19 12:00:00+00:00,2024-12-19 16:00:00+00:00,41.57,38.86646966971116,34.39481375038595,-92.98742217880414,-95.39367115256867,-1.0258771446436874,stop,1
AVAXUSDT,1,2024-12-21 12:00:00+00:00,2024-12-21 16:00:00+00:00,38.62,37.74,26.722249525895013,-23.51557958278749,-25.330875437580588,-0.27452371379573315,structural_invalidation,1
AVAXUSDT,-1,2025-03-03 00:00:00+00:00,2025-03-05 20:00:00+00:00,24.55,21.6569299239668,-70.78574466314544,204.7881196946729,202.02871625345892,2.1940243364378103,stop,17
AVAXUSDT,-1,2025-03-08 00:00:00+00:00,2025-03-08 12:00:00+00:00,19.87,20.47,-67.94769644449282,-40.76861786669555,-43.27221868988933,-0.4623965333549382,structural_invalidation,3
AVAXUSDT,-1,2025-03-08 12:00:00+00:00,2025-03-08 16:00:00+00:00,20.47,20.83,-68.94555617059106,-24.820400221412743,-27.405444904472883,-0.29386822920744504,structural_invalidation,1
AVAXUSDT,-1,2025-03-13 20:00:00+00:00,2025-03-14 00:00:00+00:00,18.5,18.76,-75.70655045146326,-19.683703117380567,-22.240161913025577,-0.23901132800990438,structural_invalidation,1
AVAXUSDT,1,2025-09-16 04:00:00+00:00,2025-09-16 08:00:00+00:00,30.63,30.44,70.4534339424415,-13.386152449063726,-17.24643700163798,-0.18567792431789112,structural_invalidation,1
AVAXUSDT,1,2025-09-22 00:00:00+00:00,2025-09-22 04:00:00+00:00,31.8,30.585220727346133,76.35350820415924,-92.75265916081968,-96.95617918393627,-1.045319671275713,stop,1
AVAXUSDT,1,2025-09-25 04:00:00+00:00,2025-09-25 08:00:00+00:00,30.72,30.6,50.699254131104986,-6.083910495732469,-8.876425413273731,-0.09645616256803749,structural_invalidation,1
AVAXUSDT,1,2025-10-10 20:00:00+00:00,2025-10-11 00:00:00+00:00,20.68,21.94,30.278907370537432,38.15142328687721,36.95564867699995,0.4018713708533441,structural_invalidation,1
AVAXUSDT,1,2025-10-11 20:00:00+00:00,2025-10-12 00:00:00+00:00,21.46,21.02,34.6579242241808,-15.249486658639597,-16.560803879585702,-0.17954899907430727,structural_invalidation,1
AVAXUSDT,1,2025-10-17 04:00:00+00:00,2025-10-22 00:00:00+00:00,19.4,19.4,66.70133118716257,0.0,-2.3292104850557163,-0.025286747353372392,stop,29
AVAXUSDT,-1,2025-11-24 12:00:00+00:00,2025-11-24 16:00:00+00:00,13.51,13.951346444626076,-208.6584864277996,-92.09068112596763,-97.33060142494561,-1.0568995715409084,stop,1
AVAXUSDT,-1,2025-12-04 16:00:00+00:00,2025-12-07 16:00:00+00:00,14.43,13.701224238370703,-191.46786783855865,139.5371412115832,134.81512166652533,1.4756321123182161,stop,18
AVAXUSDT,-1,2025-12-21 16:00:00+00:00,2025-12-22 08:00:00+00:00,12.12,12.37,-249.64902751362217,-62.41225687840554,-67.97094212502385,-0.7360775463330278,structural_invalidation,4
AVAXUSDT,-1,2025-12-22 08:00:00+00:00,2025-12-22 12:00:00+00:00,12.37,12.37,-245.0922321483875,-0.0,-5.457223641015996,-0.05942663015638763,structural_invalidation,1
AVAXUSDT,-1,2026-01-28 16:00:00+00:00,2026-02-03 16:00:00+00:00,12.06,9.97,-275.094227119749,574.9469346802754,570.0100936803843,6.209912863722192,structural_invalidation,36
AVAXUSDT,-1,2026-02-03 16:00:00+00:00,2026-02-04 00:00:00+00:00,9.97,10.11,-203.6333792499909,-28.50867309499848,-32.214393330589814,-0.33551899918990147,structural_invalidation,2
AVAXUSDT,-1,2026-02-04 00:00:00+00:00,2026-02-04 04:00:00+00:00,10.11,10.16,-198.66180865907415,-9.933090432953849,-13.566217589710996,-0.141651010438683,structural_invalidation,1
AVAXUSDT,-1,2026-02-09 00:00:00+00:00,2026-02-13 12:00:00+00:00,9.18,9.18,-224.74353777456773,-0.0,-3.7136622181869567,-0.03881726476030281,stop,27
LINKUSDT,-1,2020-09-09 04:00:00+00:00,2020-09-09 08:00:00+00:00,12.1277,12.2863,-72.54411681082297,-11.505496926196512,-13.109834734467578,-0.13983823716765417,structural_invalidation,1
LINKUSDT,-1,2020-09-26 20:00:00+00:00,2020-10-08 12:00:00+00:00,10.3169,9.135761025070634,-121.80475083893778,143.86833854742986,141.8653361757408,1.5148081621406786,stop,70
LINKUSDT,1,2021-01-13 04:00:00+00:00,2021-01-17 00:00:00+00:00,14.4424,19.46408391073328,57.57017298225778,289.09921140313566,287.08222018330787,3.0316277654854735,stop,23
LINKUSDT,1,2021-01-21 00:00:00+00:00,2021-01-21 04:00:00+00:00,21.4883,20.7304,50.09382095058805,-37.96610689845065,-39.835343800951975,-0.4116526443166891,structural_invalidation,1
LINKUSDT,1,2021-02-17 04:00:00+00:00,2021-02-22 08:00:00+00:00,31.3388,31.3388,37.3421589033874,0.0,-2.1064652089946585,-0.021835319099281835,stop,31
LINKUSDT,1,2021-02-23 16:00:00+00:00,2021-02-28 12:00:00+00:00,23.5624,23.5624,25.0247302203096,0.0,-1.0613568660174413,-0.011031681578390781,stop,29
LINKUSDT,1,2021-04-19 12:00:00+00:00,2021-04-22 20:00:00+00:00,35.2324,35.2324,20.858835914477478,0.0,-1.3228323308518253,-0.013752567216722456,stop,20
LINKUSDT,1,2021-05-08 04:00:00+00:00,2021-05-08 08:00:00+00:00,48.662,47.642,26.381160210166673,-26.9087834143699,-29.17111563688887,-0.3033388886586777,structural_invalidation,1
LINKUSDT,1,2021-05-09 00:00:00+00:00,2021-05-09 04:00:00+00:00,47.282,47.5,29.71911254925196,6.478766535737032,3.9377824127759893,0.041044302874408536,structural_invalidation,1
LINKUSDT,1,2021-05-10 16:00:00+00:00,2021-05-10 20:00:00+00:00,46.128,42.52503053259355,26.636178630774722,-95.96933833506554,-98.00820609224711,-1.0212449912915216,stop,1
LINKUSDT,1,2021-05-12 12:00:00+00:00,2021-05-12 16:00:00+00:00,46.507,45.735,27.679732267278204,-21.368753310338732,-23.647431909777875,-0.24830799064162654,structural_invalidation,1
LINKUSDT,1,2021-05-23 12:00:00+00:00,2021-05-23 16:00:00+00:00,17.508,17.532,22.236689553821975,0.5336805492917476,-0.16805600497194473,-0.0017680019484308644,structural_invalidation,1
LINKUSDT,1,2021-11-16 00:00:00+00:00,2021-11-16 04:00:00+00:00,29.94,30.34,61.261073749926794,24.50442949997063,21.15883974033963,0.22260127519344847,structural_invalidation,1
LINKUSDT,1,2021-11-17 12:00:00+00:00,2021-11-18 08:00:00+00:00,28.99,28.12,54.77626362254853,-47.655349351617076,-50.427904711135994,-0.5296418185054675,structural_invalidation,5
LINKUSDT,1,2021-11-18 08:00:00+00:00,2021-11-18 12:00:00+00:00,28.12,27.13,60.707384709263316,-60.1003108621708,-63.06489528706297,-0.6650339774054375,structural_invalidation,1
LINKUSDT,-1,2022-01-27 12:00:00+00:00,2022-01-28 16:00:00+00:00,15.34,15.75,-73.31688671840708,-30.059923554546913,-32.13845729301375,-0.34060636232524366,structural_invalidation,7
LINKUSDT,-1,2022-01-28 16:00:00+00:00,2022-01-28 20:00:00+00:00,15.75,16.15,-81.0798812789582,-32.43195251158316,-34.788944660362475,-0.3696310914719478,structural_invalidation,1
LINKUSDT,-1,2022-02-27 08:00:00+00:00,2022-02-27 12:00:00+00:00,14.64,14.58,-108.89101279447738,6.533460767668696,3.675725027890432,0.039162994641635175,structural_invalidation,1
LINKUSDT,-1,2022-05-15 04:00:00+00:00,2022-05-15 08:00:00+00:00,7.25,7.57,-125.52313912384558,-40.16740451963062,-41.87778281333214,-0.446055619138,structural_invalidation,1
LINKUSDT,-1,2022-06-16 12:00:00+00:00,2022-06-16 16:00:00+00:00,6.58,6.52,-115.47163984014422,6.9282983904087105,5.573123225244778,0.059560991745117045,structural_invalidation,1
LINKUSDT,1,2022-10-10 20:00:00+00:00,2022-10-11 00:00:00+00:00,7.335,7.187,433.38806805657146,-64.14143407237243,-69.74800215359308,-0.7450788899399292,structural_invalidation,1
LINKUSDT,-1,2023-01-03 00:00:00+00:00,2023-01-04 00:00:00+00:00,5.68,5.793758893333471,-818.2755459432319,-93.08612054834387,-101.61972474705449,-1.0916742920259388,stop,6
LINKUSDT,-1,2023-01-04 00:00:00+00:00,2023-01-04 04:00:00+00:00,5.791,5.802,-718.1927207690785,-7.900119928459312,-15.40063742708326,-0.1667930308128742,structural_invalidation,1
LINKUSDT,-1,2023-01-04 12:00:00+00:00,2023-01-07 12:00:00+00:00,5.814,5.814,-683.3460259905361,-0.0,-7.151352831196157,-0.07754807636415327,stop,18
LINKUSDT,-1,2023-01-14 00:00:00+00:00,2023-01-14 04:00:00+00:00,6.818,7.037545833206254,-419.8756088773442,-92.18194039395988,-97.50074930905532,-1.0576990340229804,stop,1
LINKUSDT,-1,2023-01-14 12:00:00+00:00,2023-01-14 20:00:00+00:00,6.801,6.856,-309.4254281017644,-17.018398545596956,-20.836955868715208,-0.2278490961568714,structural_invalidation,2
LINKUSDT,-1,2023-01-14 20:00:00+00:00,2023-01-17 16:00:00+00:00,6.856,6.856,-325.763551894939,-0.0,-4.020182841225063,-0.04403460824853273,stop,17
LINKUSDT,-1,2023-06-13 12:00:00+00:00,2023-06-13 16:00:00+00:00,5.188,5.256,-453.8375351336599,-30.860952389089103,-35.15461854148163,-0.38511149263549715,structural_invalidation,1
LINKUSDT,-1,2023-06-15 00:00:00+00:00,2023-06-15 16:00:00+00:00,5.307,5.35,-476.67583986782086,-20.497061114315944,-25.087449452243057,-0.2756220644321211,structural_invalidation,4
LINKUSDT,-1,2023-06-15 16:00:00+00:00,2023-06-21 00:00:00+00:00,5.35,5.35,-479.18035733832255,-0.0,-4.614506841168046,-0.05080026605713481,stop,32
LINKUSDT,-1,2023-06-22 00:00:00+00:00,2023-06-22 04:00:00+00:00,5.779,5.759,-523.7355815679836,10.474711631359447,5.045563845709416,0.05557025376881019,structural_invalidation,1
LINKUSDT,-1,2023-06-23 04:00:00+00:00,2023-06-23 08:00:00+00:00,5.834,5.857,-477.97972493839376,-10.99353367358333,-16.032682721718842,-0.17650536313701223,structural_invalidation,1
LINKUSDT,-1,2023-06-30 16:00:00+00:00,2023-06-30 20:00:00+00:00,6.311,6.313,-301.8378768627432,-0.6036757537254199,-4.033580283667516,-0.04446391067521281,structural_invalidation,1
LINKUSDT,-1,2023-07-01 16:00:00+00:00,2023-07-01 20:00:00+00:00,6.423,6.503,-337.14981827434354,-26.971985461947508,-30.91845894477601,-0.34094132396844407,structural_invalidation,1
LINKUSDT,-1,2023-07-02 04:00:00+00:00,2023-07-02 08:00:00+00:00,6.409,6.485,-358.03158555640545,-27.210400502286998,-31.38970320048692,-0.3470251514832155,structural_invalidation,1
LINKUSDT,-1,2023-07-20 08:00:00+00:00,2023-07-20 12:00:00+00:00,8.327,8.064,-240.16858878312652,63.16433884996225,59.67824375005741,0.6614746441417586,structural_invalidation,1
LINKUSDT,-1,2023-07-22 12:00:00+00:00,2023-07-27 04:00:00+00:00,8.058,8.058,-249.03362275191978,-0.0,-3.6120832778429453,-0.03983874858219158,stop,28
LINKUSDT,1,2023-12-12 08:00:00+00:00,2023-12-12 12:00:00+00:00,14.799,14.643,115.59853710453541,-18.033371788307385,-21.080248670186467,-0.2325304320153186,structural_invalidation,1
LINKUSDT,1,2023-12-31 00:00:00+00:00,2024-01-02 16:00:00+00:00,15.031,15.031,131.03570316327463,0.0,-3.5452757776449255,-0.03917528400478053,stop,16
LINKUSDT,1,2024-02-08 16:00:00+00:00,2024-02-08 20:00:00+00:00,18.163,18.212,125.10849271721722,6.130316143143579,2.0290595782848513,0.02243329982888313,structural_invalidation,1
LINKUSDT,1,2024-02-09 16:00:00+00:00,2024-02-13 12:00:00+00:00,18.236,19.605441064694208,135.86671474682828,186.0614584994007,181.26675013588007,2.003749589573936,stop,23
LINKUSDT,1,2024-02-15 20:00:00+00:00,2024-02-16 04:00:00+00:00,19.932,19.852,135.57297946543343,-10.845838357234443,-15.690348976260456,-0.1709167075768301,structural_invalidation,2
LINKUSDT,1,2024-02-16 04:00:00+00:00,2024-02-16 08:00:00+00:00,19.852,19.887,138.67220431358018,4.853527150975326,-0.1104662779561787,-0.001204923012228194,structural_invalidation,1
LINKUSDT,1,2024-02-20 12:00:00+00:00,2024-02-21 00:00:00+00:00,18.969,18.994,135.35080637866557,3.383770159466447,-1.2437656299750253,-0.01356750669822393,structural_invalidation,3
LINKUSDT,1,2024-02-21 00:00:00+00:00,2024-02-21 04:00:00+00:00,18.994,18.743,136.1452713350734,-34.17246310510359,-38.765650582243495,-0.42293988140482436,structural_invalidation,1
LINKUSDT,1,2024-03-06 00:00:00+00:00,2024-03-12 04:00:00+00:00,18.611,20.47401332516324,68.97703033194523,128.505126638603,125.96310068993942,1.3786521355301589,stop,37
LINKUSDT,1,2024-03-14 00:00:00+00:00,2024-03-14 04:00:00+00:00,20.621,20.445,111.48734689166756,-19.62177305293331,-23.724618905893568,-0.2572817422797497,structural_invalidation,1
LINKUSDT,1,2024-03-14 16:00:00+00:00,2024-03-15 00:00:00+00:00,20.26,19.179096100289694,85.1460221350383,-92.03466737058304,-94.97411010453656,-1.031938429484595,stop,2
LINKUSDT,1,2024-03-15 00:00:00+00:00,2024-03-15 04:00:00+00:00,19.578,19.583,71.26233474518656,0.3563116737258619,-2.155642868641117,-0.023606725348209054,structural_invalidation,1
LINKUSDT,1,2024-03-21 20:00:00+00:00,2024-03-22 08:00:00+00:00,18.458,17.891,88.26155531470016,-50.04430186343501,-52.88665933847855,-0.5792712433856341,structural_invalidation,3
LINKUSDT,1,2024-03-22 08:00:00+00:00,2024-03-22 12:00:00+00:00,17.891,17.732,93.8646235034681,-14.924475137051326,-17.92040864418562,-0.19715268759114368,structural_invalidation,1
LINKUSDT,1,2024-03-23 00:00:00+00:00,2024-03-27 04:00:00+00:00,18.113,19.512615849033814,90.88829663996037,127.20870046897534,124.0164573174599,1.3663965496414385,stop,25
LINKUSDT,1,2024-04-14 00:00:00+00:00,2024-04-16 04:00:00+00:00,13.104,13.104,84.67908140964062,0.0,-1.9973424290254749,-0.021791724369319514,stop,13
LINKUSDT,-1,2024-07-08 04:00:00+00:00,2024-07-08 08:00:00+00:00,12.594,13.222373742944932,-145.83287584353712,-91.63755003822699,-95.10841225736812,-1.037875982255017,stop,1
LINKUSDT,-1,2024-08-08 12:00:00+00:00,2024-08-08 16:00:00+00:00,10.2,10.32,-131.68773150255709,-15.802527780306981,-18.24875908069848,-0.20070140065877556,structural_invalidation,1
LINKUSDT,1,2024-12-17 12:00:00+00:00,2024-12-18 16:00:00+00:00,27.61,26.41,49.908926329348176,-59.89071159521777,-62.263282135062326,-0.6858104860953126,structural_invalidation,7
LINKUSDT,1,2024-12-18 16:00:00+00:00,2024-12-18 20:00:00+00:00,26.41,24.86,51.14575847400517,-79.27592563470805,-81.56459603490283,-0.9030943874944115,structural_invalidation,1
LINKUSDT,1,2024-12-23 12:00:00+00:00,2024-12-27 16:00:00+00:00,22.15,22.15,49.107891041728635,0.0,-1.9579316158337206,-0.02182632144042483,stop,25
LINKUSDT,1,2025-08-16 08:00:00+00:00,2025-08-18 04:00:00+00:00,21.45,24.550057436008245,75.98811773025618,235.5675294179507,232.20960663943322,2.589313338460142,stop,11
LINKUSDT,1,2025-08-25 20:00:00+00:00,2025-08-26 00:00:00+00:00,23.38,23.16,70.1508773127226,-15.433193008798892,-18.35764278221167,-0.2008127762557931,structural_invalidation,1
LINKUSDT,-1,2026-02-09 00:00:00+00:00,2026-02-13 16:00:00+00:00,8.89,8.89,-204.51025390606569,-0.0,-3.2725730830048634,-0.03585249355957585,stop,28
DOGEUSDT,-1,2020-09-12 08:00:00+00:00,2020-09-12 16:00:00+00:00,0.0027912,0.0028163,-1205160.3433802507,-30.249524618843918,-36.35889215395515,-0.38782818297552163,structural_invalidation,2
DOGEUSDT,-1,2020-09-12 16:00:00+00:00,2020-09-12 20:00:00+00:00,0.0028163,0.0028141,-1212955.8765108516,2.668502928323807,-3.4755795094367294,-0.037179984405500466,structural_invalidation,1
DOGEUSDT,-1,2020-09-27 00:00:00+00:00,2020-10-04 12:00:00+00:00,0.0027189,0.002635120973747432,-1352780.9854703387,113.33467369569405,106.91813890983475,1.1440749733645983,stop,45
DOGEUSDT,-1,2020-11-06 04:00:00+00:00,2020-11-06 08:00:00+00:00,0.0027306,0.0027954485320454917,-1452808.6221231332,-94.21250648771849,-101.52275960182135,-1.0775932345569834,stop,1
DOGEUSDT,1,2020-12-24 04:00:00+00:00,2021-01-02 20:00:00+00:00,0.0038981,0.009818170073698694,208408.86465960022,1233.7950827648206,1230.1119341442507,13.162732104683856,stop,58
DOGEUSDT,-1,2021-01-03 08:00:00+00:00,2021-01-09 08:00:00+00:00,0.0131251,0.01049519179116792,-48284.788353292075,126.98456125204245,126.0723966461877,1.2283457772231694,stop,36
DOGEUSDT,-1,2021-01-28 20:00:00+00:00,2021-01-29 00:00:00+00:00,0.0364995,0.04185440348524959,-19350.97307299595,-103.622593151557,-105.08045533424986,-1.0140689606229079,stop,1
DOGEUSDT,-1,2021-01-30 20:00:00+00:00,2021-01-31 00:00:00+00:00,0.02826,0.0279829,-5682.699926493387,1.574676149631311,1.2884429868397818,0.012532231035520688,structural_invalidation,1
DOGEUSDT,-1,2021-02-24 00:00:00+00:00,2021-02-24 04:00:00+00:00,0.050522,0.05709869903200718,-15634.002152818215,-102.82012682483773,-104.42695295529886,-1.0156275447237921,stop,1
DOGEUSDT,-1,2021-04-16 00:00:00+00:00,2021-04-16 04:00:00+00:00,0.2659352,0.2457957,-2923.6015258862826,58.87987293058672,57.58637730014941,0.5643680214986925,structural_invalidation,1
DOGEUSDT,-1,2021-04-23 08:00:00+00:00,2021-04-23 12:00:00+00:00,0.2421151,0.234948,-1554.360972410913,11.14026052536627,10.48291132222347,0.1023034232823741,structural_invalidation,1
DOGEUSDT,-1,2021-05-07 00:00:00+00:00,2021-05-07 04:00:00+00:00,0.57323,0.63242,-1212.2973402295595,-71.75587956818758,-73.13590551922194,-0.713190913613289,structural_invalidation,1
DOGEUSDT,1,2021-05-12 20:00:00+00:00,2021-05-16 20:00:00+00:00,0.3916,0.4858319487520307,1248.1589479696559,117.61645001946512,116.52493813018523,1.1424133937880532,stop,24
DOGEUSDT,-1,2021-05-22 00:00:00+00:00,2021-05-22 04:00:00+00:00,0.3394,0.33299,-1553.1573793921093,9.955738801903376,9.024804225528575,0.08773186315010578,structural_invalidation,1
DOGEUSDT,-1,2022-01-13 20:00:00+00:00,2022-01-14 00:00:00+00:00,0.1717,0.1758,-9776.21047489916,-40.08246294708675,-43.17604698976385,-0.41944669200966356,structural_invalidation,1
DOGEUSDT,-1,2022-01-25 16:00:00+00:00,2022-01-25 20:00:00+00:00,0.1439,0.1427,-9178.305101883932,11.01396612226078,8.656426673790872,0.08435978688022922,structural_invalidation,1
DOGEUSDT,-1,2022-03-19 08:00:00+00:00,2022-03-19 12:00:00+00:00,0.1217,0.12489401310758354,-32147.05380887304,-102.67811123573368,-109.90506544332973,-1.070384565129018,stop,1
DOGEUSDT,-1,2022-03-24 00:00:00+00:00,2022-03-24 04:00:00+00:00,0.1365,0.1358,-21476.787236841996,15.033751065789529,9.783965193615872,0.09605888990627492,structural_invalidation,1
DOGEUSDT,-1,2022-03-27 00:00:00+00:00,2022-03-27 04:00:00+00:00,0.1411,0.1399,-18795.85826990769,22.555029923889354,17.8218568943612,0.1748488761845365,structural_invalidation,1
DOGEUSDT,-1,2022-03-29 16:00:00+00:00,2022-03-29 20:00:00+00:00,0.1454,0.1444,-14660.361838796262,14.660361838796275,10.84984058965635,0.10630754879990967,structural_invalidation,1
DOGEUSDT,-1,2022-04-05 12:00:00+00:00,2022-04-05 16:00:00+00:00,0.1617,0.17056568488361226,-11521.07728347028,-102.14224071499096,-105.67942150240481,-1.0346299509649852,stop,1
DOGEUSDT,-1,2022-05-15 08:00:00+00:00,2022-05-15 20:00:00+00:00,0.0899,0.0932,-11490.48939884991,-37.91861501620483,-39.84625951775589,-0.39315078857558133,structural_invalidation,3
DOGEUSDT,-1,2022-05-15 20:00:00+00:00,2022-05-30 20:00:00+00:00,0.0932,0.088,-12759.998781477434,66.35199366368279,64.33080985669676,0.6366151550870641,structural_invalidation,90
DOGEUSDT,-1,2022-05-30 20:00:00+00:00,2022-06-06 00:00:00+00:00,0.088,0.08269210625751246,-30373.846874187566,161.22115175877485,156.70013248706934,1.543613478819209,stop,37
DOGEUSDT,-1,2022-06-18 08:00:00+00:00,2022-06-19 04:00:00+00:00,0.05419,0.058730395110737264,-22620.84484018649,-102.70757331312898,-105.09892939249409,-1.0232831523735302,stop,5
DOGEUSDT,-1,2022-06-19 04:00:00+00:00,2022-06-19 08:00:00+00:00,0.056,0.05749,-19778.798180211597,-29.470409288515246,-31.5171588817999,-0.3092407362768542,structural_invalidation,1
DOGEUSDT,1,2022-11-04 08:00:00+00:00,2022-11-08 00:00:00+00:00,0.11912,0.1054308498026083,7427.774988522449,-101.6799274503132,-103.08953738284167,-1.013863207497048,stop,22
DOGEUSDT,1,2022-11-08 16:00:00+00:00,2022-11-08 20:00:00+00:00,0.08772,0.08827,7630.665121960873,4.196865817078441,2.9844599585105662,0.029578099708607336,structural_invalidation,1
DOGEUSDT,-1,2023-06-13 08:00:00+00:00,2023-06-21 00:00:00+00:00,0.06205,0.06409023312411155,-49466.59590400969,-100.92338750040129,-106.62997369442085,-1.0565437440751468,stop,46
DOGEUSDT,-1,2023-10-16 04:00:00+00:00,2023-10-16 08:00:00+00:00,0.06001,0.060821914048285644,-123350.64594122492,-100.15012230478898,-113.65448259821683,-1.1348411762526833,stop,1
DOGEUSDT,-1,2023-10-23 08:00:00+00:00,2023-10-23 12:00:00+00:00,0.06489,0.06416,-71747.3723187097,52.375581792658686,44.08962125831554,0.44398971240371615,structural_invalidation,1
DOGEUSDT,-1,2023-10-31 08:00:00+00:00,2023-11-02 08:00:00+00:00,0.07021,0.07021,-46462.93774983106,-0.0,-5.871893146948149,-0.05893467846678223,stop,12
DOGEUSDT,-1,2023-11-06 12:00:00+00:00,2023-11-06 16:00:00+00:00,0.07383,0.07620368554354756,-41965.602643862614,-99.61314432199772,-105.3694247795308,-1.0577863543683153,stop,1
DOGEUSDT,-1,2023-11-08 16:00:00+00:00,2023-11-08 20:00:00+00:00,0.07544,0.07534,-34674.943567877126,3.4674943567873306,-1.2348440903396218,-0.01249494675845901,structural_invalidation,1
DOGEUSDT,-1,2023-11-11 04:00:00+00:00,2023-11-11 08:00:00+00:00,0.07848,0.07981,-28137.19030415959,-37.42246310453258,-41.46459558924754,-0.4196047702673318,structural_invalidation,1
DOGEUSDT,-1,2023-11-16 08:00:00+00:00,2023-11-16 16:00:00+00:00,0.08094,0.08094,-25222.90184348347,-0.0,-3.674775015380793,-0.0373034777193819,stop,2
DOGEUSDT,-1,2023-11-17 04:00:00+00:00,2023-11-17 08:00:00+00:00,0.08264,0.08721956813305223,-21505.971998716752,-98.48806403563677,-101.86439889765403,-1.034281665449283,stop,1
DOGEUSDT,-1,2023-11-17 16:00:00+00:00,2023-11-17 20:00:00+00:00,0.08291,0.08641,-18632.318370966863,-65.21311429838408,-68.11114783316754,-0.6969598108277063,structural_invalidation,1
DOGEUSDT,1,2023-11-21 04:00:00+00:00,2023-11-21 16:00:00+00:00,0.07626,0.07466,25540.220882594145,-40.864353412150386,-44.29665261612045,-0.45565542265522085,structural_invalidation,3
DOGEUSDT,1,2023-11-21 16:00:00+00:00,2023-11-21 20:00:00+00:00,0.07466,0.07072865154897955,24642.973443534578,-96.88011547577796,-100.01745118305128,-1.0323836908313526,stop,1
DOGEUSDT,-1,2023-12-06 04:00:00+00:00,2023-12-06 08:00:00+00:00,0.10268,0.10004,-20072.475758012304,52.99133600115228,49.37684514645549,0.5136466562027663,structural_invalidation,1
DOGEUSDT,-1,2023-12-08 16:00:00+00:00,2023-12-08 20:00:00+00:00,0.10032,0.10164,-20865.441108239796,-27.542382262876277,-31.359756444510964,-0.32496545070019767,structural_invalidation,1
DOGEUSDT,1,2023-12-12 08:00:00+00:00,2023-12-12 12:00:00+00:00,0.09529,0.09411,17266.87064849362,-20.37490736522248,-23.299880719336002,-0.24203489237475892,structural_invalidation,1
DOGEUSDT,1,2024-03-08 04:00:00+00:00,2024-03-08 12:00:00+00:00,0.16473,0.16342,5104.150699287634,-6.6864374160666875,-8.18785396916634,-0.08520860292980531,structural_invalidation,2
DOGEUSDT,1,2024-03-08 12:00:00+00:00,2024-03-15 00:00:00+00:00,0.16342,0.16342,4970.5073071286115,0.0,-1.462104547435724,-0.015226023259461537,stop,39
DOGEUSDT,1,2024-03-31 20:00:00+00:00,2024-04-01 00:00:00+00:00,0.22,0.21589,7647.052220750913,-31.42938462728627,-34.40104441437452,-0.3585733189616304,structural_invalidation,1
DOGEUSDT,1,2024-05-18 04:00:00+00:00,2024-05-18 12:00:00+00:00,0.15455,0.15288,17022.90952935432,-28.4282589140218,-33.11269124994764,-0.34611048400558486,structural_invalidation,2
DOGEUSDT,1,2024-05-18 12:00:00+00:00,2024-05-18 16:00:00+00:00,0.15288,0.15305,17090.593045371606,2.9054008177132324,-1.802886660356191,-0.018894116329854823,structural_invalidation,1
DOGEUSDT,1,2024-05-19 04:00:00+00:00,2024-05-19 08:00:00+00:00,0.15404,0.15218,18887.061771873145,-35.12993489568406,-40.30355440448264,-0.4224467611961157,structural_invalidation,1
DOGEUSDT,1,2024-06-18 00:00:00+00:00,2024-06-18 04:00:00+00:00,0.1218,0.12272,15299.677005048408,14.075702844644386,10.696065392937212,0.11247104011798015,structural_invalidation,1
DOGEUSDT,1,2024-06-24 08:00:00+00:00,2024-06-24 12:00:00+00:00,0.11722,0.11698,22151.162938274018,-5.316279105185855,-9.980516578120586,-0.10485846483185625,structural_invalidation,1
DOGEUSDT,1,2024-07-04 16:00:00+00:00,2024-07-04 20:00:00+00:00,0.10769,0.10502,22213.288432220175,-59.309480114027686,-63.50859130610086,-0.6677665105610069,structural_invalidation,1
DOGEUSDT,1,2024-07-07 20:00:00+00:00,2024-07-08 00:00:00+00:00,0.10415,0.10235,17135.969885361425,-30.844745793650734,-34.00170552563087,-0.3593133692039741,structural_invalidation,1
DOGEUSDT,1,2024-07-08 12:00:00+00:00,2024-07-16 04:00:00+00:00,0.10547,0.12071290904381997,14851.369339942717,226.37807202492354,223.1511184315679,2.364542340506184,stop,46
DOGEUSDT,1,2024-08-05 08:00:00+00:00,2024-08-11 16:00:00+00:00,0.0846,0.10389697342710381,12115.692100401217,233.79618851241395,231.5303777800425,2.411038506577958,stop,38
DOGEUSDT,1,2024-11-03 00:00:00+00:00,2024-11-03 04:00:00+00:00,0.15025,0.15185,11178.206867159659,17.885130987455657,14.829791704454907,0.15168906571617716,structural_invalidation,1
DOGEUSDT,1,2024-11-17 00:00:00+00:00,2024-11-23 16:00:00+00:00,0.35128,0.42772620034903985,2844.743015125661,217.46979447582802,215.2796064583355,2.1995220196654053,stop,40
DOGEUSDT,-1,2025-11-24 12:00:00+00:00,2025-11-24 16:00:00+00:00,0.14681,0.15248,-15099.816660973958,-85.61596046772247,-89.76031654776003,-0.9026082108458532,structural_invalidation,1
DOGEUSDT,-1,2025-11-25 16:00:00+00:00,2025-11-25 20:00:00+00:00,0.15107,0.15301,-16354.715580908121,-31.72814822696171,-36.23253128282426,-0.3668236672206413,structural_invalidation,1
DOGEUSDT,-1,2025-11-26 04:00:00+00:00,2025-11-26 16:00:00+00:00,0.1524,0.15589,-16820.4785700174,-58.70347020936061,-63.42333013706463,-0.6438788828025541,structural_invalidation,3
DOGEUSDT,-1,2025-11-26 16:00:00+00:00,2025-11-26 20:00:00+00:00,0.15589,0.15474,-16514.765464580065,18.991980284267274,14.392089629886861,0.14681885600398714,structural_invalidation,1
DOGEUSDT,-1,2025-12-21 20:00:00+00:00,2025-12-22 00:00:00+00:00,0.13112,0.13204,-27902.249043641525,-25.67006912015032,-32.30165245485069,-0.3291582648725093,structural_invalidation,1
DOGEUSDT,-1,2025-12-22 08:00:00+00:00,2025-12-22 12:00:00+00:00,0.13288,0.13439,-27615.982534181407,-41.70013362661424,-48.38049503359779,-0.4942257174569896,structural_invalidation,1
DOGEUSDT,-1,2026-01-04 00:00:00+00:00,2026-01-04 04:00:00+00:00,0.15102,0.15151,-18250.556328181843,-8.942772600809436,-13.92002782151853,-0.1427275868932216,structural_invalidation,1
DOGEUSDT,-1,2026-02-04 00:00:00+00:00,2026-02-04 04:00:00+00:00,0.10892,0.10846,-15952.41542396635,7.338111095024554,4.223752936634451,0.04335422919230984,structural_invalidation,1
DOGEUSDT,-1,2026-02-09 00:00:00+00:00,2026-02-13 20:00:00+00:00,0.09715,0.09715,-20762.666518602844,-0.0,-3.630767494108079,-0.03725548403191746,stop,29
XRPUSDT,1,2020-09-05 08:00:00+00:00,2020-09-06 04:00:00+00:00,0.24563,0.23048124591292643,6188.627755202452,-93.75,-96.31745274391868,-1.0273861626017993,stop,5
XRPUSDT,-1,2020-09-11 12:00:00+00:00,2020-09-11 16:00:00+00:00,0.2413,0.24289,-12090.584994103006,-19.224030140623878,-24.5100580812157,-0.26347692221509605,structural_invalidation,1
XRPUSDT,-1,2020-09-12 16:00:00+00:00,2020-09-12 20:00:00+00:00,0.24846,0.24752,-14547.243324359013,13.67440872489742,7.193088123135803,0.07747513964504604,structural_invalidation,1
XRPUSDT,-1,2020-09-27 00:00:00+00:00,2020-10-04 12:00:00+00:00,0.24424,0.23546385317744667,-14966.122581721873,131.34488914152226,125.00172353912944,1.3455836720315668,stop,45
XRPUSDT,1,2021-04-17 08:00:00+00:00,2021-04-17 12:00:00+00:00,1.59672,1.57108,446.4469964425259,-11.446900988786313,-12.709428093693976,-0.13535898903278237,structural_invalidation,1
XRPUSDT,-1,2022-02-07 20:00:00+00:00,2022-02-08 00:00:00+00:00,0.8314,0.8667884908451992,-2650.5484517886116,-93.798909620878,-97.93434642726628,-1.0440883249400565,stop,1
XRPUSDT,-1,2022-05-15 20:00:00+00:00,2022-06-12 12:00:00+00:00,0.4481,0.3648196565713213,-2708.921374994227,225.59990243080767,223.8210204525403,2.404989077763242,stop,166
XRPUSDT,-1,2022-06-19 08:00:00+00:00,2022-06-19 12:00:00+00:00,0.3132,0.3178,-4666.777257304133,-21.467175383599237,-24.136758645867495,-0.2548504816596839,structural_invalidation,1
XRPUSDT,-1,2022-06-24 00:00:00+00:00,2022-06-24 04:00:00+00:00,0.3676,0.3713,-5914.925434716927,-21.885224108452846,-25.838405373491558,-0.27333995211480777,structural_invalidation,1
XRPUSDT,-1,2022-06-24 20:00:00+00:00,2022-06-25 00:00:00+00:00,0.3672,0.3687,-5475.531127945292,-8.213296691917945,-11.847187680290117,-0.12558677672240537,structural_invalidation,1
XRPUSDT,1,2023-04-01 12:00:00+00:00,2023-04-01 16:00:00+00:00,0.5117,0.5082,3315.708243939359,-11.60497885378795,-14.638056127013918,-0.15531785523433358,structural_invalidation,1
XRPUSDT,1,2023-07-22 20:00:00+00:00,2023-07-23 00:00:00+00:00,0.7331,0.7351,2648.5565507540014,5.297113101508008,1.7925960446813285,0.019042645861718555,structural_invalidation,1
XRPUSDT,1,2023-07-24 08:00:00+00:00,2023-07-24 12:00:00+00:00,0.6931,0.6943,2925.714993015864,3.510857991618975,-0.14552506375267082,-0.0015457076971373514,structural_invalidation,1
XRPUSDT,1,2023-07-25 04:00:00+00:00,2023-08-01 00:00:00+00:00,0.6802,0.6802,3161.3693967934964,0.0,-3.8706542346580854,-0.041112982524100866,stop,41
XRPUSDT,1,2024-03-15 00:00:00+00:00,2024-03-15 04:00:00+00:00,0.6369,0.6356,2423.36352802834,-3.1503725864367644,-5.922894331583428,-0.06294935779086769,structural_invalidation,1
XRPUSDT,-1,2024-04-17 04:00:00+00:00,2024-04-18 12:00:00+00:00,0.5043,0.5043,-3666.905835556973,-0.0,-3.328597103168487,-0.03539351029438309,stop,8
XRPUSDT,-1,2024-06-27 20:00:00+00:00,2024-06-28 00:00:00+00:00,0.4753,0.4763,-11225.006543981806,-11.225006543981817,-20.84865365439918,-0.22174029448598392,structural_invalidation,1
XRPUSDT,-1,2024-07-02 08:00:00+00:00,2024-07-05 12:00:00+00:00,0.4864,0.4213878682172992,-13506.319400962844,878.0746167946453,867.8300983429447,9.24497236179445,stop,19
XRPUSDT,-1,2024-07-08 04:00:00+00:00,2024-07-08 08:00:00+00:00,0.4227,0.43838922382971623,-6399.453355341222,-100.40245607977688,-105.4522685806654,-1.0502957068786851,stop,1
XRPUSDT,1,2024-10-02 16:00:00+00:00,2024-10-02 20:00:00+00:00,0.5753,0.5462798157763904,3432.431153161992,-99.60978439961787,-102.98490654404392,-1.0338834399127461,stop,1
XRPUSDT,1,2024-10-05 00:00:00+00:00,2024-10-23 04:00:00+00:00,0.5277,0.5277,4053.594889729706,0.0,-3.8503476419586584,-0.038956384277945795,stop,109
XRPUSDT,1,2024-11-19 20:00:00+00:00,2024-11-20 00:00:00+00:00,1.1003,1.0784,1041.61779510681,-22.81142971283917,-24.8333348472769,-0.2515352085643329,structural_invalidation,1
XRPUSDT,1,2024-11-26 04:00:00+00:00,2024-11-26 08:00:00+00:00,1.425,1.2940252354655981,752.3526401952763,-98.53920989641193,-100.29162384069927,-1.0177839252631469,stop,1
XRPUSDT,1,2025-01-19 20:00:00+00:00,2025-01-20 00:00:00+00:00,2.9587,3.1133,477.60018972450575,73.83698933140873,71.16054652420398,0.7277151072178971,structural_invalidation,1
XRPUSDT,1,2025-01-20 16:00:00+00:00,2025-01-20 20:00:00+00:00,3.1519,3.1053,411.580307343902,-19.17964232222573,-21.480186913336766,-0.2184736657129866,structural_invalidation,1
XRPUSDT,1,2025-01-27 04:00:00+00:00,2025-01-27 08:00:00+00:00,2.8103,2.7886,756.6479364270695,-16.419260220467113,-20.217239404404058,-0.20596578969691873,structural_invalidation,1
XRPUSDT,1,2025-02-02 16:00:00+00:00,2025-02-02 20:00:00+00:00,2.6687,2.518318643734887,651.7099631678374,-98.00502815266611,-100.95921218366213,-1.0301431884330892,stop,1
XRPUSDT,1,2025-02-04 04:00:00+00:00,2025-02-04 08:00:00+00:00,2.486,2.5903,352.4963535219945,36.765369672343965,35.121841324193525,0.3611580829868008,structural_invalidation,1
XRPUSDT,1,2025-02-09 04:00:00+00:00,2025-02-09 08:00:00+00:00,2.4672,2.4386,701.3694417550748,-20.059166034195112,-23.137813171390178,-0.23728470245093414,structural_invalidation,1
XRPUSDT,1,2025-02-11 16:00:00+00:00,2025-02-12 00:00:00+00:00,2.3875,2.3884,864.5062002776014,0.7780555802495636,-2.938560315487878,-0.030189375194931506,structural_invalidation,2
XRPUSDT,1,2025-02-12 00:00:00+00:00,2025-02-17 04:00:00+00:00,2.3884,2.677140501275381,899.0235620054389,259.58451395182897,255.25225165082685,2.6228995374313446,stop,31
XRPUSDT,1,2025-07-21 00:00:00+00:00,2025-07-23 12:00:00+00:00,3.4785,3.3335684759007758,684.5936124726013,-99.21919564424775,-103.3270470778628,-1.04140178124749,stop,15
XRPUSDT,1,2025-07-23 12:00:00+00:00,2025-07-23 16:00:00+00:00,3.3224,3.1809508371426736,695.8528309686881,-98.42780041242162,-102.41205297377792,-1.040478935266885,stop,1
XRPUSDT,1,2025-07-28 12:00:00+00:00,2025-07-28 16:00:00+00:00,3.1601,3.1607,861.5250714394982,0.516915042863642,-4.384525085074237,-0.04489671006004348,structural_invalidation,1
XRPUSDT,1,2025-07-29 08:00:00+00:00,2025-07-29 12:00:00+00:00,3.1376,3.0987,896.0244588559246,-34.85535144949541,-39.85307123267774,-0.4082299372202589,structural_invalidation,1
XRPUSDT,1,2025-07-30 08:00:00+00:00,2025-07-30 16:00:00+00:00,3.0518,3.0978,889.3534185161059,40.91025725174071,35.95118701595816,0.36939245351525,structural_invalidation,2
XRPUSDT,1,2025-07-30 16:00:00+00:00,2025-07-31 16:00:00+00:00,3.0978,3.0579,794.0832549938516,-31.68392187425454,-36.054730808056796,-0.3694359900579373,structural_invalidation,6
XRPUSDT,1,2025-07-31 16:00:00+00:00,2025-07-31 20:00:00+00:00,3.0579,3.0224,892.6128168173543,-31.687754997015958,-36.543854356603745,-0.3755046418049552,structural_invalidation,1
XRPUSDT,1,2025-08-01 16:00:00+00:00,2025-08-01 20:00:00+00:00,3.0141,2.8982475120712783,837.66207694637,-97.0452356577773,-101.41518931261659,-1.0450300689695844,stop,1
XRPUSDT,-1,2025-11-24 12:00:00+00:00,2025-11-24 16:00:00+00:00,2.0908,2.1794798966078766,-1085.754781195594,-96.28462173793267,-100.54410703080369,-1.0442384797903084,stop,1
XRPUSDT,-1,2025-11-26 16:00:00+00:00,2025-12-02 12:00:00+00:00,2.2324,2.0774175335596676,-1119.4000195747583,173.48737596705257,169.3015457571356,1.7722094075027817,stop,35
XRPUSDT,1,2026-03-31 16:00:00+00:00,2026-03-31 20:00:00+00:00,1.345,1.3411,2981.3507716905347,-11.627268009593129,-18.824189145438645,-0.19446801574396075,structural_invalidation,1
