pair,entry_time,exit_time,days,entry_z,gross_pct,net_pct,exit_reason
ADAUSDT/XRPUSDT,2020-04-30 00:00:00+00:00,2020-05-11 00:00:00+00:00,11,2.18,-13.165,-13.525,spread_blowout
BTCUSDT/XRPUSDT,2020-04-30 00:00:00+00:00,2020-05-07 00:00:00+00:00,7,2.4,-11.835,-12.195,spread_blowout
ADAUSDT/ZECUSDT,2020-05-05 00:00:00+00:00,2020-05-28 00:00:00+00:00,23,2.41,-18.922,-19.282,spread_blowout
BTCUSDT/ZECUSDT,2020-05-05 00:00:00+00:00,2020-05-07 00:00:00+00:00,2,2.76,-9.686,-10.046,spread_blowout
BTCUSDT/ETHUSDT,2020-05-06 00:00:00+00:00,2020-06-05 00:00:00+00:00,30,2.22,8.699,8.339,time_stop
ADAUSDT/BTCUSDT,2020-05-07 00:00:00+00:00,2020-05-12 00:00:00+00:00,5,-2.89,17.174,16.814,converged
BTCUSDT/ZECUSDT,2020-05-08 00:00:00+00:00,2020-06-07 00:00:00+00:00,30,2.89,7.914,7.554,time_stop
BTCUSDT/XRPUSDT,2020-05-08 00:00:00+00:00,2020-05-14 00:00:00+00:00,6,3.39,-6.26,-6.62,spread_blowout
ADAUSDT/BNBUSDT,2020-05-10 00:00:00+00:00,2020-05-28 00:00:00+00:00,18,2.7,-18.823,-19.183,spread_blowout
ADAUSDT/ETHUSDT,2020-05-10 00:00:00+00:00,2020-05-28 00:00:00+00:00,18,2.13,-13.358,-13.718,spread_blowout
ADAUSDT/BTCUSDT,2020-05-14 00:00:00+00:00,2020-05-20 00:00:00+00:00,6,-2.0,15.182,14.822,converged
ETHUSDT/XRPUSDT,2020-05-17 00:00:00+00:00,2020-05-30 00:00:00+00:00,13,2.07,-12.299,-12.659,spread_blowout
BNBUSDT/ETHUSDT,2020-05-18 00:00:00+00:00,2020-06-11 00:00:00+00:00,24,-2.06,-8.729,-9.089,spread_blowout
ADAUSDT/BTCUSDT,2020-05-28 00:00:00+00:00,2020-05-30 00:00:00+00:00,2,3.08,-15.046,-15.406,spread_blowout
ADAUSDT/ETHUSDT,2020-05-29 00:00:00+00:00,2020-06-03 00:00:00+00:00,5,2.54,-16.122,-16.482,spread_blowout
ADAUSDT/ZECUSDT,2020-05-29 00:00:00+00:00,2020-06-04 00:00:00+00:00,6,2.65,-18.208,-18.568,spread_blowout
BNBUSDT/ZECUSDT,2020-05-30 00:00:00+00:00,2020-06-23 00:00:00+00:00,24,-2.47,-13.611,-13.971,spread_blowout
XRPUSDT/ZECUSDT,2020-05-30 00:00:00+00:00,2020-06-23 00:00:00+00:00,24,-2.06,-13.123,-13.483,spread_blowout
ETHUSDT/LINKUSDT,2020-05-30 00:00:00+00:00,2020-06-24 00:00:00+00:00,25,2.26,13.012,12.652,converged
ETHUSDT/XRPUSDT,2020-05-31 00:00:00+00:00,2020-06-22 00:00:00+00:00,22,2.45,-15.41,-15.77,spread_blowout
ADAUSDT/BTCUSDT,2020-06-01 00:00:00+00:00,2020-06-02 00:00:00+00:00,1,3.5,-7.529,-7.889,spread_blowout
ADAUSDT/ETHUSDT,2020-06-04 00:00:00+00:00,2020-07-01 00:00:00+00:00,27,3.25,-15.347,-15.707,spread_blowout
ADAUSDT/ZECUSDT,2020-06-05 00:00:00+00:00,2020-07-05 00:00:00+00:00,30,2.38,-18.188,-18.548,time_stop
ADAUSDT/BTCUSDT,2020-06-06 00:00:00+00:00,2020-07-01 00:00:00+00:00,25,3.16,-18.731,-19.091,spread_blowout
BNBUSDT/ETHUSDT,2020-06-18 00:00:00+00:00,2020-07-12 00:00:00+00:00,24,-2.0,9.638,9.278,converged
ETHUSDT/ZECUSDT,2020-06-23 00:00:00+00:00,2020-07-13 00:00:00+00:00,20,-2.52,-7.039,-7.399,spread_blowout
BNBUSDT/LINKUSDT,2020-06-23 00:00:00+00:00,2020-07-02 00:00:00+00:00,9,-2.66,-6.343,-6.703,spread_blowout
ADAUSDT/ETHUSDT,2020-07-02 00:00:00+00:00,2020-07-11 00:00:00+00:00,9,2.63,-17.734,-18.094,spread_blowout
LINKUSDT/ZECUSDT,2020-07-04 00:00:00+00:00,2020-07-08 00:00:00+00:00,4,2.07,-18.666,-19.026,spread_blowout
ADAUSDT/LINKUSDT,2020-07-07 00:00:00+00:00,2020-07-08 00:00:00+00:00,1,-2.77,-25.71,-26.07,spread_blowout
ADAUSDT/LINKUSDT,2020-07-09 00:00:00+00:00,2020-07-12 00:00:00+00:00,3,-2.46,-45.81,-46.17,spread_blowout
ADAUSDT/ETHUSDT,2020-07-12 00:00:00+00:00,2020-07-23 00:00:00+00:00,11,2.41,38.122,37.762,converged
ETHUSDT/ZECUSDT,2020-07-14 00:00:00+00:00,2020-07-24 00:00:00+00:00,10,-2.72,13.48,13.12,converged
ETHUSDT/ZECUSDT,2020-07-25 00:00:00+00:00,2020-07-26 00:00:00+00:00,1,3.72,-1.306,-1.666,spread_blowout
ETHUSDT/ZECUSDT,2020-07-27 00:00:00+00:00,2020-08-03 00:00:00+00:00,7,2.82,-7.039,-7.399,spread_blowout
ADAUSDT/ZECUSDT,2020-07-27 00:00:00+00:00,2020-08-01 00:00:00+00:00,5,-2.59,-61.108,-61.468,spread_blowout
ADAUSDT/ZECUSDT,2020-08-02 00:00:00+00:00,2020-08-05 00:00:00+00:00,3,-3.77,-25.219,-25.579,spread_blowout
ADAUSDT/LINKUSDT,2020-08-08 00:00:00+00:00,2020-08-12 00:00:00+00:00,4,-2.78,-33.907,-34.267,spread_blowout
LINKUSDT/ZECUSDT,2020-08-11 00:00:00+00:00,2020-08-15 00:00:00+00:00,4,2.23,-30.911,-31.271,spread_blowout
ETHUSDT/ZECUSDT,2020-08-13 00:00:00+00:00,2020-08-19 00:00:00+00:00,6,2.49,-8.708,-9.068,spread_blowout
LINKUSDT/ZECUSDT,2020-08-16 00:00:00+00:00,2020-09-03 00:00:00+00:00,18,2.76,-27.922,-28.282,spread_blowout
BTCUSDT/ZECUSDT,2020-08-19 00:00:00+00:00,2020-09-18 00:00:00+00:00,30,2.02,-4.044,-4.404,time_stop
BNBUSDT/ZECUSDT,2020-08-20 00:00:00+00:00,2020-09-02 00:00:00+00:00,13,2.1,-9.008,-9.368,spread_blowout
ETHUSDT/ZECUSDT,2020-08-20 00:00:00+00:00,2020-09-02 00:00:00+00:00,13,2.53,-9.483,-9.843,spread_blowout
BNBUSDT/XRPUSDT,2020-08-27 00:00:00+00:00,2020-09-02 00:00:00+00:00,6,3.22,-3.837,-4.197,spread_blowout
ETHUSDT/XRPUSDT,2020-08-30 00:00:00+00:00,2020-09-29 00:00:00+00:00,30,2.16,-1.433,-1.793,time_stop
BTCUSDT/ETHUSDT,2020-09-01 00:00:00+00:00,2020-09-03 00:00:00+00:00,2,-2.28,-6.975,-7.335,spread_blowout
BNBUSDT/BTCUSDT,2020-09-02 00:00:00+00:00,2020-09-06 00:00:00+00:00,4,2.69,-7.202,-7.562,spread_blowout
XRPUSDT/ZECUSDT,2020-09-03 00:00:00+00:00,2020-09-21 00:00:00+00:00,18,3.54,-3.234,-3.594,spread_blowout
BNBUSDT/ZECUSDT,2020-09-03 00:00:00+00:00,2020-09-06 00:00:00+00:00,3,3.28,-9.853,-10.213,spread_blowout
BNBUSDT/ETHUSDT,2020-09-03 00:00:00+00:00,2020-09-06 00:00:00+00:00,3,-2.19,17.034,16.674,converged
BTCUSDT/ETHUSDT,2020-09-04 00:00:00+00:00,2020-10-04 00:00:00+00:00,30,-3.44,5.688,5.328,time_stop
ETHUSDT/ZECUSDT,2020-09-06 00:00:00+00:00,2020-10-06 00:00:00+00:00,30,2.63,8.282,7.922,time_stop
BNBUSDT/ZECUSDT,2020-09-07 00:00:00+00:00,2020-09-08 00:00:00+00:00,1,3.1,-7.029,-7.389,spread_blowout
BNBUSDT/BTCUSDT,2020-09-07 00:00:00+00:00,2020-09-09 00:00:00+00:00,2,2.66,-10.702,-11.062,spread_blowout
BNBUSDT/XRPUSDT,2020-09-07 00:00:00+00:00,2020-09-08 00:00:00+00:00,1,2.81,-5.125,-5.485,spread_blowout
BNBUSDT/ETHUSDT,2020-09-08 00:00:00+00:00,2020-09-09 00:00:00+00:00,1,3.45,-2.94,-3.3,spread_blowout
BNBUSDT/LINKUSDT,2020-09-09 00:00:00+00:00,2020-09-12 00:00:00+00:00,3,2.13,-14.213,-14.573,spread_blowout
BNBUSDT/BTCUSDT,2020-09-10 00:00:00+00:00,2020-09-12 00:00:00+00:00,2,3.56,-13.409,-13.769,spread_blowout
BNBUSDT/ETHUSDT,2020-09-10 00:00:00+00:00,2020-09-12 00:00:00+00:00,2,3.03,-11.604,-11.964,spread_blowout
BNBUSDT/XRPUSDT,2020-09-10 00:00:00+00:00,2020-09-11 00:00:00+00:00,1,3.87,-3.616,-3.976,spread_blowout
BTCUSDT/XRPUSDT,2020-10-12 00:00:00+00:00,2020-10-20 00:00:00+00:00,8,2.16,-6.029,-6.389,spread_blowout
ADAUSDT/XRPUSDT,2020-11-15 00:00:00+00:00,2020-11-17 00:00:00+00:00,2,-2.45,-9.083,-9.443,spread_blowout
DOGEUSDT/XRPUSDT,2020-12-01 00:00:00+00:00,2020-12-17 00:00:00+00:00,16,-2.36,13.429,13.069,converged
DOGEUSDT/XRPUSDT,2020-12-18 00:00:00+00:00,2020-12-20 00:00:00+00:00,2,3.25,-19.78,-20.14,spread_blowout
ADAUSDT/XRPUSDT,2020-12-22 00:00:00+00:00,2020-12-23 00:00:00+00:00,1,2.45,-14.639,-14.999,spread_blowout
ETHUSDT/XRPUSDT,2020-12-22 00:00:00+00:00,2020-12-23 00:00:00+00:00,1,2.45,-18.758,-19.118,spread_blowout
BTCUSDT/ETHUSDT,2020-12-23 00:00:00+00:00,2021-01-03 00:00:00+00:00,11,2.57,23.681,23.321,converged
DOGEUSDT/ETHUSDT,2021-01-01 00:00:00+00:00,2021-01-02 00:00:00+00:00,1,3.54,-57.09,-57.45,spread_blowout
ADAUSDT/ETHUSDT,2021-01-03 00:00:00+00:00,2021-01-06 00:00:00+00:00,3,-2.0,27.821,27.461,converged
BTCUSDT/ETHUSDT,2021-01-04 00:00:00+00:00,2021-01-16 00:00:00+00:00,12,-3.28,-7.679,-8.039,spread_blowout
ADAUSDT/BTCUSDT,2021-01-16 00:00:00+00:00,2021-02-01 00:00:00+00:00,16,2.36,-22.343,-22.703,spread_blowout
ADAUSDT/DOGEUSDT,2021-01-17 00:00:00+00:00,2021-01-28 00:00:00+00:00,11,2.19,113.634,113.274,converged
BNBUSDT/DOGEUSDT,2021-01-17 00:00:00+00:00,2021-01-21 00:00:00+00:00,4,2.28,13.721,13.361,converged
ADAUSDT/ETHUSDT,2021-01-17 00:00:00+00:00,2021-01-24 00:00:00+00:00,7,2.6,19.857,19.497,converged
BTCUSDT/ETHUSDT,2021-01-19 00:00:00+00:00,2021-01-24 00:00:00+00:00,5,-2.82,-12.441,-12.801,spread_blowout
ADAUSDT/UNIUSDT,2021-01-24 00:00:00+00:00,2021-01-27 00:00:00+00:00,3,-2.68,-34.022,-34.382,spread_blowout
ETHUSDT/UNIUSDT,2021-01-24 00:00:00+00:00,2021-01-27 00:00:00+00:00,3,-2.47,-31.419,-31.779,spread_blowout
BTCUSDT/ETHUSDT,2021-01-25 00:00:00+00:00,2021-02-19 00:00:00+00:00,25,-2.48,21.417,21.057,converged
AAVEUSDT/ADAUSDT,2021-01-26 00:00:00+00:00,2021-02-13 00:00:00+00:00,18,2.11,47.001,46.641,converged
LINKUSDT/UNIUSDT,2021-01-27 00:00:00+00:00,2021-02-13 00:00:00+00:00,17,-2.07,30.583,30.223,converged
AAVEUSDT/ETHUSDT,2021-01-27 00:00:00+00:00,2021-02-26 00:00:00+00:00,30,2.38,6.086,5.726,time_stop
ADAUSDT/UNIUSDT,2021-01-28 00:00:00+00:00,2021-02-09 00:00:00+00:00,12,-2.29,42.295,41.935,converged
ETHUSDT/UNIUSDT,2021-01-28 00:00:00+00:00,2021-01-30 00:00:00+00:00,2,-2.39,-23.869,-24.229,spread_blowout
BNBUSDT/BTCUSDT,2021-01-30 00:00:00+00:00,2021-02-01 00:00:00+00:00,2,2.03,-15.145,-15.505,spread_blowout
BNBUSDT/DOGEUSDT,2021-01-30 00:00:00+00:00,2021-02-05 00:00:00+00:00,6,-2.47,27.714,27.354,converged
AAVEUSDT/UNIUSDT,2021-01-30 00:00:00+00:00,2021-02-04 00:00:00+00:00,5,-2.35,35.945,35.585,converged
DOGEUSDT/ETHUSDT,2021-01-30 00:00:00+00:00,2021-01-31 00:00:00+00:00,1,3.59,-34.376,-34.736,spread_blowout
BNBUSDT/ETHUSDT,2021-02-01 00:00:00+00:00,2021-02-05 00:00:00+00:00,4,3.11,-17.945,-18.305,spread_blowout
BNBUSDT/BTCUSDT,2021-02-02 00:00:00+00:00,2021-02-04 00:00:00+00:00,2,3.68,-7.269,-7.629,spread_blowout
AAVEUSDT/AVAXUSDT,2021-02-04 00:00:00+00:00,2021-02-08 00:00:00+00:00,4,2.37,54.517,54.157,converged
AAVEUSDT/LINKUSDT,2021-02-04 00:00:00+00:00,2021-02-13 00:00:00+00:00,9,2.45,60.044,59.684,converged
ADAUSDT/BTCUSDT,2021-02-05 00:00:00+00:00,2021-02-10 00:00:00+00:00,5,2.46,-35.43,-35.79,spread_blowout
ADAUSDT/BNBUSDT,2021-02-05 00:00:00+00:00,2021-02-08 00:00:00+00:00,3,-3.06,-14.578,-14.938,spread_blowout
BNBUSDT/DOGEUSDT,2021-02-06 00:00:00+00:00,2021-02-09 00:00:00+00:00,3,2.21,-34.366,-34.726,spread_blowout
DOGEUSDT/UNIUSDT,2021-02-06 00:00:00+00:00,2021-03-04 00:00:00+00:00,26,2.13,63.261,62.901,converged
AVAXUSDT/LINKUSDT,2021-02-07 00:00:00+00:00,2021-02-08 00:00:00+00:00,1,2.95,-17.886,-18.246,spread_blowout
SOLUSDT/UNIUSDT,2021-02-08 00:00:00+00:00,2021-02-19 00:00:00+00:00,11,2.06,-35.324,-35.684,spread_blowout
AVAXUSDT/UNIUSDT,2021-02-08 00:00:00+00:00,2021-02-10 00:00:00+00:00,2,2.43,-53.458,-53.818,spread_blowout
ADAUSDT/ETHUSDT,2021-02-08 00:00:00+00:00,2021-02-10 00:00:00+00:00,2,3.3,-33.974,-34.334,spread_blowout
AVAXUSDT/LINKUSDT,2021-02-09 00:00:00+00:00,2021-02-10 00:00:00+00:00,1,2.55,-61.177,-61.537,spread_blowout
AAVEUSDT/AVAXUSDT,2021-02-10 00:00:00+00:00,2021-03-12 00:00:00+00:00,30,-2.86,26.465,26.105,time_stop
AVAXUSDT/SOLUSDT,2021-02-10 00:00:00+00:00,2021-02-19 00:00:00+00:00,9,2.56,67.04,66.68,converged
ADAUSDT/UNIUSDT,2021-02-10 00:00:00+00:00,2021-03-12 00:00:00+00:00,30,2.54,20.793,20.433,time_stop
AVAXUSDT/LINKUSDT,2021-02-11 00:00:00+00:00,2021-02-20 00:00:00+00:00,9,3.52,75.594,75.234,converged
ADAUSDT/BNBUSDT,2021-02-11 00:00:00+00:00,2021-02-14 00:00:00+00:00,3,-2.82,-24.498,-24.858,spread_blowout
ADAUSDT/ETHUSDT,2021-02-12 00:00:00+00:00,2021-02-20 00:00:00+00:00,8,3.57,-14.216,-14.576,spread_blowout
AVAXUSDT/UNIUSDT,2021-02-12 00:00:00+00:00,2021-02-23 00:00:00+00:00,11,2.54,66.203,65.843,converged
BNBUSDT/DOGEUSDT,2021-02-13 00:00:00+00:00,2021-02-14 00:00:00+00:00,1,3.85,-3.547,-3.907,spread_blowout
BNBUSDT/DOGEUSDT,2021-02-15 00:00:00+00:00,2021-02-17 00:00:00+00:00,2,3.12,-28.678,-29.038,spread_blowout
ADAUSDT/BNBUSDT,2021-02-17 00:00:00+00:00,2021-02-19 00:00:00+00:00,2,-2.78,-88.465,-88.825,spread_blowout
AVAXUSDT/BNBUSDT,2021-02-17 00:00:00+00:00,2021-02-19 00:00:00+00:00,2,-2.36,-125.182,-125.542,spread_blowout
AAVEUSDT/SOLUSDT,2021-02-19 00:00:00+00:00,2021-02-23 00:00:00+00:00,4,-2.33,-46.477,-46.837,spread_blowout
LINKUSDT/UNIUSDT,2021-02-19 00:00:00+00:00,2021-02-22 00:00:00+00:00,3,2.11,24.566,24.206,converged
ADAUSDT/DOGEUSDT,2021-02-20 00:00:00+00:00,2021-03-22 00:00:00+00:00,30,2.36,1.888,1.528,time_stop
AAVEUSDT/ADAUSDT,2021-02-20 00:00:00+00:00,2021-02-26 00:00:00+00:00,6,-2.29,-43.478,-43.838,spread_blowout
AAVEUSDT/UNIUSDT,2021-02-20 00:00:00+00:00,2021-03-07 00:00:00+00:00,15,-2.53,-23.677,-24.037,spread_blowout
ADAUSDT/AVAXUSDT,2021-02-20 00:00:00+00:00,2021-02-26 00:00:00+00:00,6,2.54,-32.871,-33.231,spread_blowout
ADAUSDT/ETHUSDT,2021-02-21 00:00:00+00:00,2021-02-25 00:00:00+00:00,4,2.43,-33.737,-34.097,spread_blowout
ADAUSDT/BNBUSDT,2021-02-21 00:00:00+00:00,2021-03-23 00:00:00+00:00,30,-2.53,16.645,16.285,time_stop
DOGEUSDT/SOLUSDT,2021-02-22 00:00:00+00:00,2021-03-24 00:00:00+00:00,30,-2.15,4.772,4.412,time_stop
SOLUSDT/UNIUSDT,2021-02-22 00:00:00+00:00,2021-03-24 00:00:00+00:00,30,2.26,3.882,3.522,time_stop
ETHUSDT/SOLUSDT,2021-02-22 00:00:00+00:00,2021-03-24 00:00:00+00:00,30,-2.59,-8.126,-8.486,time_stop
LINKUSDT/SOLUSDT,2021-02-22 00:00:00+00:00,2021-02-23 00:00:00+00:00,1,-2.69,-22.511,-22.871,spread_blowout
ADAUSDT/LINKUSDT,2021-02-23 00:00:00+00:00,2021-02-26 00:00:00+00:00,3,2.79,-31.143,-31.503,spread_blowout
ADAUSDT/SOLUSDT,2021-02-23 00:00:00+00:00,2021-02-26 00:00:00+00:00,3,-2.5,36.915,36.555,converged
AAVEUSDT/SOLUSDT,2021-02-24 00:00:00+00:00,2021-03-26 00:00:00+00:00,30,-3.86,13.26,12.9,time_stop
LINKUSDT/SOLUSDT,2021-02-24 00:00:00+00:00,2021-03-26 00:00:00+00:00,30,-3.76,5.465,5.105,time_stop
AVAXUSDT/SOLUSDT,2021-02-25 00:00:00+00:00,2021-03-27 00:00:00+00:00,30,-3.02,-19.659,-20.019,time_stop
ADAUSDT/BTCUSDT,2021-02-26 00:00:00+00:00,2021-03-28 00:00:00+00:00,30,2.55,38.637,38.277,time_stop
ADAUSDT/LINKUSDT,2021-02-27 00:00:00+00:00,2021-03-29 00:00:00+00:00,30,3.35,21.094,20.734,time_stop
ADAUSDT/AVAXUSDT,2021-02-27 00:00:00+00:00,2021-02-28 00:00:00+00:00,1,3.82,-4.933,-5.293,spread_blowout
ADAUSDT/AVAXUSDT,2021-03-02 00:00:00+00:00,2021-04-01 00:00:00+00:00,30,2.39,6.176,5.816,time_stop
AAVEUSDT/UNIUSDT,2021-03-22 00:00:00+00:00,2021-04-21 00:00:00+00:00,30,-2.12,2.915,2.555,time_stop
AVAXUSDT/ETHUSDT,2021-04-02 00:00:00+00:00,2021-04-22 00:00:00+00:00,20,-2.36,-56.178,-56.538,spread_blowout
ETHUSDT/LINKUSDT,2021-04-03 00:00:00+00:00,2021-04-28 00:00:00+00:00,25,2.04,-15.608,-15.968,spread_blowout
ADAUSDT/SOLUSDT,2021-04-03 00:00:00+00:00,2021-04-18 00:00:00+00:00,15,-2.67,-21.677,-22.037,spread_blowout
SOLUSDT/UNIUSDT,2021-04-07 00:00:00+00:00,2021-05-07 00:00:00+00:00,30,2.43,-11.986,-12.346,time_stop
ADAUSDT/BNBUSDT,2021-04-08 00:00:00+00:00,2021-05-08 00:00:00+00:00,30,-2.03,0.315,-0.045,time_stop
BTCUSDT/ZECUSDT,2021-04-11 00:00:00+00:00,2021-04-17 00:00:00+00:00,6,-2.13,-18.021,-18.381,spread_blowout
BNBUSDT/BTCUSDT,2021-04-12 00:00:00+00:00,2021-04-23 00:00:00+00:00,11,2.03,-47.38,-47.74,spread_blowout
BTCUSDT/SOLUSDT,2021-04-18 00:00:00+00:00,2021-04-22 00:00:00+00:00,4,-2.51,-14.08,-14.44,spread_blowout
ADAUSDT/SOLUSDT,2021-04-19 00:00:00+00:00,2021-04-25 00:00:00+00:00,6,-2.36,-37.621,-37.981,spread_blowout
BNBUSDT/SOLUSDT,2021-04-22 00:00:00+00:00,2021-04-25 00:00:00+00:00,3,-2.7,-24.848,-25.208,spread_blowout
BNBUSDT/BTCUSDT,2021-04-24 00:00:00+00:00,2021-05-15 00:00:00+00:00,21,3.15,-38.456,-38.816,spread_blowout
BNBUSDT/SOLUSDT,2021-04-26 00:00:00+00:00,2021-05-26 00:00:00+00:00,30,-2.28,-8.735,-9.095,time_stop
ETHUSDT/ZECUSDT,2021-04-27 00:00:00+00:00,2021-05-03 00:00:00+00:00,6,2.21,-23.42,-23.78,spread_blowout
LINKUSDT/ZECUSDT,2021-05-04 00:00:00+00:00,2021-05-19 00:00:00+00:00,15,3.48,31.74,31.38,converged
ETHUSDT/ZECUSDT,2021-05-08 00:00:00+00:00,2021-05-24 00:00:00+00:00,16,2.78,-12.648,-13.008,spread_blowout
ETHUSDT/LINKUSDT,2021-05-10 00:00:00+00:00,2021-05-19 00:00:00+00:00,9,2.37,-24.127,-24.487,spread_blowout
XRPUSDT/ZECUSDT,2021-05-19 00:00:00+00:00,2021-05-23 00:00:00+00:00,4,3.6,-11.351,-11.711,spread_blowout
BNBUSDT/XRPUSDT,2021-05-19 00:00:00+00:00,2021-06-18 00:00:00+00:00,30,-3.0,21.149,20.789,time_stop
ETHUSDT/LINKUSDT,2021-05-20 00:00:00+00:00,2021-05-21 00:00:00+00:00,1,3.14,-12.591,-12.951,spread_blowout
LINKUSDT/ZECUSDT,2021-05-21 00:00:00+00:00,2021-05-26 00:00:00+00:00,5,-2.52,27.713,27.353,converged
DOGEUSDT/ETHUSDT,2021-05-22 00:00:00+00:00,2021-06-21 00:00:00+00:00,30,2.2,4.895,4.535,time_stop
BNBUSDT/ZECUSDT,2021-05-23 00:00:00+00:00,2021-05-28 00:00:00+00:00,5,2.13,20.783,20.423,converged
DOGEUSDT/SOLUSDT,2021-05-23 00:00:00+00:00,2021-06-08 00:00:00+00:00,16,2.13,89.298,88.938,converged
XRPUSDT/ZECUSDT,2021-05-24 00:00:00+00:00,2021-06-23 00:00:00+00:00,30,2.32,-0.781,-1.141,time_stop
BNBUSDT/ZECUSDT,2021-06-06 00:00:00+00:00,2021-07-06 00:00:00+00:00,30,2.22,-6.666,-7.026,time_stop
LINKUSDT/ZECUSDT,2021-06-18 00:00:00+00:00,2021-07-18 00:00:00+00:00,30,-2.25,-5.002,-5.362,time_stop
COTIUSDT/UNIUSDT,2021-07-04 00:00:00+00:00,2021-08-03 00:00:00+00:00,30,-2.04,0.431,0.071,time_stop
AAVEUSDT/XRPUSDT,2021-07-05 00:00:00+00:00,2021-08-04 00:00:00+00:00,30,2.1,-0.574,-0.934,time_stop
AAVEUSDT/LINKUSDT,2021-07-05 00:00:00+00:00,2021-08-04 00:00:00+00:00,30,2.18,12.553,12.193,time_stop
UNIUSDT/XRPUSDT,2021-07-06 00:00:00+00:00,2021-07-16 00:00:00+00:00,10,2.03,20.776,20.416,converged
AVAXUSDT/COTIUSDT,2021-07-09 00:00:00+00:00,2021-08-08 00:00:00+00:00,30,2.07,12.626,12.266,time_stop
BNBUSDT/COTIUSDT,2021-07-09 00:00:00+00:00,2021-08-08 00:00:00+00:00,30,2.02,11.532,11.172,time_stop
BNBUSDT/UNIUSDT,2021-07-15 00:00:00+00:00,2021-07-30 00:00:00+00:00,15,2.14,16.757,16.397,converged
BNBUSDT/LINKUSDT,2021-07-15 00:00:00+00:00,2021-07-30 00:00:00+00:00,15,2.19,25.688,25.328,converged
COTIUSDT/XRPUSDT,2021-07-20 00:00:00+00:00,2021-08-05 00:00:00+00:00,16,-2.13,18.502,18.142,converged
BTCUSDT/ZECUSDT,2021-07-26 00:00:00+00:00,2021-08-25 00:00:00+00:00,30,2.35,-3.565,-3.925,time_stop
BNBUSDT/BTCUSDT,2021-07-26 00:00:00+00:00,2021-08-09 00:00:00+00:00,14,-2.03,-15.663,-16.023,spread_blowout
BTCUSDT/XRPUSDT,2021-07-27 00:00:00+00:00,2021-08-15 00:00:00+00:00,19,2.43,18.251,17.891,converged
AVAXUSDT/BTCUSDT,2021-07-27 00:00:00+00:00,2021-08-17 00:00:00+00:00,21,-2.33,41.129,40.769,converged
BTCUSDT/UNIUSDT,2021-07-27 00:00:00+00:00,2021-08-26 00:00:00+00:00,30,2.31,0.158,-0.202,time_stop
BTCUSDT/LINKUSDT,2021-07-28 00:00:00+00:00,2021-08-27 00:00:00+00:00,30,2.08,-5.747,-6.107,time_stop
ETHUSDT/ZECUSDT,2021-07-29 00:00:00+00:00,2021-08-07 00:00:00+00:00,9,2.02,-15.882,-16.242,spread_blowout
DOGEUSDT/ETHUSDT,2021-07-29 00:00:00+00:00,2021-08-05 00:00:00+00:00,7,-2.24,-27.361,-27.721,spread_blowout
DOGEUSDT/XRPUSDT,2021-07-29 00:00:00+00:00,2021-08-28 00:00:00+00:00,30,-2.01,-8.65,-9.01,time_stop
DOGEUSDT/LINKUSDT,2021-07-30 00:00:00+00:00,2021-08-29 00:00:00+00:00,30,-2.56,16.006,15.646,time_stop
COTIUSDT/ETHUSDT,2021-07-30 00:00:00+00:00,2021-08-23 00:00:00+00:00,24,-2.25,34.88,34.52,converged
COTIUSDT/LINKUSDT,2021-07-30 00:00:00+00:00,2021-08-13 00:00:00+00:00,14,-2.76,28.905,28.545,converged
LINKUSDT/ZECUSDT,2021-07-30 00:00:00+00:00,2021-08-24 00:00:00+00:00,25,2.47,19.419,19.059,converged
AVAXUSDT/ETHUSDT,2021-08-01 00:00:00+00:00,2021-08-18 00:00:00+00:00,17,-2.28,54.04,53.68,converged
DOGEUSDT/UNIUSDT,2021-08-01 00:00:00+00:00,2021-08-31 00:00:00+00:00,30,-2.2,-2.494,-2.854,time_stop
ETHUSDT/XRPUSDT,2021-08-02 00:00:00+00:00,2021-09-01 00:00:00+00:00,30,2.02,-4.905,-5.265,time_stop
COTIUSDT/DOGEUSDT,2021-08-03 00:00:00+00:00,2021-08-22 00:00:00+00:00,19,2.06,-21.397,-21.757,spread_blowout
LINKUSDT/XRPUSDT,2021-08-03 00:00:00+00:00,2021-08-11 00:00:00+00:00,8,2.59,30.455,30.095,converged
AVAXUSDT/LINKUSDT,2021-08-03 00:00:00+00:00,2021-08-17 00:00:00+00:00,14,-2.39,52.258,51.898,converged
UNIUSDT/ZECUSDT,2021-08-04 00:00:00+00:00,2021-09-03 00:00:00+00:00,30,2.03,1.191,0.831,time_stop
BNBUSDT/ETHUSDT,2021-08-04 00:00:00+00:00,2021-08-23 00:00:00+00:00,19,-2.33,18.141,17.781,converged
ETHUSDT/LINKUSDT,2021-08-05 00:00:00+00:00,2021-08-07 00:00:00+00:00,2,2.32,-9.63,-9.99,spread_blowout
UNIUSDT/XRPUSDT,2021-08-05 00:00:00+00:00,2021-08-14 00:00:00+00:00,9,2.64,29.695,29.335,converged
AAVEUSDT/AVAXUSDT,2021-08-05 00:00:00+00:00,2021-08-17 00:00:00+00:00,12,2.14,30.152,29.792,converged
AVAXUSDT/UNIUSDT,2021-08-05 00:00:00+00:00,2021-08-17 00:00:00+00:00,12,-2.29,47.509,47.149,converged
LINKUSDT/UNIUSDT,2021-08-06 00:00:00+00:00,2021-09-05 00:00:00+00:00,30,-2.38,19.692,19.332,converged
DOGEUSDT/ZECUSDT,2021-08-06 00:00:00+00:00,2021-08-15 00:00:00+00:00,9,-2.01,31.824,31.464,converged
COTIUSDT/UNIUSDT,2021-08-06 00:00:00+00:00,2021-08-19 00:00:00+00:00,13,-2.03,35.839,35.479,converged
BNBUSDT/UNIUSDT,2021-08-07 00:00:00+00:00,2021-08-17 00:00:00+00:00,10,-2.16,17.821,17.461,converged
ETHUSDT/ZECUSDT,2021-08-08 00:00:00+00:00,2021-09-01 00:00:00+00:00,24,3.21,-11.666,-12.026,spread_blowout
ADAUSDT/DOGEUSDT,2021-08-10 00:00:00+00:00,2021-08-11 00:00:00+00:00,1,3.14,-5.395,-5.755,spread_blowout
ADAUSDT/XRPUSDT,2021-08-10 00:00:00+00:00,2021-08-13 00:00:00+00:00,3,2.15,-10.217,-10.577,spread_blowout
ADAUSDT/ZECUSDT,2021-08-10 00:00:00+00:00,2021-08-13 00:00:00+00:00,3,2.43,-19.375,-19.735,spread_blowout
ADAUSDT/COTIUSDT,2021-08-10 00:00:00+00:00,2021-08-12 00:00:00+00:00,2,2.37,-8.779,-9.139,spread_blowout
ADAUSDT/LINKUSDT,2021-08-11 00:00:00+00:00,2021-08-13 00:00:00+00:00,2,2.73,-13.828,-14.188,spread_blowout
AVAXUSDT/XRPUSDT,2021-08-11 00:00:00+00:00,2021-08-14 00:00:00+00:00,3,-2.21,-20.792,-21.152,spread_blowout
COTIUSDT/XRPUSDT,2021-08-11 00:00:00+00:00,2021-08-14 00:00:00+00:00,3,-2.82,-18.048,-18.408,spread_blowout
ADAUSDT/AVAXUSDT,2021-08-11 00:00:00+00:00,2021-08-13 00:00:00+00:00,2,2.59,-14.114,-14.474,spread_blowout
XRPUSDT/ZECUSDT,2021-08-11 00:00:00+00:00,2021-08-14 00:00:00+00:00,3,2.61,-18.374,-18.734,spread_blowout
ADAUSDT/DOGEUSDT,2021-08-12 00:00:00+00:00,2021-08-13 00:00:00+00:00,1,3.92,-11.451,-11.811,spread_blowout
ADAUSDT/UNIUSDT,2021-08-13 00:00:00+00:00,2021-08-18 00:00:00+00:00,5,2.92,-8.27,-8.63,spread_blowout
ADAUSDT/BNBUSDT,2021-08-13 00:00:00+00:00,2021-08-19 00:00:00+00:00,6,3.23,-8.767,-9.127,spread_blowout
LINKUSDT/XRPUSDT,2021-08-14 00:00:00+00:00,2021-09-13 00:00:00+00:00,30,-3.96,17.568,17.208,time_stop
ADAUSDT/XRPUSDT,2021-08-14 00:00:00+00:00,2021-08-19 00:00:00+00:00,5,2.12,-13.215,-13.575,spread_blowout
XRPUSDT/ZECUSDT,2021-08-15 00:00:00+00:00,2021-09-14 00:00:00+00:00,30,3.41,-0.285,-0.645,time_stop
AVAXUSDT/XRPUSDT,2021-08-15 00:00:00+00:00,2021-08-17 00:00:00+00:00,2,-3.26,39.097,38.737,converged
COTIUSDT/XRPUSDT,2021-08-15 00:00:00+00:00,2021-08-22 00:00:00+00:00,7,-3.71,35.893,35.533,converged
AVAXUSDT/COTIUSDT,2021-08-17 00:00:00+00:00,2021-08-18 00:00:00+00:00,1,3.47,-23.524,-23.884,spread_blowout
AVAXUSDT/XRPUSDT,2021-08-19 00:00:00+00:00,2021-08-20 00:00:00+00:00,1,3.84,-22.23,-22.59,spread_blowout
COTIUSDT/ZECUSDT,2021-08-19 00:00:00+00:00,2021-08-25 00:00:00+00:00,6,2.82,-44.358,-44.718,spread_blowout
COTIUSDT/LINKUSDT,2021-08-19 00:00:00+00:00,2021-08-25 00:00:00+00:00,6,2.24,-62.424,-62.784,spread_blowout
BNBUSDT/UNIUSDT,2021-08-19 00:00:00+00:00,2021-08-23 00:00:00+00:00,4,2.52,-12.928,-13.288,spread_blowout
ADAUSDT/XRPUSDT,2021-08-20 00:00:00+00:00,2021-08-22 00:00:00+00:00,2,3.06,-11.812,-12.172,spread_blowout
ADAUSDT/AVAXUSDT,2021-08-21 00:00:00+00:00,2021-09-10 00:00:00+00:00,20,-2.68,-9.852,-10.212,spread_blowout
ADAUSDT/BNBUSDT,2021-08-22 00:00:00+00:00,2021-09-11 00:00:00+00:00,20,2.96,-11.614,-11.974,spread_blowout
COTIUSDT/DOGEUSDT,2021-08-23 00:00:00+00:00,2021-08-25 00:00:00+00:00,2,3.59,-49.346,-49.706,spread_blowout
BNBUSDT/XRPUSDT,2021-08-23 00:00:00+00:00,2021-08-25 00:00:00+00:00,2,3.25,-3.944,-4.304,spread_blowout
DOGEUSDT/ZECUSDT,2021-08-25 00:00:00+00:00,2021-09-24 00:00:00+00:00,30,-2.16,15.018,14.658,time_stop
ADAUSDT/XRPUSDT,2021-08-25 00:00:00+00:00,2021-08-27 00:00:00+00:00,2,3.44,-6.083,-6.443,spread_blowout
COTIUSDT/XRPUSDT,2021-08-26 00:00:00+00:00,2021-09-17 00:00:00+00:00,22,3.66,-6.366,-6.726,spread_blowout
BNBUSDT/XRPUSDT,2021-08-26 00:00:00+00:00,2021-09-10 00:00:00+00:00,15,3.12,16.604,16.244,converged
ETHUSDT/UNIUSDT,2021-08-26 00:00:00+00:00,2021-09-03 00:00:00+00:00,8,2.0,-14.054,-14.414,spread_blowout
COTIUSDT/ZECUSDT,2021-08-28 00:00:00+00:00,2021-09-10 00:00:00+00:00,13,3.63,-4.788,-5.148,spread_blowout
ADAUSDT/XRPUSDT,2021-08-28 00:00:00+00:00,2021-09-27 00:00:00+00:00,30,3.24,8.934,8.574,time_stop
AVAXUSDT/BNBUSDT,2021-08-28 00:00:00+00:00,2021-09-10 00:00:00+00:00,13,2.1,-45.817,-46.177,spread_blowout
ADAUSDT/SOLUSDT,2021-08-30 00:00:00+00:00,2021-09-03 00:00:00+00:00,4,-2.87,-13.176,-13.536,spread_blowout
BNBUSDT/SOLUSDT,2021-08-30 00:00:00+00:00,2021-09-06 00:00:00+00:00,7,-2.83,-10.416,-10.776,spread_blowout
AVAXUSDT/SOLUSDT,2021-08-30 00:00:00+00:00,2021-09-03 00:00:00+00:00,4,-2.7,-26.048,-26.408,spread_blowout
COTIUSDT/SOLUSDT,2021-08-31 00:00:00+00:00,2021-09-06 00:00:00+00:00,6,-2.36,-24.713,-25.073,spread_blowout
AAVEUSDT/ETHUSDT,2021-09-03 00:00:00+00:00,2021-10-03 00:00:00+00:00,30,-2.24,-10.596,-10.956,time_stop
ADAUSDT/SOLUSDT,2021-09-04 00:00:00+00:00,2021-09-06 00:00:00+00:00,2,-3.25,-11.29,-11.65,spread_blowout
ETHUSDT/UNIUSDT,2021-09-04 00:00:00+00:00,2021-09-07 00:00:00+00:00,3,3.47,-3.599,-3.959,spread_blowout
AVAXUSDT/SOLUSDT,2021-09-04 00:00:00+00:00,2021-09-07 00:00:00+00:00,3,-2.33,-47.297,-47.657,spread_blowout
SOLUSDT/XRPUSDT,2021-09-05 00:00:00+00:00,2021-09-07 00:00:00+00:00,2,2.61,-42.127,-42.487,spread_blowout
LINKUSDT/UNIUSDT,2021-09-06 00:00:00+00:00,2021-09-28 00:00:00+00:00,22,3.45,24.092,23.732,converged
LINKUSDT/ZECUSDT,2021-09-07 00:00:00+00:00,2021-10-02 00:00:00+00:00,25,2.1,-16.038,-16.398,spread_blowout
COTIUSDT/SOLUSDT,2021-09-07 00:00:00+00:00,2021-09-08 00:00:00+00:00,1,-3.98,-3.188,-3.548,spread_blowout
BTCUSDT/UNIUSDT,2021-09-08 00:00:00+00:00,2021-10-06 00:00:00+00:00,28,2.17,-11.955,-12.315,spread_blowout
BNBUSDT/SOLUSDT,2021-09-09 00:00:00+00:00,2021-09-10 00:00:00+00:00,1,-3.65,-3.385,-3.745,spread_blowout
COTIUSDT/SOLUSDT,2021-09-09 00:00:00+00:00,2021-09-23 00:00:00+00:00,14,-3.05,78.574,78.214,converged
AVAXUSDT/COTIUSDT,2021-09-10 00:00:00+00:00,2021-09-23 00:00:00+00:00,13,2.13,39.596,39.236,converged
AVAXUSDT/XRPUSDT,2021-09-10 00:00:00+00:00,2021-09-19 00:00:00+00:00,9,2.48,-36.256,-36.616,spread_blowout
ADAUSDT/SOLUSDT,2021-09-10 00:00:00+00:00,2021-10-10 00:00:00+00:00,30,-3.42,2.394,2.034,time_stop
COTIUSDT/ZECUSDT,2021-09-11 00:00:00+00:00,2021-09-21 00:00:00+00:00,10,2.79,-26.232,-26.592,spread_blowout
ADAUSDT/AVAXUSDT,2021-09-11 00:00:00+00:00,2021-09-16 00:00:00+00:00,5,-2.53,-18.145,-18.505,spread_blowout
BNBUSDT/COTIUSDT,2021-09-12 00:00:00+00:00,2021-09-21 00:00:00+00:00,9,-2.32,-11.551,-11.911,spread_blowout
ADAUSDT/BNBUSDT,2021-09-12 00:00:00+00:00,2021-09-25 00:00:00+00:00,13,2.08,-17.94,-18.3,spread_blowout
AVAXUSDT/BNBUSDT,2021-09-12 00:00:00+00:00,2021-09-16 00:00:00+00:00,4,3.8,-7.552,-7.912,spread_blowout
ADAUSDT/COTIUSDT,2021-09-16 00:00:00+00:00,2021-09-22 00:00:00+00:00,6,-2.57,-11.445,-11.805,spread_blowout
ADAUSDT/AVAXUSDT,2021-09-17 00:00:00+00:00,2021-09-21 00:00:00+00:00,4,-3.68,-7.972,-8.332,spread_blowout
AVAXUSDT/BNBUSDT,2021-09-17 00:00:00+00:00,2021-09-20 00:00:00+00:00,3,3.69,-13.869,-14.229,spread_blowout
COTIUSDT/XRPUSDT,2021-09-18 00:00:00+00:00,2021-09-23 00:00:00+00:00,5,2.72,-41.402,-41.762,spread_blowout
ADAUSDT/ZECUSDT,2021-09-21 00:00:00+00:00,2021-10-18 00:00:00+00:00,27,2.2,34.874,34.514,converged
BNBUSDT/COTIUSDT,2021-09-22 00:00:00+00:00,2021-09-23 00:00:00+00:00,1,-3.35,-12.693,-13.053,spread_blowout
ADAUSDT/AVAXUSDT,2021-09-22 00:00:00+00:00,2021-10-22 00:00:00+00:00,30,-2.77,1.256,0.896,time_stop
XRPUSDT/ZECUSDT,2021-09-24 00:00:00+00:00,2021-10-20 00:00:00+00:00,26,2.66,29.816,29.456,converged
ADAUSDT/COTIUSDT,2021-09-24 00:00:00+00:00,2021-09-25 00:00:00+00:00,1,-3.82,-7.445,-7.805,spread_blowout
COTIUSDT/SOLUSDT,2021-09-25 00:00:00+00:00,2021-10-25 00:00:00+00:00,30,2.5,34.079,33.719,time_stop
AAVEUSDT/UNIUSDT,2021-09-26 00:00:00+00:00,2021-09-28 00:00:00+00:00,2,-3.12,-8.097,-8.457,spread_blowout
ADAUSDT/COTIUSDT,2021-09-26 00:00:00+00:00,2021-09-27 00:00:00+00:00,1,-3.52,-14.298,-14.658,spread_blowout
BNBUSDT/XRPUSDT,2021-09-26 00:00:00+00:00,2021-10-01 00:00:00+00:00,5,-2.14,14.134,13.774,converged
ADAUSDT/BNBUSDT,2021-09-26 00:00:00+00:00,2021-10-01 00:00:00+00:00,5,3.12,33.489,33.129,converged
UNIUSDT/ZECUSDT,2021-09-26 00:00:00+00:00,2021-10-18 00:00:00+00:00,22,2.18,18.949,18.589,converged
AVAXUSDT/COTIUSDT,2021-09-27 00:00:00+00:00,2021-10-27 00:00:00+00:00,30,-2.61,31.312,30.952,time_stop
BNBUSDT/ZECUSDT,2021-09-29 00:00:00+00:00,2021-10-13 00:00:00+00:00,14,2.58,-10.784,-11.144,spread_blowout
AAVEUSDT/UNIUSDT,2021-09-29 00:00:00+00:00,2021-10-29 00:00:00+00:00,30,-3.97,12.621,12.261,time_stop
BTCUSDT/LINKUSDT,2021-10-05 00:00:00+00:00,2021-10-06 00:00:00+00:00,1,2.15,-8.373,-8.733,spread_blowout
BTCUSDT/XRPUSDT,2021-10-06 00:00:00+00:00,2021-10-15 00:00:00+00:00,9,3.41,-7.798,-8.158,spread_blowout
BTCUSDT/ETHUSDT,2021-10-06 00:00:00+00:00,2021-10-11 00:00:00+00:00,5,3.12,-4.521,-4.881,spread_blowout
BTCUSDT/LINKUSDT,2021-10-07 00:00:00+00:00,2021-10-10 00:00:00+00:00,3,3.12,-5.032,-5.392,spread_blowout
ETHUSDT/LINKUSDT,2021-10-08 00:00:00+00:00,2021-10-19 00:00:00+00:00,11,2.11,-10.308,-10.668,spread_blowout
BTCUSDT/ETHUSDT,2021-10-12 00:00:00+00:00,2021-10-18 00:00:00+00:00,6,2.85,-5.169,-5.529,spread_blowout
ADAUSDT/BNBUSDT,2021-10-13 00:00:00+00:00,2021-10-29 00:00:00+00:00,16,-2.04,-29.362,-29.722,spread_blowout
ETHUSDT/XRPUSDT,2021-10-17 00:00:00+00:00,2021-10-29 00:00:00+00:00,12,2.01,-14.553,-14.913,spread_blowout
BNBUSDT/XRPUSDT,2021-10-18 00:00:00+00:00,2021-11-01 00:00:00+00:00,14,2.3,-12.308,-12.668,spread_blowout
DOGEUSDT/ZECUSDT,2021-10-21 00:00:00+00:00,2021-10-22 00:00:00+00:00,1,-3.32,-5.438,-5.798,spread_blowout
BNBUSDT/ETHUSDT,2021-11-26 00:00:00+00:00,2021-12-26 00:00:00+00:00,30,2.14,7.901,7.541,time_stop
BTCUSDT/ETHUSDT,2021-11-30 00:00:00+00:00,2021-12-30 00:00:00+00:00,30,-2.12,1.086,0.726,time_stop
1000SHIBUSDT/BTCUSDT,2021-12-04 00:00:00+00:00,2022-01-03 00:00:00+00:00,30,2.84,-21.9,-22.26,time_stop
BNBUSDT/SOLUSDT,2021-12-10 00:00:00+00:00,2022-01-09 00:00:00+00:00,30,2.45,6.797,6.437,time_stop
DOGEUSDT/LINKUSDT,2021-12-14 00:00:00+00:00,2021-12-18 00:00:00+00:00,4,2.63,15.242,14.882,converged
LINKUSDT/XRPUSDT,2021-12-20 00:00:00+00:00,2021-12-26 00:00:00+00:00,6,-2.12,14.305,13.945,converged
DOGEUSDT/XRPUSDT,2021-12-20 00:00:00+00:00,2022-01-13 00:00:00+00:00,24,-2.06,18.181,17.821,converged
AAVEUSDT/XRPUSDT,2021-12-21 00:00:00+00:00,2021-12-24 00:00:00+00:00,3,-2.8,42.878,42.518,converged
AAVEUSDT/DOGEUSDT,2021-12-23 00:00:00+00:00,2021-12-30 00:00:00+00:00,7,2.05,-15.868,-16.228,spread_blowout
AAVEUSDT/UNIUSDT,2021-12-23 00:00:00+00:00,2021-12-24 00:00:00+00:00,1,2.43,-12.928,-13.288,spread_blowout
AAVEUSDT/ADAUSDT,2021-12-24 00:00:00+00:00,2022-01-03 00:00:00+00:00,10,3.72,-4.256,-4.616,spread_blowout
AAVEUSDT/LINKUSDT,2021-12-24 00:00:00+00:00,2022-01-05 00:00:00+00:00,12,2.49,33.435,33.075,converged
AAVEUSDT/UNIUSDT,2021-12-26 00:00:00+00:00,2022-01-25 00:00:00+00:00,30,2.87,-2.681,-3.041,time_stop
AAVEUSDT/XRPUSDT,2021-12-27 00:00:00+00:00,2022-01-26 00:00:00+00:00,30,2.19,1.588,1.228,time_stop
AAVEUSDT/COTIUSDT,2021-12-27 00:00:00+00:00,2022-01-17 00:00:00+00:00,21,2.09,17.13,16.77,converged
AAVEUSDT/DOGEUSDT,2021-12-31 00:00:00+00:00,2022-01-22 00:00:00+00:00,22,2.75,26.747,26.387,converged
DOGEUSDT/UNIUSDT,2022-01-03 00:00:00+00:00,2022-01-13 00:00:00+00:00,10,-2.17,15.772,15.412,converged
COTIUSDT/DOGEUSDT,2022-01-03 00:00:00+00:00,2022-01-13 00:00:00+00:00,10,2.08,17.275,16.915,converged
LINKUSDT/XRPUSDT,2022-01-03 00:00:00+00:00,2022-01-05 00:00:00+00:00,2,2.59,-16.276,-16.636,spread_blowout
BTCUSDT/LINKUSDT,2022-01-03 00:00:00+00:00,2022-01-05 00:00:00+00:00,2,-3.66,-10.201,-10.561,spread_blowout
DOGEUSDT/LINKUSDT,2022-01-03 00:00:00+00:00,2022-01-05 00:00:00+00:00,2,-3.29,-12.422,-12.782,spread_blowout
ADAUSDT/UNIUSDT,2022-01-03 00:00:00+00:00,2022-01-14 00:00:00+00:00,11,-2.61,13.436,13.076,converged
ADAUSDT/COTIUSDT,2022-01-04 00:00:00+00:00,2022-01-16 00:00:00+00:00,12,-2.02,20.943,20.583,converged
BTCUSDT/UNIUSDT,2022-01-04 00:00:00+00:00,2022-02-03 00:00:00+00:00,30,-2.4,8.449,8.089,time_stop
LINKUSDT/UNIUSDT,2022-01-05 00:00:00+00:00,2022-01-09 00:00:00+00:00,4,2.27,-15.731,-16.091,spread_blowout
COTIUSDT/LINKUSDT,2022-01-05 00:00:00+00:00,2022-01-09 00:00:00+00:00,4,-2.03,-18.337,-18.697,spread_blowout
LINKUSDT/XRPUSDT,2022-01-06 00:00:00+00:00,2022-01-07 00:00:00+00:00,1,3.75,-4.786,-5.146,spread_blowout
ETHUSDT/SOLUSDT,2022-01-07 00:00:00+00:00,2022-01-21 00:00:00+00:00,14,-2.16,-11.771,-12.131,spread_blowout
BTCUSDT/DOGEUSDT,2022-01-07 00:00:00+00:00,2022-01-14 00:00:00+00:00,7,-2.23,-7.089,-7.449,spread_blowout
DOGEUSDT/XRPUSDT,2022-01-14 00:00:00+00:00,2022-02-07 00:00:00+00:00,24,2.42,19.323,18.963,converged
ADAUSDT/BTCUSDT,2022-01-14 00:00:00+00:00,2022-01-17 00:00:00+00:00,3,2.0,-24.433,-24.793,spread_blowout
BTCUSDT/DOGEUSDT,2022-01-15 00:00:00+00:00,2022-02-11 00:00:00+00:00,27,-3.56,14.951,14.591,converged
ADAUSDT/XRPUSDT,2022-01-16 00:00:00+00:00,2022-01-17 00:00:00+00:00,1,2.25,-15.424,-15.784,spread_blowout
ADAUSDT/UNIUSDT,2022-01-17 00:00:00+00:00,2022-01-23 00:00:00+00:00,6,3.83,-2.821,-3.181,spread_blowout
ADAUSDT/DOGEUSDT,2022-01-17 00:00:00+00:00,2022-01-25 00:00:00+00:00,8,3.58,24.447,24.087,converged
COTIUSDT/UNIUSDT,2022-01-18 00:00:00+00:00,2022-01-27 00:00:00+00:00,9,3.55,-5.325,-5.685,spread_blowout
ADAUSDT/XRPUSDT,2022-01-18 00:00:00+00:00,2022-02-07 00:00:00+00:00,20,2.95,32.354,31.994,converged
COTIUSDT/DOGEUSDT,2022-01-18 00:00:00+00:00,2022-01-22 00:00:00+00:00,4,2.6,22.401,22.041,converged
ADAUSDT/BTCUSDT,2022-01-19 00:00:00+00:00,2022-02-04 00:00:00+00:00,16,2.11,15.613,15.253,converged
SOLUSDT/XRPUSDT,2022-01-22 00:00:00+00:00,2022-01-26 00:00:00+00:00,4,-3.21,-6.351,-6.711,spread_blowout
BTCUSDT/SOLUSDT,2022-01-22 00:00:00+00:00,2022-01-27 00:00:00+00:00,5,2.56,-10.084,-10.444,spread_blowout
BTCUSDT/ETHUSDT,2022-01-22 00:00:00+00:00,2022-02-21 00:00:00+00:00,30,2.12,1.274,0.914,time_stop
DOGEUSDT/UNIUSDT,2022-01-23 00:00:00+00:00,2022-02-13 00:00:00+00:00,21,2.3,-13.837,-14.197,spread_blowout
ADAUSDT/UNIUSDT,2022-01-24 00:00:00+00:00,2022-02-23 00:00:00+00:00,30,2.76,2.246,1.886,time_stop
1000SHIBUSDT/DOGEUSDT,2022-01-26 00:00:00+00:00,2022-02-06 00:00:00+00:00,11,-2.17,20.15,19.79,converged
SOLUSDT/XRPUSDT,2022-01-27 00:00:00+00:00,2022-02-08 00:00:00+00:00,12,-2.56,-19.766,-20.126,spread_blowout
1000SHIBUSDT/COTIUSDT,2022-01-28 00:00:00+00:00,2022-02-06 00:00:00+00:00,9,-2.52,28.674,28.314,converged
AAVEUSDT/COTIUSDT,2022-01-28 00:00:00+00:00,2022-02-20 00:00:00+00:00,23,-2.69,24.176,23.816,converged
COTIUSDT/UNIUSDT,2022-01-28 00:00:00+00:00,2022-01-30 00:00:00+00:00,2,3.82,-3.523,-3.883,spread_blowout
BTCUSDT/SOLUSDT,2022-01-28 00:00:00+00:00,2022-02-13 00:00:00+00:00,16,2.46,-9.853,-10.213,spread_blowout
ADAUSDT/COTIUSDT,2022-01-30 00:00:00+00:00,2022-02-17 00:00:00+00:00,18,-2.58,20.073,19.713,converged
COTIUSDT/UNIUSDT,2022-01-31 00:00:00+00:00,2022-02-20 00:00:00+00:00,20,2.56,20.522,20.162,converged
BNBUSDT/BTCUSDT,2022-01-31 00:00:00+00:00,2022-03-02 00:00:00+00:00,30,-2.19,-2.374,-2.734,time_stop
BNBUSDT/ETHUSDT,2022-02-01 00:00:00+00:00,2022-03-03 00:00:00+00:00,30,-2.08,3.289,2.929,time_stop
BTCUSDT/XRPUSDT,2022-02-04 00:00:00+00:00,2022-02-07 00:00:00+00:00,3,2.06,14.744,14.384,converged
1000SHIBUSDT/BTCUSDT,2022-02-04 00:00:00+00:00,2022-02-06 00:00:00+00:00,2,-3.33,21.818,21.458,converged
BTCUSDT/UNIUSDT,2022-02-04 00:00:00+00:00,2022-03-01 00:00:00+00:00,25,2.07,-11.668,-12.028,spread_blowout
1000SHIBUSDT/UNIUSDT,2022-02-06 00:00:00+00:00,2022-02-09 00:00:00+00:00,3,3.01,-8.615,-8.975,spread_blowout
1000SHIBUSDT/SOLUSDT,2022-02-06 00:00:00+00:00,2022-02-09 00:00:00+00:00,3,2.42,-15.61,-15.97,spread_blowout
1000SHIBUSDT/XRPUSDT,2022-02-06 00:00:00+00:00,2022-02-07 00:00:00+00:00,1,2.29,13.518,13.158,converged
1000SHIBUSDT/BNBUSDT,2022-02-07 00:00:00+00:00,2022-03-09 00:00:00+00:00,30,2.82,16.06,15.7,time_stop
BNBUSDT/XRPUSDT,2022-02-07 00:00:00+00:00,2022-03-09 00:00:00+00:00,30,-2.39,-3.198,-3.558,time_stop
1000SHIBUSDT/ETHUSDT,2022-02-07 00:00:00+00:00,2022-03-09 00:00:00+00:00,30,2.01,12.4,12.04,time_stop
1000SHIBUSDT/BTCUSDT,2022-02-07 00:00:00+00:00,2022-02-28 00:00:00+00:00,21,2.04,20.816,20.456,converged
UNIUSDT/XRPUSDT,2022-02-07 00:00:00+00:00,2022-02-08 00:00:00+00:00,1,-3.71,-9.937,-10.297,spread_blowout
BNBUSDT/ZECUSDT,2022-02-08 00:00:00+00:00,2022-03-10 00:00:00+00:00,30,-2.31,-18.818,-19.178,spread_blowout
ETHUSDT/SOLUSDT,2022-02-08 00:00:00+00:00,2022-02-15 00:00:00+00:00,7,2.28,-7.098,-7.458,spread_blowout
BTCUSDT/XRPUSDT,2022-02-08 00:00:00+00:00,2022-02-19 00:00:00+00:00,11,-3.14,-4.093,-4.453,spread_blowout
DOGEUSDT/XRPUSDT,2022-02-08 00:00:00+00:00,2022-02-19 00:00:00+00:00,11,-3.06,-5.872,-6.232,spread_blowout
ADAUSDT/XRPUSDT,2022-02-08 00:00:00+00:00,2022-02-19 00:00:00+00:00,11,-3.05,-10.411,-10.771,spread_blowout
SOLUSDT/ZECUSDT,2022-02-08 00:00:00+00:00,2022-03-08 00:00:00+00:00,28,-2.01,-35.833,-36.193,spread_blowout
1000SHIBUSDT/XRPUSDT,2022-02-08 00:00:00+00:00,2022-03-10 00:00:00+00:00,30,-2.24,-7.679,-8.039,time_stop
ETHUSDT/XRPUSDT,2022-02-08 00:00:00+00:00,2022-03-10 00:00:00+00:00,30,-2.56,-1.579,-1.939,time_stop
SOLUSDT/XRPUSDT,2022-02-09 00:00:00+00:00,2022-02-12 00:00:00+00:00,3,-3.93,-9.328,-9.688,spread_blowout
1000SHIBUSDT/SOLUSDT,2022-02-10 00:00:00+00:00,2022-02-13 00:00:00+00:00,3,3.47,-9.277,-9.637,spread_blowout
1000SHIBUSDT/UNIUSDT,2022-02-10 00:00:00+00:00,2022-02-13 00:00:00+00:00,3,3.17,-7.73,-8.09,spread_blowout
1000SHIBUSDT/ADAUSDT,2022-02-12 00:00:00+00:00,2022-03-14 00:00:00+00:00,30,2.01,-8.058,-8.418,time_stop
BTCUSDT/SOLUSDT,2022-02-14 00:00:00+00:00,2022-03-16 00:00:00+00:00,30,2.28,-0.957,-1.317,time_stop
1000SHIBUSDT/SOLUSDT,2022-02-14 00:00:00+00:00,2022-03-16 00:00:00+00:00,30,2.76,19.283,18.923,time_stop
ADAUSDT/BTCUSDT,2022-02-14 00:00:00+00:00,2022-03-02 00:00:00+00:00,16,-2.0,-14.461,-14.821,spread_blowout
BNBUSDT/SOLUSDT,2022-02-16 00:00:00+00:00,2022-02-24 00:00:00+00:00,8,2.03,9.491,9.131,converged
ETHUSDT/SOLUSDT,2022-02-16 00:00:00+00:00,2022-03-18 00:00:00+00:00,30,2.61,-1.855,-2.215,time_stop
ADAUSDT/DOGEUSDT,2022-02-20 00:00:00+00:00,2022-03-21 00:00:00+00:00,29,-2.13,12.719,12.359,converged
BTCUSDT/XRPUSDT,2022-02-20 00:00:00+00:00,2022-03-02 00:00:00+00:00,10,-2.83,14.254,13.894,converged
ADAUSDT/SOLUSDT,2022-02-21 00:00:00+00:00,2022-03-23 00:00:00+00:00,30,-2.14,19.502,19.142,converged
COTIUSDT/UNIUSDT,2022-02-23 00:00:00+00:00,2022-03-25 00:00:00+00:00,30,-2.09,-0.719,-1.079,time_stop
DOGEUSDT/ZECUSDT,2022-02-24 00:00:00+00:00,2022-03-04 00:00:00+00:00,8,-2.62,-7.277,-7.637,spread_blowout
BTCUSDT/DOGEUSDT,2022-02-24 00:00:00+00:00,2022-03-09 00:00:00+00:00,13,2.06,-10.866,-11.226,spread_blowout
ADAUSDT/UNIUSDT,2022-02-27 00:00:00+00:00,2022-03-23 00:00:00+00:00,24,-2.73,24.23,23.87,converged
BTCUSDT/ETHUSDT,2022-02-28 00:00:00+00:00,2022-03-30 00:00:00+00:00,30,2.34,0.385,0.025,time_stop
BTCUSDT/ZECUSDT,2022-03-01 00:00:00+00:00,2022-03-03 00:00:00+00:00,2,2.25,8.396,8.036,converged
1000SHIBUSDT/BTCUSDT,2022-03-02 00:00:00+00:00,2022-03-27 00:00:00+00:00,25,-2.26,-12.029,-12.389,spread_blowout
1000SHIBUSDT/ZECUSDT,2022-03-03 00:00:00+00:00,2022-03-08 00:00:00+00:00,5,-2.02,-14.759,-15.119,spread_blowout
ETHUSDT/ZECUSDT,2022-03-03 00:00:00+00:00,2022-03-08 00:00:00+00:00,5,-2.76,-15.303,-15.663,spread_blowout
DOGEUSDT/SOLUSDT,2022-03-07 00:00:00+00:00,2022-03-27 00:00:00+00:00,20,-2.07,10.862,10.502,converged
BNBUSDT/DOGEUSDT,2022-03-07 00:00:00+00:00,2022-04-05 00:00:00+00:00,29,2.47,29.312,28.952,converged
1000SHIBUSDT/ZECUSDT,2022-03-09 00:00:00+00:00,2022-03-10 00:00:00+00:00,1,-3.43,-14.42,-14.78,spread_blowout
1000SHIBUSDT/XRPUSDT,2022-03-12 00:00:00+00:00,2022-03-21 00:00:00+00:00,9,-3.47,-5.01,-5.37,spread_blowout
AAVEUSDT/DOGEUSDT,2022-03-16 00:00:00+00:00,2022-04-01 00:00:00+00:00,16,2.14,-22.384,-22.744,spread_blowout
1000SHIBUSDT/AVAXUSDT,2022-03-17 00:00:00+00:00,2022-04-12 00:00:00+00:00,26,-2.14,23.04,22.68,converged
AAVEUSDT/UNIUSDT,2022-03-17 00:00:00+00:00,2022-03-29 00:00:00+00:00,12,3.04,-16.96,-17.32,spread_blowout
AAVEUSDT/ADAUSDT,2022-03-17 00:00:00+00:00,2022-03-23 00:00:00+00:00,6,3.18,36.931,36.571,converged
AAVEUSDT/COTIUSDT,2022-03-17 00:00:00+00:00,2022-04-01 00:00:00+00:00,15,2.98,-9.228,-9.588,spread_blowout
1000SHIBUSDT/ETHUSDT,2022-03-18 00:00:00+00:00,2022-04-17 00:00:00+00:00,30,-2.14,8.028,7.668,time_stop
AVAXUSDT/BNBUSDT,2022-03-19 00:00:00+00:00,2022-04-10 00:00:00+00:00,22,2.04,15.428,15.068,converged
ADAUSDT/DOGEUSDT,2022-03-22 00:00:00+00:00,2022-04-05 00:00:00+00:00,14,2.38,25.819,25.459,converged
ADAUSDT/COTIUSDT,2022-03-22 00:00:00+00:00,2022-03-24 00:00:00+00:00,2,2.02,-9.518,-9.878,spread_blowout
ADAUSDT/COTIUSDT,2022-03-25 00:00:00+00:00,2022-04-06 00:00:00+00:00,12,3.14,17.486,17.126,converged
AVAXUSDT/BTCUSDT,2022-03-25 00:00:00+00:00,2022-04-24 00:00:00+00:00,30,-2.08,5.271,4.911,time_stop
ADAUSDT/UNIUSDT,2022-03-26 00:00:00+00:00,2022-04-25 00:00:00+00:00,30,2.2,11.835,11.475,time_stop
AAVEUSDT/BNBUSDT,2022-03-29 00:00:00+00:00,2022-04-12 00:00:00+00:00,14,2.27,20.313,19.953,converged
AAVEUSDT/LINKUSDT,2022-03-29 00:00:00+00:00,2022-04-28 00:00:00+00:00,30,3.14,1.321,0.961,time_stop
SOLUSDT/UNIUSDT,2022-03-30 00:00:00+00:00,2022-04-01 00:00:00+00:00,2,2.14,-11.894,-12.254,spread_blowout
AAVEUSDT/SOLUSDT,2022-03-30 00:00:00+00:00,2022-04-29 00:00:00+00:00,30,2.64,10.297,9.937,time_stop
AAVEUSDT/UNIUSDT,2022-03-31 00:00:00+00:00,2022-04-01 00:00:00+00:00,1,3.31,-14.282,-14.642,spread_blowout
AAVEUSDT/ADAUSDT,2022-04-01 00:00:00+00:00,2022-05-01 00:00:00+00:00,30,3.0,3.861,3.501,time_stop
LINKUSDT/SOLUSDT,2022-04-01 00:00:00+00:00,2022-05-01 00:00:00+00:00,30,-2.78,-3.868,-4.228,time_stop
SOLUSDT/UNIUSDT,2022-04-02 00:00:00+00:00,2022-04-03 00:00:00+00:00,1,3.76,-1.511,-1.871,spread_blowout
AAVEUSDT/UNIUSDT,2022-04-03 00:00:00+00:00,2022-05-03 00:00:00+00:00,30,3.71,3.536,3.176,time_stop
SOLUSDT/UNIUSDT,2022-04-04 00:00:00+00:00,2022-05-01 00:00:00+00:00,27,3.32,-4.706,-5.066,spread_blowout
COTIUSDT/DOGEUSDT,2022-04-05 00:00:00+00:00,2022-04-07 00:00:00+00:00,2,-2.28,24.864,24.504,converged
AVAXUSDT/ETHUSDT,2022-04-11 00:00:00+00:00,2022-04-29 00:00:00+00:00,18,-2.15,-10.044,-10.404,spread_blowout
BTCUSDT/ETHUSDT,2022-04-11 00:00:00+00:00,2022-05-09 00:00:00+00:00,28,-2.12,-8.384,-8.744,spread_blowout
ADAUSDT/DOGEUSDT,2022-04-14 00:00:00+00:00,2022-04-25 00:00:00+00:00,11,-2.26,-15.491,-15.851,spread_blowout
ADAUSDT/UNIUSDT,2022-04-30 00:00:00+00:00,2022-05-23 00:00:00+00:00,23,3.27,19.107,18.747,converged
ADAUSDT/LINKUSDT,2022-05-04 00:00:00+00:00,2022-05-31 00:00:00+00:00,27,2.48,-13.482,-13.842,spread_blowout
LINKUSDT/UNIUSDT,2022-05-05 00:00:00+00:00,2022-05-08 00:00:00+00:00,3,-2.1,-5.609,-5.969,spread_blowout
AVAXUSDT/UNIUSDT,2022-05-06 00:00:00+00:00,2022-05-09 00:00:00+00:00,3,-2.74,-12.337,-12.697,spread_blowout
BNBUSDT/SOLUSDT,2022-05-10 00:00:00+00:00,2022-05-19 00:00:00+00:00,9,-2.39,7.122,6.762,converged
AVAXUSDT/UNIUSDT,2022-05-10 00:00:00+00:00,2022-05-11 00:00:00+00:00,1,-2.37,-14.412,-14.772,spread_blowout
BNBUSDT/ETHUSDT,2022-05-10 00:00:00+00:00,2022-05-11 00:00:00+00:00,1,-3.54,-8.162,-8.522,spread_blowout
LINKUSDT/UNIUSDT,2022-05-10 00:00:00+00:00,2022-05-20 00:00:00+00:00,10,-2.47,-5.065,-5.425,spread_blowout
AAVEUSDT/SOLUSDT,2022-05-11 00:00:00+00:00,2022-05-12 00:00:00+00:00,1,2.59,-9.934,-10.294,spread_blowout
ETHUSDT/SOLUSDT,2022-05-11 00:00:00+00:00,2022-05-18 00:00:00+00:00,7,2.37,7.341,6.981,converged
AVAXUSDT/XRPUSDT,2022-05-11 00:00:00+00:00,2022-05-25 00:00:00+00:00,14,-2.59,-10.063,-10.423,spread_blowout
BNBUSDT/ETHUSDT,2022-05-12 00:00:00+00:00,2022-05-19 00:00:00+00:00,7,-3.4,10.984,10.624,converged
AVAXUSDT/LINKUSDT,2022-05-12 00:00:00+00:00,2022-05-16 00:00:00+00:00,4,-2.13,-6.61,-6.97,spread_blowout
AVAXUSDT/BTCUSDT,2022-05-12 00:00:00+00:00,2022-05-19 00:00:00+00:00,7,-3.6,-8.389,-8.749,spread_blowout
AVAXUSDT/UNIUSDT,2022-05-12 00:00:00+00:00,2022-05-18 00:00:00+00:00,6,-2.97,-7.722,-8.082,spread_blowout
BNBUSDT/BTCUSDT,2022-05-12 00:00:00+00:00,2022-05-20 00:00:00+00:00,8,-3.39,11.245,10.885,converged
AAVEUSDT/SOLUSDT,2022-05-13 00:00:00+00:00,2022-05-23 00:00:00+00:00,10,2.07,-17.883,-18.243,spread_blowout
1000SHIBUSDT/BNBUSDT,2022-05-16 00:00:00+00:00,2022-05-24 00:00:00+00:00,8,-2.2,-19.224,-19.584,spread_blowout
1000SHIBUSDT/LINKUSDT,2022-05-16 00:00:00+00:00,2022-06-05 00:00:00+00:00,20,-2.11,-12.905,-13.265,spread_blowout
AVAXUSDT/LINKUSDT,2022-05-17 00:00:00+00:00,2022-05-24 00:00:00+00:00,7,-2.22,-9.057,-9.417,spread_blowout
1000SHIBUSDT/UNIUSDT,2022-05-17 00:00:00+00:00,2022-06-15 00:00:00+00:00,29,-2.11,-15.503,-15.863,spread_blowout
AAVEUSDT/ETHUSDT,2022-05-18 00:00:00+00:00,2022-05-23 00:00:00+00:00,5,2.04,-13.793,-14.153,spread_blowout
AVAXUSDT/BNBUSDT,2022-05-19 00:00:00+00:00,2022-05-24 00:00:00+00:00,5,-2.65,-20.641,-21.001,spread_blowout
1000SHIBUSDT/BTCUSDT,2022-05-19 00:00:00+00:00,2022-06-15 00:00:00+00:00,27,-2.11,20.529,20.169,converged
AVAXUSDT/UNIUSDT,2022-05-19 00:00:00+00:00,2022-05-23 00:00:00+00:00,4,-2.89,-14.929,-15.289,spread_blowout
AVAXUSDT/BTCUSDT,2022-05-20 00:00:00+00:00,2022-05-26 00:00:00+00:00,6,-2.01,-20.667,-21.027,spread_blowout
BNBUSDT/SOLUSDT,2022-05-21 00:00:00+00:00,2022-05-24 00:00:00+00:00,3,2.62,-5.59,-5.95,spread_blowout
BNBUSDT/COTIUSDT,2022-05-21 00:00:00+00:00,2022-06-01 00:00:00+00:00,11,2.35,8.386,8.026,converged
BNBUSDT/ETHUSDT,2022-05-21 00:00:00+00:00,2022-05-24 00:00:00+00:00,3,2.43,-4.817,-5.177,spread_blowout
SOLUSDT/UNIUSDT,2022-05-23 00:00:00+00:00,2022-06-22 00:00:00+00:00,30,-2.02,-24.278,-24.638,spread_blowout
UNIUSDT/XRPUSDT,2022-05-23 00:00:00+00:00,2022-06-12 00:00:00+00:00,20,2.41,15.25,14.89,converged
BTCUSDT/UNIUSDT,2022-05-23 00:00:00+00:00,2022-05-26 00:00:00+00:00,3,-2.24,7.308,6.948,converged
ADAUSDT/BNBUSDT,2022-05-23 00:00:00+00:00,2022-05-31 00:00:00+00:00,8,-2.35,17.713,17.353,converged
LINKUSDT/UNIUSDT,2022-05-23 00:00:00+00:00,2022-06-04 00:00:00+00:00,12,-3.62,15.556,15.196,converged
BNBUSDT/BTCUSDT,2022-05-23 00:00:00+00:00,2022-06-01 00:00:00+00:00,9,2.02,7.505,7.145,converged
AAVEUSDT/DOGEUSDT,2022-05-23 00:00:00+00:00,2022-06-22 00:00:00+00:00,30,2.1,1.749,1.389,time_stop
BNBUSDT/DOGEUSDT,2022-05-23 00:00:00+00:00,2022-06-15 00:00:00+00:00,23,2.09,11.102,10.742,converged
AVAXUSDT/UNIUSDT,2022-05-24 00:00:00+00:00,2022-05-25 00:00:00+00:00,1,-3.48,-7.008,-7.368,spread_blowout
AAVEUSDT/ADAUSDT,2022-05-24 00:00:00+00:00,2022-06-07 00:00:00+00:00,14,2.06,24.652,24.292,converged
AAVEUSDT/SOLUSDT,2022-05-24 00:00:00+00:00,2022-05-26 00:00:00+00:00,2,3.48,-8.351,-8.711,spread_blowout
AAVEUSDT/ETHUSDT,2022-05-24 00:00:00+00:00,2022-05-26 00:00:00+00:00,2,3.77,-11.662,-12.022,spread_blowout
BNBUSDT/LINKUSDT,2022-05-24 00:00:00+00:00,2022-06-04 00:00:00+00:00,11,2.05,9.588,9.228,converged
AVAXUSDT/COTIUSDT,2022-05-24 00:00:00+00:00,2022-05-31 00:00:00+00:00,7,-2.01,-22.682,-23.042,spread_blowout
AVAXUSDT/BNBUSDT,2022-05-25 00:00:00+00:00,2022-06-13 00:00:00+00:00,19,-3.45,50.511,50.151,converged
AVAXUSDT/LINKUSDT,2022-05-25 00:00:00+00:00,2022-05-26 00:00:00+00:00,1,-2.94,-7.766,-8.126,spread_blowout
BNBUSDT/ETHUSDT,2022-05-25 00:00:00+00:00,2022-06-17 00:00:00+00:00,23,3.31,-2.434,-2.794,spread_blowout
COTIUSDT/SOLUSDT,2022-05-25 00:00:00+00:00,2022-05-31 00:00:00+00:00,6,2.4,-16.028,-16.388,spread_blowout
BNBUSDT/SOLUSDT,2022-05-25 00:00:00+00:00,2022-06-02 00:00:00+00:00,8,3.55,-1.797,-2.157,spread_blowout
1000SHIBUSDT/BNBUSDT,2022-05-25 00:00:00+00:00,2022-06-13 00:00:00+00:00,19,-3.02,41.141,40.781,converged
AVAXUSDT/XRPUSDT,2022-05-26 00:00:00+00:00,2022-06-12 00:00:00+00:00,17,-3.19,-10.125,-10.485,spread_blowout
COTIUSDT/ETHUSDT,2022-05-26 00:00:00+00:00,2022-06-03 00:00:00+00:00,8,2.63,-9.89,-10.25,spread_blowout
1000SHIBUSDT/COTIUSDT,2022-05-26 00:00:00+00:00,2022-06-08 00:00:00+00:00,13,-2.04,-18.073,-18.433,spread_blowout
AVAXUSDT/UNIUSDT,2022-05-26 00:00:00+00:00,2022-05-31 00:00:00+00:00,5,-3.17,-8.221,-8.581,spread_blowout
AVAXUSDT/LINKUSDT,2022-05-27 00:00:00+00:00,2022-05-31 00:00:00+00:00,4,-3.28,-8.988,-9.348,spread_blowout
AVAXUSDT/BTCUSDT,2022-05-27 00:00:00+00:00,2022-05-31 00:00:00+00:00,4,-3.03,-11.659,-12.019,spread_blowout
AAVEUSDT/SOLUSDT,2022-05-27 00:00:00+00:00,2022-05-30 00:00:00+00:00,3,2.83,-10.938,-11.298,spread_blowout
AAVEUSDT/ETHUSDT,2022-05-27 00:00:00+00:00,2022-06-01 00:00:00+00:00,5,3.34,-5.958,-6.318,spread_blowout
ADAUSDT/SOLUSDT,2022-05-30 00:00:00+00:00,2022-05-31 00:00:00+00:00,1,2.36,-12.208,-12.568,spread_blowout
BTCUSDT/LINKUSDT,2022-05-30 00:00:00+00:00,2022-06-04 00:00:00+00:00,5,2.2,5.8,5.44,converged
ADAUSDT/AVAXUSDT,2022-05-30 00:00:00+00:00,2022-06-07 00:00:00+00:00,8,2.23,-15.028,-15.388,spread_blowout
BTCUSDT/SOLUSDT,2022-05-30 00:00:00+00:00,2022-06-13 00:00:00+00:00,14,2.09,10.548,10.188,converged
AAVEUSDT/COTIUSDT,2022-05-30 00:00:00+00:00,2022-06-08 00:00:00+00:00,9,2.11,28.677,28.317,converged
ADAUSDT/ETHUSDT,2022-05-31 00:00:00+00:00,2022-06-02 00:00:00+00:00,2,3.89,-1.727,-2.087,spread_blowout
AAVEUSDT/SOLUSDT,2022-05-31 00:00:00+00:00,2022-06-16 00:00:00+00:00,16,2.96,32.353,31.993,converged
1000SHIBUSDT/ADAUSDT,2022-05-31 00:00:00+00:00,2022-06-08 00:00:00+00:00,8,-2.85,-12.704,-13.064,spread_blowout
AAVEUSDT/BNBUSDT,2022-06-01 00:00:00+00:00,2022-06-21 00:00:00+00:00,20,2.08,-17.992,-18.352,spread_blowout
AVAXUSDT/LINKUSDT,2022-06-01 00:00:00+00:00,2022-06-04 00:00:00+00:00,3,-3.28,-5.498,-5.858,spread_blowout
AVAXUSDT/BTCUSDT,2022-06-01 00:00:00+00:00,2022-06-13 00:00:00+00:00,12,-2.58,39.76,39.4,converged
AVAXUSDT/UNIUSDT,2022-06-01 00:00:00+00:00,2022-06-21 00:00:00+00:00,20,-2.41,-22.628,-22.988,spread_blowout
AVAXUSDT/COTIUSDT,2022-06-01 00:00:00+00:00,2022-07-01 00:00:00+00:00,30,-2.77,-2.648,-3.008,time_stop
ADAUSDT/SOLUSDT,2022-06-02 00:00:00+00:00,2022-06-07 00:00:00+00:00,5,3.67,-7.746,-8.106,spread_blowout
AAVEUSDT/ETHUSDT,2022-06-02 00:00:00+00:00,2022-06-21 00:00:00+00:00,19,2.82,-17.642,-18.002,spread_blowout
COTIUSDT/SOLUSDT,2022-06-02 00:00:00+00:00,2022-06-03 00:00:00+00:00,1,3.55,-4.533,-4.893,spread_blowout
ADAUSDT/ETHUSDT,2022-06-03 00:00:00+00:00,2022-06-07 00:00:00+00:00,4,3.13,-6.28,-6.64,spread_blowout
COTIUSDT/ETHUSDT,2022-06-04 00:00:00+00:00,2022-06-11 00:00:00+00:00,7,2.23,-14.476,-14.836,spread_blowout
COTIUSDT/SOLUSDT,2022-06-04 00:00:00+00:00,2022-06-08 00:00:00+00:00,4,3.17,-11.49,-11.85,spread_blowout
LINKUSDT/XRPUSDT,2022-06-04 00:00:00+00:00,2022-06-07 00:00:00+00:00,3,2.1,-11.779,-12.139,spread_blowout
ETHUSDT/LINKUSDT,2022-06-04 00:00:00+00:00,2022-06-09 00:00:00+00:00,5,-2.01,-14.426,-14.786,spread_blowout
AVAXUSDT/LINKUSDT,2022-06-05 00:00:00+00:00,2022-06-07 00:00:00+00:00,2,-3.74,-16.644,-17.004,spread_blowout
1000SHIBUSDT/LINKUSDT,2022-06-06 00:00:00+00:00,2022-06-07 00:00:00+00:00,1,-2.57,-11.709,-12.069,spread_blowout
BNBUSDT/LINKUSDT,2022-06-06 00:00:00+00:00,2022-06-09 00:00:00+00:00,3,-2.01,-7.984,-8.344,spread_blowout
ADAUSDT/BNBUSDT,2022-06-06 00:00:00+00:00,2022-06-13 00:00:00+00:00,7,2.41,-27.589,-27.949,spread_blowout
BNBUSDT/BTCUSDT,2022-06-06 00:00:00+00:00,2022-06-23 00:00:00+00:00,17,-2.22,8.958,8.598,converged
DOGEUSDT/LINKUSDT,2022-06-07 00:00:00+00:00,2022-06-13 00:00:00+00:00,6,-2.34,-15.419,-15.779,spread_blowout
BTCUSDT/ETHUSDT,2022-06-07 00:00:00+00:00,2022-06-24 00:00:00+00:00,17,2.14,9.294,8.934,converged
BTCUSDT/LINKUSDT,2022-06-07 00:00:00+00:00,2022-06-09 00:00:00+00:00,2,-2.2,-6.364,-6.724,spread_blowout
BNBUSDT/COTIUSDT,2022-06-07 00:00:00+00:00,2022-06-13 00:00:00+00:00,6,-2.58,-13.297,-13.657,spread_blowout
ADAUSDT/UNIUSDT,2022-06-07 00:00:00+00:00,2022-06-21 00:00:00+00:00,14,2.35,15.843,15.483,converged
LINKUSDT/XRPUSDT,2022-06-08 00:00:00+00:00,2022-06-09 00:00:00+00:00,1,3.86,-6.377,-6.737,spread_blowout
ADAUSDT/DOGEUSDT,2022-06-08 00:00:00+00:00,2022-07-08 00:00:00+00:00,30,2.37,15.376,15.016,time_stop
ADAUSDT/XRPUSDT,2022-06-08 00:00:00+00:00,2022-07-08 00:00:00+00:00,30,2.19,16.499,16.139,time_stop
COTIUSDT/UNIUSDT,2022-06-08 00:00:00+00:00,2022-06-19 00:00:00+00:00,11,2.05,20.679,20.319,converged
COTIUSDT/DOGEUSDT,2022-06-08 00:00:00+00:00,2022-06-13 00:00:00+00:00,5,2.66,-17.149,-17.509,spread_blowout
ADAUSDT/AVAXUSDT,2022-06-08 00:00:00+00:00,2022-07-08 00:00:00+00:00,30,2.91,19.522,19.162,time_stop
ADAUSDT/BTCUSDT,2022-06-08 00:00:00+00:00,2022-06-13 00:00:00+00:00,5,3.05,-19.988,-20.348,spread_blowout
1000SHIBUSDT/COTIUSDT,2022-06-09 00:00:00+00:00,2022-06-21 00:00:00+00:00,12,-2.56,36.008,35.648,converged
LINKUSDT/ZECUSDT,2022-06-09 00:00:00+00:00,2022-06-16 00:00:00+00:00,7,2.67,-15.176,-15.536,spread_blowout
BNBUSDT/LINKUSDT,2022-06-10 00:00:00+00:00,2022-06-13 00:00:00+00:00,3,-2.21,-11.889,-12.249,spread_blowout
BTCUSDT/LINKUSDT,2022-06-10 00:00:00+00:00,2022-06-13 00:00:00+00:00,3,-2.76,-10.888,-11.248,spread_blowout
LINKUSDT/UNIUSDT,2022-06-10 00:00:00+00:00,2022-06-14 00:00:00+00:00,4,2.99,-6.854,-7.214,spread_blowout
COTIUSDT/SOLUSDT,2022-06-10 00:00:00+00:00,2022-06-18 00:00:00+00:00,8,2.05,23.268,22.908,converged
1000SHIBUSDT/ADAUSDT,2022-06-10 00:00:00+00:00,2022-06-21 00:00:00+00:00,11,-2.11,25.35,24.99,converged
AAVEUSDT/ADAUSDT,2022-06-11 00:00:00+00:00,2022-06-18 00:00:00+00:00,7,-2.32,-24.509,-24.869,spread_blowout
ETHUSDT/XRPUSDT,2022-06-11 00:00:00+00:00,2022-06-13 00:00:00+00:00,2,-2.18,-13.088,-13.448,spread_blowout
1000SHIBUSDT/ETHUSDT,2022-06-11 00:00:00+00:00,2022-06-13 00:00:00+00:00,2,2.02,-21.959,-22.319,spread_blowout
ETHUSDT/ZECUSDT,2022-06-12 00:00:00+00:00,2022-07-12 00:00:00+00:00,30,-2.12,1.074,0.714,time_stop
COTIUSDT/ETHUSDT,2022-06-12 00:00:00+00:00,2022-06-13 00:00:00+00:00,1,2.65,-17.805,-18.165,spread_blowout
BNBUSDT/UNIUSDT,2022-06-13 00:00:00+00:00,2022-06-14 00:00:00+00:00,1,-3.42,-2.563,-2.923,spread_blowout
DOGEUSDT/UNIUSDT,2022-06-13 00:00:00+00:00,2022-07-09 00:00:00+00:00,26,-2.19,-17.619,-17.979,spread_blowout
AVAXUSDT/DOGEUSDT,2022-06-13 00:00:00+00:00,2022-06-21 00:00:00+00:00,8,2.24,35.209,34.849,converged
BTCUSDT/XRPUSDT,2022-06-13 00:00:00+00:00,2022-06-14 00:00:00+00:00,1,-3.85,-3.253,-3.613,spread_blowout
BNBUSDT/SOLUSDT,2022-06-13 00:00:00+00:00,2022-06-16 00:00:00+00:00,3,-3.07,-7.843,-8.203,spread_blowout
DOGEUSDT/SOLUSDT,2022-06-13 00:00:00+00:00,2022-06-18 00:00:00+00:00,5,-3.02,-9.145,-9.505,spread_blowout
1000SHIBUSDT/DOGEUSDT,2022-06-13 00:00:00+00:00,2022-06-25 00:00:00+00:00,12,3.62,-3.701,-4.061,spread_blowout
AAVEUSDT/COTIUSDT,2022-06-13 00:00:00+00:00,2022-06-18 00:00:00+00:00,5,-2.99,-9.447,-9.807,spread_blowout
ETHUSDT/UNIUSDT,2022-06-13 00:00:00+00:00,2022-06-14 00:00:00+00:00,1,-3.34,-4.02,-4.38,spread_blowout
BNBUSDT/ZECUSDT,2022-06-13 00:00:00+00:00,2022-07-06 00:00:00+00:00,23,-2.16,13.128,12.768,converged
AAVEUSDT/LINKUSDT,2022-06-13 00:00:00+00:00,2022-06-18 00:00:00+00:00,5,-2.53,-18.774,-19.134,spread_blowout
BNBUSDT/XRPUSDT,2022-06-13 00:00:00+00:00,2022-06-16 00:00:00+00:00,3,-3.6,-6.098,-6.458,spread_blowout
BTCUSDT/UNIUSDT,2022-06-13 00:00:00+00:00,2022-06-14 00:00:00+00:00,1,-3.35,-4.42,-4.78,spread_blowout
DOGEUSDT/XRPUSDT,2022-06-13 00:00:00+00:00,2022-07-13 00:00:00+00:00,30,-2.71,10.451,10.091,time_stop
LINKUSDT/XRPUSDT,2022-06-14 00:00:00+00:00,2022-07-14 00:00:00+00:00,30,2.74,11.201,10.841,time_stop
ADAUSDT/ZECUSDT,2022-06-14 00:00:00+00:00,2022-07-14 00:00:00+00:00,30,2.26,-1.401,-1.761,time_stop
AVAXUSDT/BNBUSDT,2022-06-14 00:00:00+00:00,2022-06-18 00:00:00+00:00,4,2.52,-28.34,-28.7,spread_blowout
1000SHIBUSDT/BNBUSDT,2022-06-14 00:00:00+00:00,2022-06-16 00:00:00+00:00,2,3.31,-10.548,-10.908,spread_blowout
DOGEUSDT/LINKUSDT,2022-06-14 00:00:00+00:00,2022-07-14 00:00:00+00:00,30,-3.55,16.564,16.204,time_stop
BTCUSDT/SOLUSDT,2022-06-14 00:00:00+00:00,2022-06-17 00:00:00+00:00,3,-2.29,-9.364,-9.724,spread_blowout
1000SHIBUSDT/LINKUSDT,2022-06-14 00:00:00+00:00,2022-06-25 00:00:00+00:00,11,-2.52,28.55,28.19,converged
COTIUSDT/DOGEUSDT,2022-06-14 00:00:00+00:00,2022-06-26 00:00:00+00:00,12,2.85,31.498,31.138,converged
AVAXUSDT/BTCUSDT,2022-06-14 00:00:00+00:00,2022-06-18 00:00:00+00:00,4,2.52,-35.066,-35.426,spread_blowout
LINKUSDT/UNIUSDT,2022-06-15 00:00:00+00:00,2022-06-21 00:00:00+00:00,6,2.12,14.859,14.499,converged
AAVEUSDT/UNIUSDT,2022-06-15 00:00:00+00:00,2022-06-22 00:00:00+00:00,7,-2.09,-19.478,-19.838,spread_blowout
BNBUSDT/UNIUSDT,2022-06-15 00:00:00+00:00,2022-06-16 00:00:00+00:00,1,-3.83,-3.102,-3.462,spread_blowout
ADAUSDT/COTIUSDT,2022-06-15 00:00:00+00:00,2022-07-10 00:00:00+00:00,25,2.02,13.151,12.791,converged
DOGEUSDT/ETHUSDT,2022-06-15 00:00:00+00:00,2022-06-21 00:00:00+00:00,6,2.79,-14.157,-14.517,spread_blowout
COTIUSDT/LINKUSDT,2022-06-15 00:00:00+00:00,2022-07-15 00:00:00+00:00,30,-2.29,17.238,16.878,time_stop
BTCUSDT/COTIUSDT,2022-06-15 00:00:00+00:00,2022-06-16 00:00:00+00:00,1,-3.69,-3.966,-4.326,spread_blowout
BTCUSDT/ZECUSDT,2022-06-16 00:00:00+00:00,2022-07-16 00:00:00+00:00,30,-2.04,-0.381,-0.741,time_stop
BNBUSDT/COTIUSDT,2022-06-16 00:00:00+00:00,2022-06-18 00:00:00+00:00,2,-3.89,-4.568,-4.928,spread_blowout
1000SHIBUSDT/BTCUSDT,2022-06-16 00:00:00+00:00,2022-06-18 00:00:00+00:00,2,3.21,-11.228,-11.588,spread_blowout
UNIUSDT/ZECUSDT,2022-06-16 00:00:00+00:00,2022-06-22 00:00:00+00:00,6,2.05,-18.854,-19.214,spread_blowout
XRPUSDT/ZECUSDT,2022-06-16 00:00:00+00:00,2022-07-16 00:00:00+00:00,30,2.21,-4.2,-4.56,time_stop
BNBUSDT/XRPUSDT,2022-06-17 00:00:00+00:00,2022-06-18 00:00:00+00:00,1,-3.19,-6.722,-7.082,spread_blowout
LINKUSDT/ZECUSDT,2022-06-17 00:00:00+00:00,2022-07-17 00:00:00+00:00,30,2.01,-5.326,-5.686,time_stop
1000SHIBUSDT/BNBUSDT,2022-06-17 00:00:00+00:00,2022-06-18 00:00:00+00:00,1,2.85,-13.149,-13.509,spread_blowout
BNBUSDT/SOLUSDT,2022-06-17 00:00:00+00:00,2022-06-18 00:00:00+00:00,1,-3.05,-10.812,-11.172,spread_blowout
BTCUSDT/COTIUSDT,2022-06-17 00:00:00+00:00,2022-06-18 00:00:00+00:00,1,-3.78,-4.107,-4.467,spread_blowout
BNBUSDT/UNIUSDT,2022-06-18 00:00:00+00:00,2022-06-21 00:00:00+00:00,3,-3.91,-4.081,-4.441,spread_blowout
AAVEUSDT/XRPUSDT,2022-06-18 00:00:00+00:00,2022-07-09 00:00:00+00:00,21,-2.6,37.874,37.514,converged
AVAXUSDT/SOLUSDT,2022-06-18 00:00:00+00:00,2022-07-18 00:00:00+00:00,30,-2.09,8.853,8.493,time_stop
AAVEUSDT/SOLUSDT,2022-06-18 00:00:00+00:00,2022-07-09 00:00:00+00:00,21,-3.02,36.715,36.355,converged
AAVEUSDT/AVAXUSDT,2022-06-18 00:00:00+00:00,2022-07-09 00:00:00+00:00,21,-2.04,32.382,32.022,converged
BNBUSDT/DOGEUSDT,2022-06-18 00:00:00+00:00,2022-07-17 00:00:00+00:00,29,-2.47,11.575,11.215,converged
BTCUSDT/DOGEUSDT,2022-06-18 00:00:00+00:00,2022-06-26 00:00:00+00:00,8,-2.18,-11.358,-11.718,spread_blowout
AVAXUSDT/BTCUSDT,2022-06-19 00:00:00+00:00,2022-07-19 00:00:00+00:00,30,2.11,-8.258,-8.618,time_stop
1000SHIBUSDT/BTCUSDT,2022-06-19 00:00:00+00:00,2022-06-21 00:00:00+00:00,2,2.16,-24.483,-24.843,spread_blowout
AAVEUSDT/COTIUSDT,2022-06-19 00:00:00+00:00,2022-07-09 00:00:00+00:00,20,-2.53,34.101,33.741,converged
AAVEUSDT/LINKUSDT,2022-06-19 00:00:00+00:00,2022-07-09 00:00:00+00:00,20,-3.05,43.247,42.887,converged
AVAXUSDT/ETHUSDT,2022-06-20 00:00:00+00:00,2022-07-20 00:00:00+00:00,30,2.84,22.663,22.303,time_stop
DOGEUSDT/SOLUSDT,2022-06-20 00:00:00+00:00,2022-06-29 00:00:00+00:00,9,-2.11,16.994,16.634,converged
COTIUSDT/ETHUSDT,2022-06-20 00:00:00+00:00,2022-07-20 00:00:00+00:00,30,2.18,24.269,23.909,time_stop
BTCUSDT/COTIUSDT,2022-06-20 00:00:00+00:00,2022-07-20 00:00:00+00:00,30,-3.09,6.115,5.755,time_stop
1000SHIBUSDT/ETHUSDT,2022-06-20 00:00:00+00:00,2022-06-21 00:00:00+00:00,1,2.18,-27.314,-27.674,spread_blowout
BNBUSDT/COTIUSDT,2022-06-20 00:00:00+00:00,2022-07-20 00:00:00+00:00,30,-2.7,11.983,11.623,time_stop
BNBUSDT/XRPUSDT,2022-06-20 00:00:00+00:00,2022-07-20 00:00:00+00:00,30,-2.35,10.473,10.113,time_stop
BNBUSDT/SOLUSDT,2022-06-20 00:00:00+00:00,2022-07-20 00:00:00+00:00,30,-2.95,10.014,9.654,time_stop
COTIUSDT/UNIUSDT,2022-06-21 00:00:00+00:00,2022-06-23 00:00:00+00:00,2,-2.39,-14.163,-14.523,spread_blowout
1000SHIBUSDT/XRPUSDT,2022-06-21 00:00:00+00:00,2022-07-21 00:00:00+00:00,30,2.98,1.661,1.301,time_stop
1000SHIBUSDT/BNBUSDT,2022-06-21 00:00:00+00:00,2022-07-21 00:00:00+00:00,30,3.74,24.301,23.941,time_stop
AAVEUSDT/BTCUSDT,2022-06-21 00:00:00+00:00,2022-07-09 00:00:00+00:00,18,2.55,-13.907,-14.267,spread_blowout
1000SHIBUSDT/ZECUSDT,2022-06-21 00:00:00+00:00,2022-07-21 00:00:00+00:00,30,2.18,-19.514,-19.874,time_stop
UNIUSDT/XRPUSDT,2022-06-21 00:00:00+00:00,2022-06-22 00:00:00+00:00,1,3.3,-6.326,-6.686,spread_blowout
ADAUSDT/UNIUSDT,2022-06-22 00:00:00+00:00,2022-07-08 00:00:00+00:00,16,-2.53,-12.208,-12.568,spread_blowout
1000SHIBUSDT/AVAXUSDT,2022-06-22 00:00:00+00:00,2022-07-01 00:00:00+00:00,9,3.42,-3.452,-3.812,spread_blowout
ADAUSDT/LINKUSDT,2022-06-22 00:00:00+00:00,2022-07-22 00:00:00+00:00,30,-2.09,2.881,2.521,time_stop
1000SHIBUSDT/BTCUSDT,2022-06-22 00:00:00+00:00,2022-07-22 00:00:00+00:00,30,3.06,3.088,2.728,time_stop
DOGEUSDT/ETHUSDT,2022-06-22 00:00:00+00:00,2022-06-26 00:00:00+00:00,4,3.34,-4.453,-4.813,spread_blowout
AVAXUSDT/UNIUSDT,2022-06-22 00:00:00+00:00,2022-06-23 00:00:00+00:00,1,-3.6,-7.745,-8.105,spread_blowout
LINKUSDT/UNIUSDT,2022-06-23 00:00:00+00:00,2022-07-08 00:00:00+00:00,15,-2.31,-12.64,-13.0,spread_blowout
SOLUSDT/UNIUSDT,2022-06-23 00:00:00+00:00,2022-07-09 00:00:00+00:00,16,-2.59,-19.05,-19.41,spread_blowout
1000SHIBUSDT/UNIUSDT,2022-06-23 00:00:00+00:00,2022-07-14 00:00:00+00:00,21,-2.25,-23.775,-24.135,spread_blowout
AAVEUSDT/UNIUSDT,2022-06-23 00:00:00+00:00,2022-07-23 00:00:00+00:00,30,-3.43,2.831,2.471,time_stop
BNBUSDT/BTCUSDT,2022-06-24 00:00:00+00:00,2022-07-24 00:00:00+00:00,30,2.35,-2.717,-3.077,time_stop
COTIUSDT/UNIUSDT,2022-06-24 00:00:00+00:00,2022-07-07 00:00:00+00:00,13,-2.77,-11.509,-11.869,spread_blowout
UNIUSDT/XRPUSDT,2022-06-24 00:00:00+00:00,2022-07-04 00:00:00+00:00,10,2.61,-8.938,-9.298,spread_blowout
1000SHIBUSDT/ETHUSDT,2022-06-24 00:00:00+00:00,2022-07-24 00:00:00+00:00,30,2.51,24.208,23.848,time_stop
UNIUSDT/ZECUSDT,2022-06-25 00:00:00+00:00,2022-06-30 00:00:00+00:00,5,3.08,-10.453,-10.813,spread_blowout
AVAXUSDT/UNIUSDT,2022-06-25 00:00:00+00:00,2022-07-09 00:00:00+00:00,14,-2.42,-31.445,-31.805,spread_blowout
SOLUSDT/ZECUSDT,2022-06-26 00:00:00+00:00,2022-07-26 00:00:00+00:00,30,2.06,-10.502,-10.862,time_stop
DOGEUSDT/ZECUSDT,2022-06-26 00:00:00+00:00,2022-07-26 00:00:00+00:00,30,2.07,2.664,2.304,time_stop
BTCUSDT/DOGEUSDT,2022-06-27 00:00:00+00:00,2022-07-27 00:00:00+00:00,30,-2.93,15.317,14.957,time_stop
DOGEUSDT/ETHUSDT,2022-06-27 00:00:00+00:00,2022-07-16 00:00:00+00:00,19,2.85,22.874,22.514,converged
AVAXUSDT/ZECUSDT,2022-06-28 00:00:00+00:00,2022-07-28 00:00:00+00:00,30,2.03,-14.836,-15.196,time_stop
COTIUSDT/ZECUSDT,2022-06-30 00:00:00+00:00,2022-07-30 00:00:00+00:00,30,2.08,4.917,4.557,time_stop
1000SHIBUSDT/SOLUSDT,2022-06-30 00:00:00+00:00,2022-07-30 00:00:00+00:00,30,2.15,8.602,8.242,time_stop
1000SHIBUSDT/AVAXUSDT,2022-07-02 00:00:00+00:00,2022-08-01 00:00:00+00:00,30,2.36,7.782,7.422,time_stop
UNIUSDT/XRPUSDT,2022-07-05 00:00:00+00:00,2022-07-09 00:00:00+00:00,4,2.49,-14.425,-14.785,spread_blowout
COTIUSDT/UNIUSDT,2022-07-08 00:00:00+00:00,2022-07-13 00:00:00+00:00,5,-3.03,-13.655,-14.015,spread_blowout
AAVEUSDT/BNBUSDT,2022-07-09 00:00:00+00:00,2022-07-14 00:00:00+00:00,5,2.69,-14.045,-14.405,spread_blowout
AAVEUSDT/ZECUSDT,2022-07-09 00:00:00+00:00,2022-07-14 00:00:00+00:00,5,2.62,-17.466,-17.826,spread_blowout
AAVEUSDT/ETHUSDT,2022-07-09 00:00:00+00:00,2022-08-08 00:00:00+00:00,30,2.41,15.883,15.523,time_stop
AAVEUSDT/BTCUSDT,2022-07-10 00:00:00+00:00,2022-07-14 00:00:00+00:00,4,2.69,-17.818,-18.178,spread_blowout
1000SHIBUSDT/DOGEUSDT,2022-07-11 00:00:00+00:00,2022-08-10 00:00:00+00:00,30,2.07,-1.043,-1.403,time_stop
UNIUSDT/XRPUSDT,2022-07-12 00:00:00+00:00,2022-07-14 00:00:00+00:00,2,2.25,-18.148,-18.508,spread_blowout
AVAXUSDT/UNIUSDT,2022-07-12 00:00:00+00:00,2022-07-28 00:00:00+00:00,16,-2.17,-66.297,-66.657,spread_blowout
SOLUSDT/UNIUSDT,2022-07-12 00:00:00+00:00,2022-07-27 00:00:00+00:00,15,-2.32,-36.684,-37.044,spread_blowout
AAVEUSDT/DOGEUSDT,2022-07-13 00:00:00+00:00,2022-08-12 00:00:00+00:00,30,2.02,-17.872,-18.232,time_stop
AAVEUSDT/COTIUSDT,2022-07-13 00:00:00+00:00,2022-08-12 00:00:00+00:00,30,2.19,0.821,0.461,time_stop
AAVEUSDT/ADAUSDT,2022-07-14 00:00:00+00:00,2022-08-13 00:00:00+00:00,30,2.53,13.807,13.447,time_stop
AAVEUSDT/XRPUSDT,2022-07-14 00:00:00+00:00,2022-08-13 00:00:00+00:00,30,2.42,-3.924,-4.284,time_stop
ADAUSDT/COTIUSDT,2022-07-15 00:00:00+00:00,2022-07-23 00:00:00+00:00,8,-2.54,13.275,12.915,converged
1000SHIBUSDT/UNIUSDT,2022-07-15 00:00:00+00:00,2022-07-16 00:00:00+00:00,1,-3.5,-9.647,-10.007,spread_blowout
AAVEUSDT/ZECUSDT,2022-07-15 00:00:00+00:00,2022-08-14 00:00:00+00:00,30,2.87,6.424,6.064,time_stop
AAVEUSDT/BNBUSDT,2022-07-15 00:00:00+00:00,2022-07-29 00:00:00+00:00,14,3.45,28.416,28.056,converged
AVAXUSDT/DOGEUSDT,2022-07-16 00:00:00+00:00,2022-08-15 00:00:00+00:00,30,2.01,3.683,3.323,time_stop
BTCUSDT/ETHUSDT,2022-07-16 00:00:00+00:00,2022-08-05 00:00:00+00:00,20,-2.55,-7.499,-7.859,spread_blowout
DOGEUSDT/SOLUSDT,2022-07-18 00:00:00+00:00,2022-08-14 00:00:00+00:00,27,-2.14,16.743,16.383,converged
1000SHIBUSDT/UNIUSDT,2022-07-18 00:00:00+00:00,2022-07-28 00:00:00+00:00,10,-2.74,-32.651,-33.011,spread_blowout
ETHUSDT/ZECUSDT,2022-07-18 00:00:00+00:00,2022-08-17 00:00:00+00:00,30,2.53,-1.533,-1.893,time_stop
AAVEUSDT/BTCUSDT,2022-07-18 00:00:00+00:00,2022-08-17 00:00:00+00:00,30,2.34,1.089,0.729,time_stop
BNBUSDT/ZECUSDT,2022-07-21 00:00:00+00:00,2022-08-03 00:00:00+00:00,13,2.12,-11.534,-11.894,spread_blowout
LINKUSDT/XRPUSDT,2022-07-29 00:00:00+00:00,2022-08-12 00:00:00+00:00,14,2.02,-14.072,-14.432,spread_blowout
BNBUSDT/BTCUSDT,2022-07-29 00:00:00+00:00,2022-08-04 00:00:00+00:00,6,2.81,-9.877,-10.237,spread_blowout
BNBUSDT/DOGEUSDT,2022-07-29 00:00:00+00:00,2022-08-28 00:00:00+00:00,30,2.4,-1.594,-1.954,time_stop
ADAUSDT/LINKUSDT,2022-07-29 00:00:00+00:00,2022-08-08 00:00:00+00:00,10,-2.57,-5.691,-6.051,spread_blowout
COTIUSDT/LINKUSDT,2022-07-29 00:00:00+00:00,2022-08-02 00:00:00+00:00,4,-2.15,17.12,16.76,converged
DOGEUSDT/XRPUSDT,2022-07-30 00:00:00+00:00,2022-08-14 00:00:00+00:00,15,-2.21,19.895,19.535,converged
BNBUSDT/ETHUSDT,2022-08-03 00:00:00+00:00,2022-09-02 00:00:00+00:00,30,2.09,5.571,5.211,time_stop
BNBUSDT/XRPUSDT,2022-08-04 00:00:00+00:00,2022-09-03 00:00:00+00:00,30,2.58,-0.041,-0.401,time_stop
AVAXUSDT/XRPUSDT,2022-08-06 00:00:00+00:00,2022-09-05 00:00:00+00:00,30,2.09,8.92,8.56,time_stop
AVAXUSDT/SOLUSDT,2022-08-06 00:00:00+00:00,2022-09-05 00:00:00+00:00,30,2.54,1.992,1.632,time_stop
COTIUSDT/XRPUSDT,2022-08-07 00:00:00+00:00,2022-08-17 00:00:00+00:00,10,2.01,11.048,10.688,converged
BTCUSDT/ZECUSDT,2022-08-09 00:00:00+00:00,2022-09-08 00:00:00+00:00,30,-2.15,0.819,0.459,time_stop
ETHUSDT/XRPUSDT,2022-08-12 00:00:00+00:00,2022-09-06 00:00:00+00:00,25,2.41,-15.228,-15.588,spread_blowout
COTIUSDT/ETHUSDT,2022-08-18 00:00:00+00:00,2022-09-06 00:00:00+00:00,19,-2.57,-7.309,-7.669,spread_blowout
COTIUSDT/XRPUSDT,2022-08-26 00:00:00+00:00,2022-09-03 00:00:00+00:00,8,-2.49,11.268,10.908,converged
AVAXUSDT/BNBUSDT,2022-08-27 00:00:00+00:00,2022-09-18 00:00:00+00:00,22,-2.18,-13.18,-13.54,spread_blowout
AVAXUSDT/ETHUSDT,2022-08-28 00:00:00+00:00,2022-09-27 00:00:00+00:00,30,-2.14,-0.951,-1.311,time_stop
AAVEUSDT/AVAXUSDT,2022-08-29 00:00:00+00:00,2022-09-28 00:00:00+00:00,30,2.05,-2.221,-2.581,time_stop
BTCUSDT/COTIUSDT,2022-09-16 00:00:00+00:00,2022-09-21 00:00:00+00:00,5,-2.07,-6.133,-6.493,spread_blowout
BTCUSDT/XRPUSDT,2022-09-16 00:00:00+00:00,2022-09-17 00:00:00+00:00,1,-3.91,-4.894,-5.254,spread_blowout
BNBUSDT/ETHUSDT,2022-09-21 00:00:00+00:00,2022-10-21 00:00:00+00:00,30,2.29,0.448,0.088,time_stop
BTCUSDT/SOLUSDT,2022-09-24 00:00:00+00:00,2022-10-13 00:00:00+00:00,19,-2.11,8.006,7.646,converged
AVAXUSDT/UNIUSDT,2022-09-27 00:00:00+00:00,2022-10-18 00:00:00+00:00,21,-2.42,-10.598,-10.958,spread_blowout
AVAXUSDT/BTCUSDT,2022-10-04 00:00:00+00:00,2022-11-03 00:00:00+00:00,30,-2.03,4.609,4.249,time_stop
BTCUSDT/UNIUSDT,2022-10-07 00:00:00+00:00,2022-11-06 00:00:00+00:00,30,-2.09,4.977,4.617,time_stop
AAVEUSDT/ADAUSDT,2022-10-14 00:00:00+00:00,2022-10-17 00:00:00+00:00,3,2.85,-6.04,-6.4,spread_blowout
AAVEUSDT/ETHUSDT,2022-10-18 00:00:00+00:00,2022-10-25 00:00:00+00:00,7,2.87,10.918,10.558,converged
AAVEUSDT/AVAXUSDT,2022-10-18 00:00:00+00:00,2022-10-23 00:00:00+00:00,5,2.99,-5.69,-6.05,spread_blowout
AAVEUSDT/ZECUSDT,2022-10-18 00:00:00+00:00,2022-11-04 00:00:00+00:00,17,2.34,-11.369,-11.729,spread_blowout
BTCUSDT/SOLUSDT,2022-10-20 00:00:00+00:00,2022-11-05 00:00:00+00:00,16,2.33,7.083,6.723,converged
AAVEUSDT/BTCUSDT,2022-10-23 00:00:00+00:00,2022-10-26 00:00:00+00:00,3,2.37,14.37,14.01,converged
AAVEUSDT/AVAXUSDT,2022-10-24 00:00:00+00:00,2022-10-31 00:00:00+00:00,7,2.67,13.77,13.41,converged
ETHUSDT/ZECUSDT,2022-10-26 00:00:00+00:00,2022-11-01 00:00:00+00:00,6,2.66,-10.265,-10.625,spread_blowout
AVAXUSDT/ETHUSDT,2022-10-26 00:00:00+00:00,2022-11-09 00:00:00+00:00,14,-2.72,20.114,19.754,converged
BNBUSDT/BTCUSDT,2022-10-30 00:00:00+00:00,2022-10-31 00:00:00+00:00,1,3.58,-4.251,-4.611,spread_blowout
AVAXUSDT/ZECUSDT,2022-10-31 00:00:00+00:00,2022-11-01 00:00:00+00:00,1,3.61,-3.392,-3.752,spread_blowout
AVAXUSDT/ZECUSDT,2022-11-02 00:00:00+00:00,2022-11-08 00:00:00+00:00,6,2.97,-13.936,-14.296,spread_blowout
AAVEUSDT/ETHUSDT,2022-11-09 00:00:00+00:00,2022-11-12 00:00:00+00:00,3,-2.7,-10.599,-10.959,spread_blowout
AVAXUSDT/ZECUSDT,2022-11-09 00:00:00+00:00,2022-11-10 00:00:00+00:00,1,3.41,-4.529,-4.889,spread_blowout
AVAXUSDT/BTCUSDT,2022-11-09 00:00:00+00:00,2022-12-09 00:00:00+00:00,30,2.44,11.761,11.401,time_stop
1000SHIBUSDT/AVAXUSDT,2022-11-12 00:00:00+00:00,2022-12-04 00:00:00+00:00,22,2.06,7.141,6.781,converged
1000SHIBUSDT/ETHUSDT,2022-11-13 00:00:00+00:00,2022-12-13 00:00:00+00:00,30,-2.01,-5.145,-5.505,time_stop
SOLUSDT/ZECUSDT,2022-12-01 00:00:00+00:00,2022-12-31 00:00:00+00:00,30,-2.68,11.76,11.4,time_stop
AVAXUSDT/ZECUSDT,2022-12-01 00:00:00+00:00,2022-12-31 00:00:00+00:00,30,-2.01,-0.126,-0.486,time_stop
ADAUSDT/ZECUSDT,2022-12-02 00:00:00+00:00,2022-12-18 00:00:00+00:00,16,-2.01,-12.938,-13.298,spread_blowout
BTCUSDT/SOLUSDT,2022-12-13 00:00:00+00:00,2023-01-09 00:00:00+00:00,27,2.26,6.536,6.176,converged
BTCUSDT/COTIUSDT,2022-12-14 00:00:00+00:00,2023-01-12 00:00:00+00:00,29,2.18,-6.608,-6.968,spread_blowout
1000SHIBUSDT/BTCUSDT,2022-12-14 00:00:00+00:00,2023-01-13 00:00:00+00:00,30,-2.23,-0.086,-0.446,time_stop
AVAXUSDT/BTCUSDT,2022-12-16 00:00:00+00:00,2022-12-29 00:00:00+00:00,13,-2.3,-7.618,-7.978,spread_blowout
AAVEUSDT/BTCUSDT,2022-12-16 00:00:00+00:00,2023-01-15 00:00:00+00:00,30,-2.11,-0.536,-0.896,time_stop
COTIUSDT/SOLUSDT,2022-12-16 00:00:00+00:00,2023-01-02 00:00:00+00:00,17,-3.27,-7.963,-8.323,spread_blowout
ADAUSDT/SOLUSDT,2022-12-16 00:00:00+00:00,2023-01-15 00:00:00+00:00,30,-2.6,9.642,9.282,time_stop
ADAUSDT/AVAXUSDT,2022-12-20 00:00:00+00:00,2023-01-08 00:00:00+00:00,19,-2.02,12.893,12.533,converged
ADAUSDT/COTIUSDT,2022-12-29 00:00:00+00:00,2023-01-01 00:00:00+00:00,3,-2.22,9.54,9.18,converged
AVAXUSDT/BTCUSDT,2022-12-30 00:00:00+00:00,2023-01-11 00:00:00+00:00,12,-2.82,24.256,23.896,converged
COTIUSDT/XRPUSDT,2023-01-02 00:00:00+00:00,2023-01-08 00:00:00+00:00,6,-2.01,15.629,15.269,converged
AAVEUSDT/SOLUSDT,2023-01-03 00:00:00+00:00,2023-01-11 00:00:00+00:00,8,-2.04,11.561,11.201,converged
SOLUSDT/XRPUSDT,2023-01-03 00:00:00+00:00,2023-02-02 00:00:00+00:00,30,2.04,-1.933,-2.293,time_stop
AVAXUSDT/SOLUSDT,2023-01-03 00:00:00+00:00,2023-01-11 00:00:00+00:00,8,-2.18,25.881,25.521,converged
COTIUSDT/SOLUSDT,2023-01-04 00:00:00+00:00,2023-01-24 00:00:00+00:00,20,-3.37,34.393,34.033,converged
AVAXUSDT/COTIUSDT,2023-01-04 00:00:00+00:00,2023-01-11 00:00:00+00:00,7,2.1,-13.854,-14.214,spread_blowout
XRPUSDT/ZECUSDT,2023-01-08 00:00:00+00:00,2023-01-16 00:00:00+00:00,8,-2.03,11.411,11.051,converged
ADAUSDT/COTIUSDT,2023-01-09 00:00:00+00:00,2023-01-24 00:00:00+00:00,15,2.41,16.971,16.611,converged
ADAUSDT/AVAXUSDT,2023-01-09 00:00:00+00:00,2023-01-11 00:00:00+00:00,2,2.08,22.676,22.316,converged
AVAXUSDT/XRPUSDT,2023-01-11 00:00:00+00:00,2023-01-17 00:00:00+00:00,6,3.48,-3.296,-3.656,spread_blowout
AVAXUSDT/UNIUSDT,2023-01-11 00:00:00+00:00,2023-02-10 00:00:00+00:00,30,2.27,-1.08,-1.44,time_stop
AAVEUSDT/AVAXUSDT,2023-01-11 00:00:00+00:00,2023-01-16 00:00:00+00:00,5,-3.39,16.976,16.616,converged
AVAXUSDT/SOLUSDT,2023-01-12 00:00:00+00:00,2023-01-27 00:00:00+00:00,15,2.27,-17.191,-17.551,spread_blowout
AAVEUSDT/COTIUSDT,2023-01-12 00:00:00+00:00,2023-01-15 00:00:00+00:00,3,2.1,-10.561,-10.921,spread_blowout
AAVEUSDT/XRPUSDT,2023-01-12 00:00:00+00:00,2023-01-15 00:00:00+00:00,3,2.02,-12.183,-12.543,spread_blowout
BTCUSDT/SOLUSDT,2023-01-12 00:00:00+00:00,2023-01-13 00:00:00+00:00,1,2.64,-3.673,-4.033,spread_blowout
AVAXUSDT/COTIUSDT,2023-01-12 00:00:00+00:00,2023-01-14 00:00:00+00:00,2,3.46,-5.224,-5.584,spread_blowout
1000SHIBUSDT/AVAXUSDT,2023-01-12 00:00:00+00:00,2023-01-18 00:00:00+00:00,6,-2.72,14.728,14.368,converged
1000SHIBUSDT/COTIUSDT,2023-01-13 00:00:00+00:00,2023-01-18 00:00:00+00:00,5,2.21,-11.628,-11.988,spread_blowout
BTCUSDT/SOLUSDT,2023-01-14 00:00:00+00:00,2023-01-16 00:00:00+00:00,2,3.41,-1.643,-2.003,spread_blowout
AVAXUSDT/COTIUSDT,2023-01-15 00:00:00+00:00,2023-01-25 00:00:00+00:00,10,3.35,21.999,21.639,converged
AAVEUSDT/ZECUSDT,2023-01-15 00:00:00+00:00,2023-02-14 00:00:00+00:00,30,2.52,-7.962,-8.322,time_stop
AAVEUSDT/COTIUSDT,2023-01-16 00:00:00+00:00,2023-01-17 00:00:00+00:00,1,3.59,-5.249,-5.609,spread_blowout
BTCUSDT/SOLUSDT,2023-01-17 00:00:00+00:00,2023-01-20 00:00:00+00:00,3,3.27,-4.633,-4.993,spread_blowout
AAVEUSDT/SOLUSDT,2023-01-17 00:00:00+00:00,2023-02-03 00:00:00+00:00,17,3.38,-2.813,-3.173,spread_blowout
ADAUSDT/AVAXUSDT,2023-01-17 00:00:00+00:00,2023-02-16 00:00:00+00:00,30,-2.01,4.287,3.927,time_stop
1000SHIBUSDT/SOLUSDT,2023-01-18 00:00:00+00:00,2023-02-04 00:00:00+00:00,17,2.13,-22.886,-23.246,spread_blowout
1000SHIBUSDT/ADAUSDT,2023-01-18 00:00:00+00:00,2023-02-04 00:00:00+00:00,17,3.43,-12.108,-12.468,spread_blowout
1000SHIBUSDT/UNIUSDT,2023-01-18 00:00:00+00:00,2023-02-04 00:00:00+00:00,17,3.02,-8.112,-8.472,spread_blowout
1000SHIBUSDT/AVAXUSDT,2023-01-19 00:00:00+00:00,2023-01-27 00:00:00+00:00,8,2.52,18.306,17.946,converged
AAVEUSDT/BTCUSDT,2023-01-20 00:00:00+00:00,2023-02-17 00:00:00+00:00,28,-2.09,-15.712,-16.072,spread_blowout
AVAXUSDT/BTCUSDT,2023-01-20 00:00:00+00:00,2023-01-27 00:00:00+00:00,7,-2.5,16.347,15.987,converged
BTCUSDT/ETHUSDT,2023-01-21 00:00:00+00:00,2023-01-24 00:00:00+00:00,3,3.02,-3.169,-3.529,spread_blowout
ETHUSDT/SOLUSDT,2023-01-21 00:00:00+00:00,2023-02-20 00:00:00+00:00,30,2.28,-2.732,-3.092,time_stop
COTIUSDT/XRPUSDT,2023-01-24 00:00:00+00:00,2023-01-26 00:00:00+00:00,2,3.06,-18.007,-18.367,spread_blowout
BTCUSDT/ETHUSDT,2023-01-25 00:00:00+00:00,2023-01-28 00:00:00+00:00,3,3.12,-2.056,-2.416,spread_blowout
ADAUSDT/COTIUSDT,2023-01-25 00:00:00+00:00,2023-02-09 00:00:00+00:00,15,-2.78,13.886,13.526,converged
AAVEUSDT/AVAXUSDT,2023-01-27 00:00:00+00:00,2023-02-26 00:00:00+00:00,30,-3.31,8.145,7.785,time_stop
DOGEUSDT/LINKUSDT,2023-01-27 00:00:00+00:00,2023-01-31 00:00:00+00:00,4,-2.07,17.855,17.495,converged
AVAXUSDT/ETHUSDT,2023-01-27 00:00:00+00:00,2023-02-26 00:00:00+00:00,30,2.69,17.763,17.403,converged
1000SHIBUSDT/AVAXUSDT,2023-01-28 00:00:00+00:00,2023-02-04 00:00:00+00:00,7,-2.38,20.151,19.791,converged
AVAXUSDT/SOLUSDT,2023-01-28 00:00:00+00:00,2023-02-02 00:00:00+00:00,5,3.76,-2.627,-2.987,spread_blowout
BTCUSDT/ETHUSDT,2023-01-29 00:00:00+00:00,2023-02-28 00:00:00+00:00,30,2.35,0.186,-0.174,time_stop
AVAXUSDT/SOLUSDT,2023-02-03 00:00:00+00:00,2023-03-04 00:00:00+00:00,29,2.65,18.944,18.584,converged
1000SHIBUSDT/ETHUSDT,2023-02-04 00:00:00+00:00,2023-03-04 00:00:00+00:00,28,4.0,21.612,21.252,converged
1000SHIBUSDT/AVAXUSDT,2023-02-05 00:00:00+00:00,2023-03-07 00:00:00+00:00,30,3.91,9.912,9.552,time_stop
1000SHIBUSDT/BTCUSDT,2023-02-05 00:00:00+00:00,2023-02-28 00:00:00+00:00,23,3.38,18.323,17.963,converged
1000SHIBUSDT/AAVEUSDT,2023-02-07 00:00:00+00:00,2023-03-09 00:00:00+00:00,30,3.42,14.592,14.232,time_stop
1000SHIBUSDT/SOLUSDT,2023-02-07 00:00:00+00:00,2023-03-09 00:00:00+00:00,30,3.63,20.281,19.921,converged
DOGEUSDT/LINKUSDT,2023-02-09 00:00:00+00:00,2023-02-19 00:00:00+00:00,10,-2.45,-8.948,-9.308,spread_blowout
ADAUSDT/BNBUSDT,2023-02-14 00:00:00+00:00,2023-03-08 00:00:00+00:00,22,2.37,15.202,14.842,converged
BTCUSDT/SOLUSDT,2023-02-17 00:00:00+00:00,2023-03-16 00:00:00+00:00,27,2.33,-9.079,-9.439,spread_blowout
LINKUSDT/XRPUSDT,2023-02-17 00:00:00+00:00,2023-02-19 00:00:00+00:00,2,2.52,-7.722,-8.082,spread_blowout
AAVEUSDT/ETHUSDT,2023-02-28 00:00:00+00:00,2023-03-13 00:00:00+00:00,13,-2.12,-8.303,-8.663,spread_blowout
ADAUSDT/UNIUSDT,2023-03-01 00:00:00+00:00,2023-03-03 00:00:00+00:00,2,-2.01,8.463,8.103,converged
AVAXUSDT/ETHUSDT,2023-03-08 00:00:00+00:00,2023-03-21 00:00:00+00:00,13,-2.03,-12.341,-12.701,spread_blowout
ADAUSDT/ETHUSDT,2023-03-08 00:00:00+00:00,2023-03-17 00:00:00+00:00,9,-2.14,-9.277,-9.637,spread_blowout
AVAXUSDT/BTCUSDT,2023-03-08 00:00:00+00:00,2023-03-15 00:00:00+00:00,7,-2.14,-13.303,-13.663,spread_blowout
ETHUSDT/UNIUSDT,2023-03-10 00:00:00+00:00,2023-03-11 00:00:00+00:00,1,2.26,-7.024,-7.384,spread_blowout
AAVEUSDT/UNIUSDT,2023-03-10 00:00:00+00:00,2023-03-18 00:00:00+00:00,8,2.03,12.86,12.5,converged
ADAUSDT/UNIUSDT,2023-03-10 00:00:00+00:00,2023-03-14 00:00:00+00:00,4,2.46,9.203,8.843,converged
AVAXUSDT/UNIUSDT,2023-03-10 00:00:00+00:00,2023-03-18 00:00:00+00:00,8,2.12,15.881,15.521,converged
SOLUSDT/UNIUSDT,2023-03-10 00:00:00+00:00,2023-03-18 00:00:00+00:00,8,2.77,25.968,25.608,converged
BTCUSDT/UNIUSDT,2023-03-10 00:00:00+00:00,2023-03-15 00:00:00+00:00,5,2.06,-12.092,-12.452,spread_blowout
1000SHIBUSDT/UNIUSDT,2023-03-11 00:00:00+00:00,2023-03-17 00:00:00+00:00,6,2.48,19.374,19.014,converged
BNBUSDT/UNIUSDT,2023-03-11 00:00:00+00:00,2023-03-16 00:00:00+00:00,5,2.69,-10.245,-10.605,spread_blowout
ETHUSDT/UNIUSDT,2023-03-12 00:00:00+00:00,2023-03-15 00:00:00+00:00,3,3.23,-4.198,-4.558,spread_blowout
COTIUSDT/ETHUSDT,2023-03-12 00:00:00+00:00,2023-04-05 00:00:00+00:00,24,-2.09,-21.297,-21.657,spread_blowout
BTCUSDT/COTIUSDT,2023-03-12 00:00:00+00:00,2023-03-15 00:00:00+00:00,3,2.17,-10.241,-10.601,spread_blowout
BTCUSDT/LINKUSDT,2023-03-13 00:00:00+00:00,2023-03-19 00:00:00+00:00,6,2.56,-8.425,-8.785,spread_blowout
AAVEUSDT/BTCUSDT,2023-03-13 00:00:00+00:00,2023-03-15 00:00:00+00:00,2,-3.44,-3.849,-4.209,spread_blowout
ADAUSDT/BNBUSDT,2023-03-13 00:00:00+00:00,2023-03-16 00:00:00+00:00,3,-2.3,-16.453,-16.813,spread_blowout
ETHUSDT/SOLUSDT,2023-03-13 00:00:00+00:00,2023-03-17 00:00:00+00:00,4,3.21,-4.333,-4.693,spread_blowout
BNBUSDT/COTIUSDT,2023-03-13 00:00:00+00:00,2023-03-20 00:00:00+00:00,7,2.09,-8.677,-9.037,spread_blowout
ADAUSDT/BTCUSDT,2023-03-13 00:00:00+00:00,2023-03-16 00:00:00+00:00,3,-2.55,-9.435,-9.795,spread_blowout
1000SHIBUSDT/ETHUSDT,2023-03-13 00:00:00+00:00,2023-03-17 00:00:00+00:00,4,-2.76,-8.608,-8.968,spread_blowout
1000SHIBUSDT/BTCUSDT,2023-03-13 00:00:00+00:00,2023-03-15 00:00:00+00:00,2,-3.23,-6.92,-7.28,spread_blowout
ETHUSDT/LINKUSDT,2023-03-13 00:00:00+00:00,2023-04-12 00:00:00+00:00,30,2.22,-5.664,-6.024,time_stop
AVAXUSDT/BNBUSDT,2023-03-13 00:00:00+00:00,2023-03-16 00:00:00+00:00,3,-2.03,-18.33,-18.69,spread_blowout
AAVEUSDT/ETHUSDT,2023-03-14 00:00:00+00:00,2023-03-17 00:00:00+00:00,3,-3.09,-5.667,-6.027,spread_blowout
1000SHIBUSDT/BNBUSDT,2023-03-15 00:00:00+00:00,2023-03-16 00:00:00+00:00,1,-2.51,-11.664,-12.024,spread_blowout
BNBUSDT/SOLUSDT,2023-03-16 00:00:00+00:00,2023-04-15 00:00:00+00:00,30,3.82,5.036,4.676,time_stop
ETHUSDT/UNIUSDT,2023-03-16 00:00:00+00:00,2023-03-23 00:00:00+00:00,7,3.87,-1.874,-2.234,spread_blowout
1000SHIBUSDT/BTCUSDT,2023-03-16 00:00:00+00:00,2023-03-17 00:00:00+00:00,1,-3.94,-5.268,-5.628,spread_blowout
AVAXUSDT/BTCUSDT,2023-03-16 00:00:00+00:00,2023-03-17 00:00:00+00:00,1,-3.78,-2.133,-2.493,spread_blowout
AAVEUSDT/BTCUSDT,2023-03-16 00:00:00+00:00,2023-03-17 00:00:00+00:00,1,-3.84,-4.017,-4.377,spread_blowout
BTCUSDT/UNIUSDT,2023-03-17 00:00:00+00:00,2023-03-20 00:00:00+00:00,3,3.61,-5.634,-5.994,spread_blowout
BNBUSDT/UNIUSDT,2023-03-17 00:00:00+00:00,2023-03-24 00:00:00+00:00,7,3.63,-2.21,-2.57,spread_blowout
1000SHIBUSDT/BNBUSDT,2023-03-17 00:00:00+00:00,2023-03-20 00:00:00+00:00,3,-3.77,-2.879,-3.239,spread_blowout
AAVEUSDT/BNBUSDT,2023-03-17 00:00:00+00:00,2023-03-26 00:00:00+00:00,9,-3.38,-4.441,-4.801,spread_blowout
BTCUSDT/ETHUSDT,2023-03-17 00:00:00+00:00,2023-03-20 00:00:00+00:00,3,2.24,-4.922,-5.282,spread_blowout
AVAXUSDT/BNBUSDT,2023-03-17 00:00:00+00:00,2023-04-16 00:00:00+00:00,30,-3.67,7.699,7.339,time_stop
ETHUSDT/SOLUSDT,2023-03-18 00:00:00+00:00,2023-03-30 00:00:00+00:00,12,3.24,-3.232,-3.592,spread_blowout
AVAXUSDT/BTCUSDT,2023-03-18 00:00:00+00:00,2023-03-20 00:00:00+00:00,2,-3.45,-6.128,-6.488,spread_blowout
AAVEUSDT/ETHUSDT,2023-03-18 00:00:00+00:00,2023-03-23 00:00:00+00:00,5,-3.52,-5.336,-5.696,spread_blowout
1000SHIBUSDT/ETHUSDT,2023-03-18 00:00:00+00:00,2023-04-05 00:00:00+00:00,18,-3.27,-6.219,-6.579,spread_blowout
ADAUSDT/BNBUSDT,2023-03-19 00:00:00+00:00,2023-03-20 00:00:00+00:00,1,-3.67,-2.008,-2.368,spread_blowout
ADAUSDT/SOLUSDT,2023-03-20 00:00:00+00:00,2023-03-21 00:00:00+00:00,1,-2.04,9.727,9.367,converged
1000SHIBUSDT/LINKUSDT,2023-03-21 00:00:00+00:00,2023-04-18 00:00:00+00:00,28,-2.05,-19.47,-19.83,spread_blowout
ADAUSDT/COTIUSDT,2023-03-21 00:00:00+00:00,2023-04-20 00:00:00+00:00,30,2.16,3.556,3.196,time_stop
BTCUSDT/ETHUSDT,2023-03-21 00:00:00+00:00,2023-04-05 00:00:00+00:00,15,2.16,6.798,6.438,converged
LINKUSDT/UNIUSDT,2023-03-22 00:00:00+00:00,2023-03-26 00:00:00+00:00,4,2.5,-5.541,-5.901,spread_blowout
ADAUSDT/UNIUSDT,2023-03-22 00:00:00+00:00,2023-03-25 00:00:00+00:00,3,2.47,-6.54,-6.9,spread_blowout
AVAXUSDT/ETHUSDT,2023-03-22 00:00:00+00:00,2023-04-21 00:00:00+00:00,30,-2.1,-8.811,-9.171,time_stop
AVAXUSDT/LINKUSDT,2023-03-23 00:00:00+00:00,2023-04-22 00:00:00+00:00,30,-2.18,9.657,9.297,time_stop
AAVEUSDT/LINKUSDT,2023-03-23 00:00:00+00:00,2023-04-18 00:00:00+00:00,26,-2.5,-13.999,-14.359,spread_blowout
SOLUSDT/UNIUSDT,2023-03-24 00:00:00+00:00,2023-04-21 00:00:00+00:00,28,2.22,-22.142,-22.502,spread_blowout
AVAXUSDT/UNIUSDT,2023-03-24 00:00:00+00:00,2023-04-17 00:00:00+00:00,24,2.5,-11.045,-11.405,spread_blowout
ADAUSDT/UNIUSDT,2023-03-26 00:00:00+00:00,2023-03-31 00:00:00+00:00,5,3.14,-4.902,-5.262,spread_blowout
BNBUSDT/BTCUSDT,2023-03-27 00:00:00+00:00,2023-04-26 00:00:00+00:00,30,-2.12,3.813,3.453,time_stop
1000SHIBUSDT/ADAUSDT,2023-03-28 00:00:00+00:00,2023-04-15 00:00:00+00:00,18,-2.07,-12.244,-12.604,spread_blowout
AAVEUSDT/ADAUSDT,2023-03-28 00:00:00+00:00,2023-04-15 00:00:00+00:00,18,-2.99,-7.539,-7.899,spread_blowout
ADAUSDT/AVAXUSDT,2023-03-29 00:00:00+00:00,2023-04-15 00:00:00+00:00,17,2.01,-10.31,-10.67,spread_blowout
ADAUSDT/SOLUSDT,2023-03-31 00:00:00+00:00,2023-04-30 00:00:00+00:00,30,2.64,4.794,4.434,time_stop
BTCUSDT/ETHUSDT,2023-04-13 00:00:00+00:00,2023-04-14 00:00:00+00:00,1,-2.23,-6.187,-6.547,spread_blowout
BTCUSDT/ETHUSDT,2023-04-15 00:00:00+00:00,2023-04-28 00:00:00+00:00,13,-3.31,11.153,10.793,converged
AVAXUSDT/SOLUSDT,2023-04-28 00:00:00+00:00,2023-05-28 00:00:00+00:00,30,-2.31,-4.912,-5.272,time_stop
1000SHIBUSDT/UNIUSDT,2023-05-17 00:00:00+00:00,2023-06-14 00:00:00+00:00,28,-2.6,-8.491,-8.851,spread_blowout
AVAXUSDT/LINKUSDT,2023-05-17 00:00:00+00:00,2023-06-06 00:00:00+00:00,20,-2.01,5.999,5.639,converged
1000SHIBUSDT/AAVEUSDT,2023-05-28 00:00:00+00:00,2023-06-17 00:00:00+00:00,20,-2.72,11.023,10.663,converged
ADAUSDT/ETHUSDT,2023-06-06 00:00:00+00:00,2023-06-07 00:00:00+00:00,1,-2.94,-6.235,-6.595,spread_blowout
AVAXUSDT/ZECUSDT,2023-06-06 00:00:00+00:00,2023-06-18 00:00:00+00:00,12,2.61,7.924,7.564,converged
AVAXUSDT/COTIUSDT,2023-06-07 00:00:00+00:00,2023-06-09 00:00:00+00:00,2,3.79,-1.438,-1.798,spread_blowout
COTIUSDT/ZECUSDT,2023-06-07 00:00:00+00:00,2023-06-18 00:00:00+00:00,11,-2.36,-9.994,-10.354,spread_blowout
COTIUSDT/LINKUSDT,2023-06-07 00:00:00+00:00,2023-06-09 00:00:00+00:00,2,-3.05,-5.167,-5.527,spread_blowout
AVAXUSDT/LINKUSDT,2023-06-07 00:00:00+00:00,2023-06-15 00:00:00+00:00,8,2.08,5.986,5.626,converged
COTIUSDT/LINKUSDT,2023-06-10 00:00:00+00:00,2023-06-23 00:00:00+00:00,13,-2.69,-5.757,-6.117,spread_blowout
AAVEUSDT/UNIUSDT,2023-06-14 00:00:00+00:00,2023-06-15 00:00:00+00:00,1,-2.8,-4.102,-4.462,spread_blowout
LINKUSDT/UNIUSDT,2023-06-14 00:00:00+00:00,2023-06-24 00:00:00+00:00,10,-2.45,9.843,9.483,converged
AVAXUSDT/UNIUSDT,2023-06-15 00:00:00+00:00,2023-07-01 00:00:00+00:00,16,-2.26,-12.053,-12.413,spread_blowout
1000SHIBUSDT/UNIUSDT,2023-06-15 00:00:00+00:00,2023-06-25 00:00:00+00:00,10,-2.19,-10.42,-10.78,spread_blowout
ADAUSDT/ZECUSDT,2023-06-16 00:00:00+00:00,2023-06-28 00:00:00+00:00,12,-2.03,-9.196,-9.556,spread_blowout
AAVEUSDT/UNIUSDT,2023-06-16 00:00:00+00:00,2023-06-29 00:00:00+00:00,13,-3.97,13.865,13.505,converged
1000SHIBUSDT/AVAXUSDT,2023-06-18 00:00:00+00:00,2023-06-21 00:00:00+00:00,3,2.56,9.187,8.827,converged
LINKUSDT/ZECUSDT,2023-06-18 00:00:00+00:00,2023-06-22 00:00:00+00:00,4,-2.07,6.313,5.953,converged
1000SHIBUSDT/LINKUSDT,2023-06-18 00:00:00+00:00,2023-06-23 00:00:00+00:00,5,2.8,13.064,12.704,converged
1000SHIBUSDT/AAVEUSDT,2023-06-18 00:00:00+00:00,2023-06-25 00:00:00+00:00,7,2.3,28.281,27.921,converged
ADAUSDT/SOLUSDT,2023-06-19 00:00:00+00:00,2023-06-29 00:00:00+00:00,10,-2.56,-6.788,-7.148,spread_blowout
COTIUSDT/ZECUSDT,2023-06-19 00:00:00+00:00,2023-06-29 00:00:00+00:00,10,-2.08,-10.036,-10.396,spread_blowout
AVAXUSDT/LINKUSDT,2023-06-20 00:00:00+00:00,2023-06-23 00:00:00+00:00,3,2.04,9.19,8.83,converged
1000SHIBUSDT/ZECUSDT,2023-06-22 00:00:00+00:00,2023-06-24 00:00:00+00:00,2,2.9,12.496,12.136,converged
UNIUSDT/ZECUSDT,2023-06-22 00:00:00+00:00,2023-06-24 00:00:00+00:00,2,2.1,8.303,7.943,converged
BNBUSDT/SOLUSDT,2023-06-23 00:00:00+00:00,2023-06-29 00:00:00+00:00,6,-2.1,-8.683,-9.043,spread_blowout
ADAUSDT/LINKUSDT,2023-06-23 00:00:00+00:00,2023-07-01 00:00:00+00:00,8,-2.24,-9.119,-9.479,spread_blowout
BNBUSDT/COTIUSDT,2023-06-23 00:00:00+00:00,2023-07-23 00:00:00+00:00,30,-2.06,-2.017,-2.377,time_stop
BNBUSDT/ZECUSDT,2023-06-23 00:00:00+00:00,2023-06-25 00:00:00+00:00,2,-2.58,-6.27,-6.63,spread_blowout
BNBUSDT/LINKUSDT,2023-06-23 00:00:00+00:00,2023-06-24 00:00:00+00:00,1,-3.29,-4.245,-4.605,spread_blowout
ADAUSDT/BNBUSDT,2023-06-24 00:00:00+00:00,2023-07-13 00:00:00+00:00,19,2.01,-10.992,-11.352,spread_blowout
AAVEUSDT/LINKUSDT,2023-06-24 00:00:00+00:00,2023-06-25 00:00:00+00:00,1,-2.03,18.251,17.891,converged
COTIUSDT/LINKUSDT,2023-06-24 00:00:00+00:00,2023-06-25 00:00:00+00:00,1,-3.95,-0.455,-0.815,spread_blowout
AVAXUSDT/LINKUSDT,2023-06-24 00:00:00+00:00,2023-07-01 00:00:00+00:00,7,-2.63,-7.713,-8.073,spread_blowout
DOGEUSDT/UNIUSDT,2023-06-25 00:00:00+00:00,2023-07-07 00:00:00+00:00,12,-3.54,-3.002,-3.362,spread_blowout
UNIUSDT/ZECUSDT,2023-06-25 00:00:00+00:00,2023-06-30 00:00:00+00:00,5,2.91,10.045,9.685,converged
LINKUSDT/UNIUSDT,2023-06-25 00:00:00+00:00,2023-07-20 00:00:00+00:00,25,-2.66,19.859,19.499,converged
1000SHIBUSDT/ZECUSDT,2023-06-26 00:00:00+00:00,2023-06-30 00:00:00+00:00,4,-2.52,-11.395,-11.755,spread_blowout
AAVEUSDT/DOGEUSDT,2023-06-26 00:00:00+00:00,2023-06-30 00:00:00+00:00,4,2.56,-8.061,-8.421,spread_blowout
AAVEUSDT/COTIUSDT,2023-06-26 00:00:00+00:00,2023-06-30 00:00:00+00:00,4,2.81,-8.698,-9.058,spread_blowout
AAVEUSDT/AVAXUSDT,2023-06-26 00:00:00+00:00,2023-06-30 00:00:00+00:00,4,2.34,-11.815,-12.175,spread_blowout
COTIUSDT/LINKUSDT,2023-06-26 00:00:00+00:00,2023-06-30 00:00:00+00:00,4,-3.54,-3.248,-3.608,spread_blowout
SOLUSDT/ZECUSDT,2023-06-26 00:00:00+00:00,2023-07-06 00:00:00+00:00,10,-2.62,18.483,18.123,converged
ADAUSDT/AVAXUSDT,2023-06-26 00:00:00+00:00,2023-07-13 00:00:00+00:00,17,-2.13,17.947,17.587,converged
1000SHIBUSDT/AAVEUSDT,2023-06-26 00:00:00+00:00,2023-06-30 00:00:00+00:00,4,-3.15,-13.018,-13.378,spread_blowout
AAVEUSDT/ADAUSDT,2023-06-26 00:00:00+00:00,2023-06-30 00:00:00+00:00,4,3.0,-9.059,-9.419,spread_blowout
1000SHIBUSDT/LINKUSDT,2023-06-27 00:00:00+00:00,2023-07-03 00:00:00+00:00,6,-2.42,-6.645,-7.005,spread_blowout
AAVEUSDT/ZECUSDT,2023-06-27 00:00:00+00:00,2023-07-04 00:00:00+00:00,7,2.14,-9.253,-9.613,spread_blowout
1000SHIBUSDT/UNIUSDT,2023-06-27 00:00:00+00:00,2023-07-01 00:00:00+00:00,4,-3.86,-7.4,-7.76,spread_blowout
AVAXUSDT/ZECUSDT,2023-06-28 00:00:00+00:00,2023-06-30 00:00:00+00:00,2,-2.1,-10.758,-11.118,spread_blowout
COTIUSDT/SOLUSDT,2023-06-29 00:00:00+00:00,2023-07-06 00:00:00+00:00,7,-2.79,-8.641,-9.001,spread_blowout
ADAUSDT/ZECUSDT,2023-06-29 00:00:00+00:00,2023-06-30 00:00:00+00:00,1,-2.8,-8.318,-8.678,spread_blowout
BNBUSDT/SOLUSDT,2023-06-30 00:00:00+00:00,2023-07-06 00:00:00+00:00,6,-3.67,-6.901,-7.261,spread_blowout
AAVEUSDT/LINKUSDT,2023-06-30 00:00:00+00:00,2023-07-04 00:00:00+00:00,4,2.86,-5.377,-5.737,spread_blowout
LINKUSDT/ZECUSDT,2023-06-30 00:00:00+00:00,2023-07-02 00:00:00+00:00,2,-2.28,5.879,5.519,converged
DOGEUSDT/LINKUSDT,2023-06-30 00:00:00+00:00,2023-07-17 00:00:00+00:00,17,-2.03,-7.312,-7.672,spread_blowout
DOGEUSDT/ZECUSDT,2023-06-30 00:00:00+00:00,2023-07-15 00:00:00+00:00,15,-3.21,13.79,13.43,converged
COTIUSDT/ZECUSDT,2023-07-01 00:00:00+00:00,2023-07-28 00:00:00+00:00,27,-3.6,-3.302,-3.662,spread_blowout
ADAUSDT/SOLUSDT,2023-07-01 00:00:00+00:00,2023-07-02 00:00:00+00:00,1,-2.98,-4.708,-5.068,spread_blowout
AAVEUSDT/AVAXUSDT,2023-07-01 00:00:00+00:00,2023-07-02 00:00:00+00:00,1,3.48,-2.897,-3.257,spread_blowout
COTIUSDT/LINKUSDT,2023-07-01 00:00:00+00:00,2023-07-13 00:00:00+00:00,12,-3.42,-10.042,-10.402,spread_blowout
1000SHIBUSDT/AAVEUSDT,2023-07-01 00:00:00+00:00,2023-07-02 00:00:00+00:00,1,-3.51,-4.202,-4.562,spread_blowout
AAVEUSDT/DOGEUSDT,2023-07-01 00:00:00+00:00,2023-07-04 00:00:00+00:00,3,2.28,-11.735,-12.095,spread_blowout
AVAXUSDT/LINKUSDT,2023-07-02 00:00:00+00:00,2023-07-03 00:00:00+00:00,1,-3.92,-0.795,-1.155,spread_blowout
1000SHIBUSDT/ZECUSDT,2023-07-02 00:00:00+00:00,2023-07-09 00:00:00+00:00,7,-3.15,15.672,15.312,converged
1000SHIBUSDT/UNIUSDT,2023-07-02 00:00:00+00:00,2023-07-07 00:00:00+00:00,5,-3.82,-2.28,-2.64,spread_blowout
ADAUSDT/LINKUSDT,2023-07-02 00:00:00+00:00,2023-07-17 00:00:00+00:00,15,-3.23,-4.864,-5.224,spread_blowout
AVAXUSDT/ZECUSDT,2023-07-02 00:00:00+00:00,2023-07-08 00:00:00+00:00,6,-3.09,17.428,17.068,converged
UNIUSDT/ZECUSDT,2023-07-02 00:00:00+00:00,2023-07-14 00:00:00+00:00,12,2.1,-7.283,-7.643,spread_blowout
1000SHIBUSDT/AAVEUSDT,2023-07-03 00:00:00+00:00,2023-07-04 00:00:00+00:00,1,-3.97,-7.324,-7.684,spread_blowout
AAVEUSDT/AVAXUSDT,2023-07-03 00:00:00+00:00,2023-07-04 00:00:00+00:00,1,3.97,-6.685,-7.045,spread_blowout
ADAUSDT/ZECUSDT,2023-07-03 00:00:00+00:00,2023-07-13 00:00:00+00:00,10,-2.61,19.467,19.107,converged
ADAUSDT/SOLUSDT,2023-07-03 00:00:00+00:00,2023-07-06 00:00:00+00:00,3,-2.99,-8.305,-8.665,spread_blowout
AVAXUSDT/LINKUSDT,2023-07-04 00:00:00+00:00,2023-07-13 00:00:00+00:00,9,-3.37,-3.781,-4.141,spread_blowout
AAVEUSDT/UNIUSDT,2023-07-04 00:00:00+00:00,2023-07-17 00:00:00+00:00,13,2.34,11.136,10.776,converged
1000SHIBUSDT/LINKUSDT,2023-07-04 00:00:00+00:00,2023-07-13 00:00:00+00:00,9,-2.79,-7.639,-7.999,spread_blowout
AAVEUSDT/LINKUSDT,2023-07-05 00:00:00+00:00,2023-07-07 00:00:00+00:00,2,3.67,-2.607,-2.967,spread_blowout
DOGEUSDT/SOLUSDT,2023-07-06 00:00:00+00:00,2023-07-08 00:00:00+00:00,2,-2.52,-6.449,-6.809,spread_blowout
AVAXUSDT/SOLUSDT,2023-07-06 00:00:00+00:00,2023-07-13 00:00:00+00:00,7,-2.85,-16.872,-17.232,spread_blowout
AAVEUSDT/ZECUSDT,2023-07-06 00:00:00+00:00,2023-07-07 00:00:00+00:00,1,3.33,-8.393,-8.753,spread_blowout
SOLUSDT/ZECUSDT,2023-07-07 00:00:00+00:00,2023-07-08 00:00:00+00:00,1,3.33,-3.958,-4.318,spread_blowout
LINKUSDT/SOLUSDT,2023-07-07 00:00:00+00:00,2023-07-15 00:00:00+00:00,8,-2.73,-7.673,-8.033,spread_blowout
LINKUSDT/ZECUSDT,2023-07-08 00:00:00+00:00,2023-07-13 00:00:00+00:00,5,2.47,-3.57,-3.93,spread_blowout
AVAXUSDT/COTIUSDT,2023-07-08 00:00:00+00:00,2023-08-07 00:00:00+00:00,30,2.48,9.177,8.817,time_stop
AVAXUSDT/DOGEUSDT,2023-07-08 00:00:00+00:00,2023-07-13 00:00:00+00:00,5,2.42,6.642,6.282,converged
AAVEUSDT/LINKUSDT,2023-07-08 00:00:00+00:00,2023-07-20 00:00:00+00:00,12,3.14,31.932,31.572,converged
SOLUSDT/ZECUSDT,2023-07-09 00:00:00+00:00,2023-07-13 00:00:00+00:00,4,3.43,-7.486,-7.846,spread_blowout
AAVEUSDT/ZECUSDT,2023-07-09 00:00:00+00:00,2023-07-12 00:00:00+00:00,3,3.73,-3.262,-3.622,spread_blowout
ADAUSDT/COTIUSDT,2023-07-13 00:00:00+00:00,2023-07-28 00:00:00+00:00,15,3.67,-3.409,-3.769,spread_blowout
1000SHIBUSDT/ADAUSDT,2023-07-13 00:00:00+00:00,2023-07-25 00:00:00+00:00,12,-2.2,13.035,12.675,converged
LINKUSDT/ZECUSDT,2023-07-14 00:00:00+00:00,2023-07-17 00:00:00+00:00,3,3.36,-1.86,-2.22,spread_blowout
ADAUSDT/BNBUSDT,2023-07-14 00:00:00+00:00,2023-08-13 00:00:00+00:00,30,2.94,8.869,8.509,time_stop
1000SHIBUSDT/AVAXUSDT,2023-07-14 00:00:00+00:00,2023-07-25 00:00:00+00:00,11,-2.84,8.237,7.877,converged
AVAXUSDT/DOGEUSDT,2023-07-14 00:00:00+00:00,2023-07-19 00:00:00+00:00,5,2.5,7.803,7.443,converged
1000SHIBUSDT/LINKUSDT,2023-07-15 00:00:00+00:00,2023-07-20 00:00:00+00:00,5,-2.31,-27.732,-28.092,spread_blowout
COTIUSDT/DOGEUSDT,2023-07-15 00:00:00+00:00,2023-07-21 00:00:00+00:00,6,-3.09,-7.839,-8.199,spread_blowout
1000SHIBUSDT/DOGEUSDT,2023-07-15 00:00:00+00:00,2023-07-21 00:00:00+00:00,6,-2.27,-5.662,-6.022,spread_blowout
AVAXUSDT/LINKUSDT,2023-07-17 00:00:00+00:00,2023-07-20 00:00:00+00:00,3,-2.82,-22.425,-22.785,spread_blowout
LINKUSDT/ZECUSDT,2023-07-18 00:00:00+00:00,2023-07-20 00:00:00+00:00,2,3.08,-19.024,-19.384,spread_blowout
AAVEUSDT/UNIUSDT,2023-07-20 00:00:00+00:00,2023-07-30 00:00:00+00:00,10,-2.15,-10.629,-10.989,spread_blowout
AVAXUSDT/DOGEUSDT,2023-07-21 00:00:00+00:00,2023-07-24 00:00:00+00:00,3,-2.74,-8.474,-8.834,spread_blowout
ADAUSDT/DOGEUSDT,2023-07-21 00:00:00+00:00,2023-07-25 00:00:00+00:00,4,-2.61,-22.107,-22.467,spread_blowout
1000SHIBUSDT/DOGEUSDT,2023-07-22 00:00:00+00:00,2023-07-24 00:00:00+00:00,2,-2.34,-9.15,-9.51,spread_blowout
COTIUSDT/DOGEUSDT,2023-07-22 00:00:00+00:00,2023-07-24 00:00:00+00:00,2,-2.55,-17.538,-17.898,spread_blowout
DOGEUSDT/ZECUSDT,2023-07-24 00:00:00+00:00,2023-07-25 00:00:00+00:00,1,3.1,-10.06,-10.42,spread_blowout
1000SHIBUSDT/COTIUSDT,2023-07-25 00:00:00+00:00,2023-07-28 00:00:00+00:00,3,2.63,-7.775,-8.135,spread_blowout
1000SHIBUSDT/AVAXUSDT,2023-07-28 00:00:00+00:00,2023-07-31 00:00:00+00:00,3,2.04,-6.487,-6.847,spread_blowout
BNBUSDT/COTIUSDT,2023-07-28 00:00:00+00:00,2023-08-07 00:00:00+00:00,10,2.1,7.149,6.789,converged
1000SHIBUSDT/ADAUSDT,2023-07-29 00:00:00+00:00,2023-08-05 00:00:00+00:00,7,2.08,-20.345,-20.705,spread_blowout
ADAUSDT/COTIUSDT,2023-07-31 00:00:00+00:00,2023-08-07 00:00:00+00:00,7,2.59,12.266,11.906,converged
1000SHIBUSDT/AVAXUSDT,2023-08-01 00:00:00+00:00,2023-08-04 00:00:00+00:00,3,3.2,-6.521,-6.881,spread_blowout
1000PEPEUSDT/BTCUSDT,2023-08-29 00:00:00+00:00,2023-09-12 00:00:00+00:00,14,-3.08,-8.867,-9.227,spread_blowout
LINKUSDT/UNIUSDT,2023-09-01 00:00:00+00:00,2023-09-19 00:00:00+00:00,18,2.27,-11.152,-11.512,spread_blowout
AVAXUSDT/COTIUSDT,2023-09-07 00:00:00+00:00,2023-09-15 00:00:00+00:00,8,-2.08,-8.676,-9.036,spread_blowout
COTIUSDT/ETHUSDT,2023-09-08 00:00:00+00:00,2023-09-25 00:00:00+00:00,17,2.89,-6.557,-6.917,spread_blowout
ETHUSDT/ZECUSDT,2023-09-11 00:00:00+00:00,2023-09-21 00:00:00+00:00,10,-3.32,-1.391,-1.751,spread_blowout
BTCUSDT/ETHUSDT,2023-09-11 00:00:00+00:00,2023-09-20 00:00:00+00:00,9,2.45,-2.614,-2.974,spread_blowout
AVAXUSDT/BTCUSDT,2023-09-12 00:00:00+00:00,2023-09-20 00:00:00+00:00,8,-2.1,-9.964,-10.324,spread_blowout
1000PEPEUSDT/BTCUSDT,2023-09-13 00:00:00+00:00,2023-09-17 00:00:00+00:00,4,-2.84,-11.51,-11.87,spread_blowout
1000PEPEUSDT/ETHUSDT,2023-09-15 00:00:00+00:00,2023-10-15 00:00:00+00:00,30,-2.08,18.563,18.203,time_stop
AVAXUSDT/ETHUSDT,2023-09-17 00:00:00+00:00,2023-10-01 00:00:00+00:00,14,-2.02,-6.608,-6.968,spread_blowout
AVAXUSDT/BNBUSDT,2023-09-17 00:00:00+00:00,2023-10-04 00:00:00+00:00,17,-2.25,13.378,13.018,converged
1000PEPEUSDT/BTCUSDT,2023-09-18 00:00:00+00:00,2023-10-16 00:00:00+00:00,28,-3.22,-18.348,-18.708,spread_blowout
AVAXUSDT/ZECUSDT,2023-09-20 00:00:00+00:00,2023-10-20 00:00:00+00:00,30,-2.65,6.28,5.92,time_stop
BTCUSDT/ETHUSDT,2023-09-21 00:00:00+00:00,2023-10-05 00:00:00+00:00,14,3.26,-1.407,-1.767,spread_blowout
BNBUSDT/ZECUSDT,2023-09-21 00:00:00+00:00,2023-10-21 00:00:00+00:00,30,-2.21,2.519,2.159,time_stop
AVAXUSDT/BTCUSDT,2023-09-21 00:00:00+00:00,2023-10-16 00:00:00+00:00,25,-2.67,-8.019,-8.379,spread_blowout
ETHUSDT/ZECUSDT,2023-09-22 00:00:00+00:00,2023-10-22 00:00:00+00:00,30,-3.71,6.39,6.03,time_stop
BTCUSDT/COTIUSDT,2023-09-25 00:00:00+00:00,2023-09-28 00:00:00+00:00,3,-2.43,6.679,6.319,converged
AAVEUSDT/BTCUSDT,2023-09-29 00:00:00+00:00,2023-10-16 00:00:00+00:00,17,2.17,11.492,11.132,converged
BNBUSDT/ETHUSDT,2023-10-01 00:00:00+00:00,2023-10-10 00:00:00+00:00,9,-2.64,4.237,3.877,converged
AAVEUSDT/ZECUSDT,2023-10-01 00:00:00+00:00,2023-10-22 00:00:00+00:00,21,2.33,-18.533,-18.893,spread_blowout
BNBUSDT/BTCUSDT,2023-10-01 00:00:00+00:00,2023-10-09 00:00:00+00:00,8,-2.34,-4.533,-4.893,spread_blowout
ADAUSDT/SOLUSDT,2023-10-03 00:00:00+00:00,2023-10-16 00:00:00+00:00,13,-2.92,-4.884,-5.244,spread_blowout
BTCUSDT/COTIUSDT,2023-10-04 00:00:00+00:00,2023-10-08 00:00:00+00:00,4,2.07,6.91,6.55,converged
AVAXUSDT/SUIUSDT,2023-10-04 00:00:00+00:00,2023-10-22 00:00:00+00:00,18,2.29,-8.448,-8.808,spread_blowout
1000PEPEUSDT/AVAXUSDT,2023-10-04 00:00:00+00:00,2023-10-23 00:00:00+00:00,19,-2.01,24.683,24.323,converged
COTIUSDT/ZECUSDT,2023-10-04 00:00:00+00:00,2023-10-08 00:00:00+00:00,4,-2.13,17.877,17.517,converged
AVAXUSDT/ETHUSDT,2023-10-05 00:00:00+00:00,2023-10-23 00:00:00+00:00,18,2.21,16.929,16.569,converged
BTCUSDT/ETHUSDT,2023-10-06 00:00:00+00:00,2023-10-09 00:00:00+00:00,3,2.89,-2.26,-2.62,spread_blowout
ADAUSDT/SUIUSDT,2023-10-06 00:00:00+00:00,2023-10-23 00:00:00+00:00,17,2.04,-8.799,-9.159,spread_blowout
AVAXUSDT/BNBUSDT,2023-10-06 00:00:00+00:00,2023-10-16 00:00:00+00:00,10,2.11,14.119,13.759,converged
BTCUSDT/ZECUSDT,2023-10-08 00:00:00+00:00,2023-10-16 00:00:00+00:00,8,2.01,-3.604,-3.964,spread_blowout
BNBUSDT/BTCUSDT,2023-10-12 00:00:00+00:00,2023-10-20 00:00:00+00:00,8,-2.12,-7.098,-7.458,spread_blowout
ADAUSDT/ETHUSDT,2023-10-12 00:00:00+00:00,2023-10-23 00:00:00+00:00,11,2.13,5.064,4.704,converged
BNBUSDT/UNIUSDT,2023-10-16 00:00:00+00:00,2023-10-23 00:00:00+00:00,7,2.28,-4.033,-4.393,spread_blowout
BNBUSDT/ETHUSDT,2023-10-17 00:00:00+00:00,2023-10-22 00:00:00+00:00,5,2.23,2.6,2.24,converged
BTCUSDT/ZECUSDT,2023-10-18 00:00:00+00:00,2023-10-19 00:00:00+00:00,1,3.94,-0.763,-1.123,spread_blowout
ETHUSDT/XRPUSDT,2023-10-19 00:00:00+00:00,2023-10-22 00:00:00+00:00,3,-2.52,5.727,5.367,converged
ADAUSDT/XRPUSDT,2023-10-19 00:00:00+00:00,2023-10-21 00:00:00+00:00,2,-2.28,4.453,4.093,converged
DOGEUSDT/XRPUSDT,2023-10-19 00:00:00+00:00,2023-10-23 00:00:00+00:00,4,-2.03,10.173,9.813,converged
UNIUSDT/XRPUSDT,2023-10-19 00:00:00+00:00,2023-10-31 00:00:00+00:00,12,-2.55,-10.691,-11.051,spread_blowout
ETHUSDT/SUIUSDT,2023-10-21 00:00:00+00:00,2023-10-23 00:00:00+00:00,2,2.08,-5.401,-5.761,spread_blowout
AAVEUSDT/LINKUSDT,2023-10-21 00:00:00+00:00,2023-10-27 00:00:00+00:00,6,-2.47,-7.242,-7.602,spread_blowout
ADAUSDT/UNIUSDT,2023-10-22 00:00:00+00:00,2023-10-23 00:00:00+00:00,1,2.46,-4.382,-4.742,spread_blowout
ETHUSDT/UNIUSDT,2023-10-22 00:00:00+00:00,2023-10-23 00:00:00+00:00,1,2.62,-4.533,-4.893,spread_blowout
ADAUSDT/AVAXUSDT,2023-10-23 00:00:00+00:00,2023-10-27 00:00:00+00:00,4,2.85,-2.903,-3.263,spread_blowout
ETHUSDT/XRPUSDT,2023-10-23 00:00:00+00:00,2023-11-06 00:00:00+00:00,14,2.38,5.546,5.186,converged
DOGEUSDT/UNIUSDT,2023-10-23 00:00:00+00:00,2023-10-25 00:00:00+00:00,2,3.24,-4.254,-4.614,spread_blowout
ADAUSDT/XRPUSDT,2023-10-23 00:00:00+00:00,2023-10-27 00:00:00+00:00,4,2.89,-3.445,-3.805,spread_blowout
1000PEPEUSDT/UNIUSDT,2023-10-23 00:00:00+00:00,2023-10-25 00:00:00+00:00,2,3.13,-26.389,-26.749,spread_blowout
AVAXUSDT/UNIUSDT,2023-10-23 00:00:00+00:00,2023-10-26 00:00:00+00:00,3,2.29,-9.424,-9.784,spread_blowout
DOGEUSDT/ETHUSDT,2023-10-24 00:00:00+00:00,2023-11-09 00:00:00+00:00,16,-2.74,-15.804,-16.164,spread_blowout
AVAXUSDT/ETHUSDT,2023-10-24 00:00:00+00:00,2023-11-02 00:00:00+00:00,9,-2.98,12.231,11.871,converged
BNBUSDT/ETHUSDT,2023-10-24 00:00:00+00:00,2023-10-26 00:00:00+00:00,2,-2.69,-1.856,-2.216,spread_blowout
BNBUSDT/UNIUSDT,2023-10-24 00:00:00+00:00,2023-10-27 00:00:00+00:00,3,3.92,-1.135,-1.495,spread_blowout
1000PEPEUSDT/SUIUSDT,2023-10-24 00:00:00+00:00,2023-10-25 00:00:00+00:00,1,2.45,-25.577,-25.937,spread_blowout
1000PEPEUSDT/AVAXUSDT,2023-10-25 00:00:00+00:00,2023-11-01 00:00:00+00:00,7,3.09,31.32,30.96,converged
ADAUSDT/BNBUSDT,2023-10-25 00:00:00+00:00,2023-10-30 00:00:00+00:00,5,2.12,-4.327,-4.687,spread_blowout
BTCUSDT/SOLUSDT,2023-10-25 00:00:00+00:00,2023-10-31 00:00:00+00:00,6,2.07,6.962,6.602,converged
BNBUSDT/DOGEUSDT,2023-10-26 00:00:00+00:00,2023-11-02 00:00:00+00:00,7,-3.85,7.276,6.916,converged
DOGEUSDT/XRPUSDT,2023-10-26 00:00:00+00:00,2023-10-31 00:00:00+00:00,5,3.25,11.354,10.994,converged
ADAUSDT/DOGEUSDT,2023-10-27 00:00:00+00:00,2023-11-01 00:00:00+00:00,5,2.65,-4.735,-5.095,spread_blowout
BNBUSDT/ETHUSDT,2023-10-27 00:00:00+00:00,2023-11-06 00:00:00+00:00,10,-2.31,7.099,6.739,converged
ADAUSDT/XRPUSDT,2023-10-28 00:00:00+00:00,2023-11-02 00:00:00+00:00,5,3.82,-3.728,-4.088,spread_blowout
DOGEUSDT/UNIUSDT,2023-10-28 00:00:00+00:00,2023-11-16 00:00:00+00:00,19,3.86,-1.796,-2.156,spread_blowout
BNBUSDT/UNIUSDT,2023-10-28 00:00:00+00:00,2023-11-05 00:00:00+00:00,8,3.49,-2.652,-3.012,spread_blowout
ADAUSDT/AVAXUSDT,2023-10-28 00:00:00+00:00,2023-11-02 00:00:00+00:00,5,2.84,-6.05,-6.41,spread_blowout
ADAUSDT/ETHUSDT,2023-10-30 00:00:00+00:00,2023-11-02 00:00:00+00:00,3,2.84,-7.032,-7.392,spread_blowout
BNBUSDT/XRPUSDT,2023-10-31 00:00:00+00:00,2023-11-04 00:00:00+00:00,4,-2.05,3.356,2.996,converged
ADAUSDT/BNBUSDT,2023-10-31 00:00:00+00:00,2023-11-02 00:00:00+00:00,2,2.49,-6.775,-7.135,spread_blowout
AVAXUSDT/BNBUSDT,2023-11-01 00:00:00+00:00,2023-11-05 00:00:00+00:00,4,2.34,12.882,12.522,converged
AVAXUSDT/DOGEUSDT,2023-11-01 00:00:00+00:00,2023-11-11 00:00:00+00:00,10,2.21,-14.625,-14.985,spread_blowout
DOGEUSDT/XRPUSDT,2023-11-02 00:00:00+00:00,2023-11-11 00:00:00+00:00,9,-2.02,6.778,6.418,converged
AAVEUSDT/LINKUSDT,2023-11-02 00:00:00+00:00,2023-11-05 00:00:00+00:00,3,2.87,10.281,9.921,converged
ADAUSDT/XRPUSDT,2023-11-03 00:00:00+00:00,2023-11-09 00:00:00+00:00,6,3.79,-4.691,-5.051,spread_blowout
BNBUSDT/DOGEUSDT,2023-11-04 00:00:00+00:00,2023-11-09 00:00:00+00:00,5,2.72,-2.117,-2.477,spread_blowout
ADAUSDT/ETHUSDT,2023-11-04 00:00:00+00:00,2023-11-05 00:00:00+00:00,1,3.47,-1.816,-2.176,spread_blowout
BTCUSDT/SOLUSDT,2023-11-04 00:00:00+00:00,2023-11-10 00:00:00+00:00,6,-2.14,-6.892,-7.252,spread_blowout
ADAUSDT/AVAXUSDT,2023-11-04 00:00:00+00:00,2023-11-05 00:00:00+00:00,1,3.49,-3.526,-3.886,spread_blowout
AAVEUSDT/BTCUSDT,2023-11-06 00:00:00+00:00,2023-11-13 00:00:00+00:00,7,2.55,13.322,12.962,converged
AVAXUSDT/XRPUSDT,2023-11-06 00:00:00+00:00,2023-11-10 00:00:00+00:00,4,-2.15,21.453,21.093,converged
ADAUSDT/ETHUSDT,2023-11-07 00:00:00+00:00,2023-11-08 00:00:00+00:00,1,3.51,-1.638,-1.998,spread_blowout
ADAUSDT/BNBUSDT,2023-11-08 00:00:00+00:00,2023-11-19 00:00:00+00:00,11,2.24,-7.228,-7.588,spread_blowout
ADAUSDT/AVAXUSDT,2023-11-08 00:00:00+00:00,2023-11-11 00:00:00+00:00,3,2.9,12.665,12.305,converged
BTCUSDT/LINKUSDT,2023-11-08 00:00:00+00:00,2023-11-22 00:00:00+00:00,14,-2.08,7.011,6.651,converged
BNBUSDT/ETHUSDT,2023-11-09 00:00:00+00:00,2023-11-13 00:00:00+00:00,4,-2.95,-1.791,-2.151,spread_blowout
AVAXUSDT/ETHUSDT,2023-11-09 00:00:00+00:00,2023-11-10 00:00:00+00:00,1,-3.92,16.524,16.164,converged
AAVEUSDT/SOLUSDT,2023-11-10 00:00:00+00:00,2023-11-14 00:00:00+00:00,4,-2.45,-10.216,-10.576,spread_blowout
ETHUSDT/XRPUSDT,2023-11-10 00:00:00+00:00,2023-11-20 00:00:00+00:00,10,3.31,-1.965,-2.325,spread_blowout
DOGEUSDT/ETHUSDT,2023-11-10 00:00:00+00:00,2023-11-16 00:00:00+00:00,6,-2.33,11.221,10.861,converged
AAVEUSDT/LINKUSDT,2023-11-10 00:00:00+00:00,2023-11-11 00:00:00+00:00,1,-2.06,-7.694,-8.054,spread_blowout
AVAXUSDT/BNBUSDT,2023-11-10 00:00:00+00:00,2023-11-11 00:00:00+00:00,1,2.03,-12.573,-12.933,spread_blowout
BTCUSDT/SOLUSDT,2023-11-11 00:00:00+00:00,2023-11-14 00:00:00+00:00,3,-3.06,-4.73,-5.09,spread_blowout
ADAUSDT/XRPUSDT,2023-11-11 00:00:00+00:00,2023-11-16 00:00:00+00:00,5,3.43,-5.076,-5.436,spread_blowout
AAVEUSDT/LINKUSDT,2023-11-12 00:00:00+00:00,2023-12-12 00:00:00+00:00,30,-2.15,-0.789,-1.149,time_stop
AVAXUSDT/DOGEUSDT,2023-11-13 00:00:00+00:00,2023-11-14 00:00:00+00:00,1,3.04,-10.683,-11.043,spread_blowout
ADAUSDT/AVAXUSDT,2023-11-13 00:00:00+00:00,2023-11-15 00:00:00+00:00,2,-2.18,-14.452,-14.812,spread_blowout
LINKUSDT/SOLUSDT,2023-11-14 00:00:00+00:00,2023-12-14 00:00:00+00:00,30,-2.18,-16.31,-16.67,spread_blowout
AVAXUSDT/ETHUSDT,2023-11-14 00:00:00+00:00,2023-11-15 00:00:00+00:00,1,3.66,-12.114,-12.474,spread_blowout
SOLUSDT/XRPUSDT,2023-11-14 00:00:00+00:00,2023-12-11 00:00:00+00:00,27,2.76,-26.119,-26.479,spread_blowout
BNBUSDT/XRPUSDT,2023-11-15 00:00:00+00:00,2023-11-20 00:00:00+00:00,5,2.95,-2.657,-3.017,spread_blowout
BTCUSDT/SOLUSDT,2023-11-15 00:00:00+00:00,2023-12-04 00:00:00+00:00,19,-2.9,12.588,12.228,converged
AAVEUSDT/SOLUSDT,2023-11-15 00:00:00+00:00,2023-12-11 00:00:00+00:00,26,-3.16,-8.264,-8.624,spread_blowout
BNBUSDT/DOGEUSDT,2023-11-16 00:00:00+00:00,2023-11-17 00:00:00+00:00,1,-3.19,-5.079,-5.439,spread_blowout
1000SHIBUSDT/SUIUSDT,2023-11-17 00:00:00+00:00,2023-11-21 00:00:00+00:00,4,2.23,8.184,7.824,converged
ADAUSDT/XRPUSDT,2023-11-17 00:00:00+00:00,2023-11-18 00:00:00+00:00,1,3.37,-3.23,-3.59,spread_blowout
DOGEUSDT/ETHUSDT,2023-11-18 00:00:00+00:00,2023-11-21 00:00:00+00:00,3,2.65,9.745,9.385,converged
AVAXUSDT/DOGEUSDT,2023-11-18 00:00:00+00:00,2023-11-21 00:00:00+00:00,3,2.98,-10.797,-11.157,spread_blowout
ADAUSDT/ETHUSDT,2023-11-18 00:00:00+00:00,2023-11-22 00:00:00+00:00,4,2.2,7.612,7.252,converged
ADAUSDT/XRPUSDT,2023-11-19 00:00:00+00:00,2023-11-28 00:00:00+00:00,9,3.17,-3.831,-4.191,spread_blowout
ADAUSDT/AVAXUSDT,2023-11-19 00:00:00+00:00,2023-12-08 00:00:00+00:00,19,-2.42,17.695,17.335,converged
BNBUSDT/SOLUSDT,2023-11-21 00:00:00+00:00,2023-12-21 00:00:00+00:00,30,-3.09,9.975,9.615,converged
ETHUSDT/ZECUSDT,2023-11-21 00:00:00+00:00,2023-12-18 00:00:00+00:00,27,3.22,-4.682,-5.042,spread_blowout
BNBUSDT/DOGEUSDT,2023-11-21 00:00:00+00:00,2023-11-27 00:00:00+00:00,6,-2.18,-5.158,-5.518,spread_blowout
ADAUSDT/DOGEUSDT,2023-11-21 00:00:00+00:00,2023-11-28 00:00:00+00:00,7,2.13,10.908,10.548,converged
ETHUSDT/XRPUSDT,2023-11-21 00:00:00+00:00,2023-12-02 00:00:00+00:00,11,2.34,-5.823,-6.183,spread_blowout
AAVEUSDT/ZECUSDT,2023-11-21 00:00:00+00:00,2023-12-02 00:00:00+00:00,11,2.33,24.387,24.027,converged
LINKUSDT/ZECUSDT,2023-11-21 00:00:00+00:00,2023-11-25 00:00:00+00:00,4,3.57,43.604,43.244,converged
AVAXUSDT/DOGEUSDT,2023-11-22 00:00:00+00:00,2023-12-04 00:00:00+00:00,12,2.72,39.88,39.52,converged
BNBUSDT/ETHUSDT,2023-11-22 00:00:00+00:00,2023-11-23 00:00:00+00:00,1,-3.81,-1.018,-1.378,spread_blowout
ADAUSDT/BNBUSDT,2023-11-22 00:00:00+00:00,2023-11-23 00:00:00+00:00,1,3.8,-4.423,-4.783,spread_blowout
1000PEPEUSDT/ETHUSDT,2023-11-22 00:00:00+00:00,2023-12-22 00:00:00+00:00,30,-2.34,3.929,3.569,time_stop
1000SHIBUSDT/SUIUSDT,2023-11-24 00:00:00+00:00,2023-12-03 00:00:00+00:00,9,-2.52,10.786,10.426,converged
ADAUSDT/BNBUSDT,2023-11-25 00:00:00+00:00,2023-11-27 00:00:00+00:00,2,3.8,-3.466,-3.826,spread_blowout
BNBUSDT/ETHUSDT,2023-11-25 00:00:00+00:00,2023-11-30 00:00:00+00:00,5,-3.19,-1.985,-2.345,spread_blowout
COTIUSDT/ZECUSDT,2023-11-26 00:00:00+00:00,2023-12-12 00:00:00+00:00,16,2.88,-5.567,-5.927,spread_blowout
SUIUSDT/UNIUSDT,2023-11-27 00:00:00+00:00,2023-12-19 00:00:00+00:00,22,-2.58,21.764,21.404,converged
1000SHIBUSDT/DOGEUSDT,2023-11-27 00:00:00+00:00,2023-12-10 00:00:00+00:00,13,-2.0,5.494,5.134,converged
ADAUSDT/BNBUSDT,2023-11-28 00:00:00+00:00,2023-12-02 00:00:00+00:00,4,3.42,-3.652,-4.012,spread_blowout
1000PEPEUSDT/DOGEUSDT,2023-11-28 00:00:00+00:00,2023-12-28 00:00:00+00:00,30,-2.08,-8.691,-9.051,time_stop
BNBUSDT/DOGEUSDT,2023-11-28 00:00:00+00:00,2023-11-30 00:00:00+00:00,2,-3.36,-2.663,-3.023,spread_blowout
ADAUSDT/XRPUSDT,2023-11-29 00:00:00+00:00,2023-12-08 00:00:00+00:00,9,2.05,-20.79,-21.15,spread_blowout
COTIUSDT/ETHUSDT,2023-11-29 00:00:00+00:00,2023-12-03 00:00:00+00:00,4,2.33,14.213,13.853,converged
DOGEUSDT/ETHUSDT,2023-11-30 00:00:00+00:00,2023-12-10 00:00:00+00:00,10,2.06,-5.951,-6.311,spread_blowout
ADAUSDT/DOGEUSDT,2023-11-30 00:00:00+00:00,2023-12-09 00:00:00+00:00,9,-2.18,16.37,16.01,converged
1000SHIBUSDT/BNBUSDT,2023-12-01 00:00:00+00:00,2023-12-03 00:00:00+00:00,2,2.03,-7.888,-8.248,spread_blowout
BNBUSDT/ETHUSDT,2023-12-01 00:00:00+00:00,2023-12-05 00:00:00+00:00,4,-2.77,-4.042,-4.402,spread_blowout
XRPUSDT/ZECUSDT,2023-12-02 00:00:00+00:00,2023-12-18 00:00:00+00:00,16,-2.6,11.066,10.706,converged
BNBUSDT/XRPUSDT,2023-12-03 00:00:00+00:00,2023-12-11 00:00:00+00:00,8,-2.03,8.155,7.795,converged
ETHUSDT/LINKUSDT,2023-12-03 00:00:00+00:00,2023-12-07 00:00:00+00:00,4,2.07,-7.223,-7.583,spread_blowout
ADAUSDT/ETHUSDT,2023-12-03 00:00:00+00:00,2023-12-06 00:00:00+00:00,3,-2.21,8.363,8.003,converged
ETHUSDT/XRPUSDT,2023-12-03 00:00:00+00:00,2023-12-22 00:00:00+00:00,19,2.72,-5.688,-6.048,spread_blowout
AAVEUSDT/BTCUSDT,2023-12-04 00:00:00+00:00,2023-12-05 00:00:00+00:00,1,-2.47,-7.968,-8.328,spread_blowout
BTCUSDT/XRPUSDT,2023-12-04 00:00:00+00:00,2024-01-03 00:00:00+00:00,30,2.4,-11.005,-11.365,spread_blowout
BTCUSDT/LINKUSDT,2023-12-04 00:00:00+00:00,2023-12-05 00:00:00+00:00,1,2.56,-5.121,-5.481,spread_blowout
DOGEUSDT/LINKUSDT,2023-12-04 00:00:00+00:00,2023-12-06 00:00:00+00:00,2,3.23,-4.371,-4.731,spread_blowout
ETHUSDT/SOLUSDT,2023-12-04 00:00:00+00:00,2023-12-20 00:00:00+00:00,16,2.66,8.428,8.068,converged
DOGEUSDT/SOLUSDT,2023-12-04 00:00:00+00:00,2023-12-05 00:00:00+00:00,1,3.5,-2.841,-3.201,spread_blowout
1000SHIBUSDT/SUIUSDT,2023-12-05 00:00:00+00:00,2023-12-16 00:00:00+00:00,11,2.1,-21.026,-21.386,spread_blowout
AAVEUSDT/ETHUSDT,2023-12-05 00:00:00+00:00,2024-01-04 00:00:00+00:00,30,-2.46,7.039,6.679,time_stop
1000PEPEUSDT/AAVEUSDT,2023-12-05 00:00:00+00:00,2023-12-15 00:00:00+00:00,10,2.62,30.241,29.881,converged
ADAUSDT/SOLUSDT,2023-12-05 00:00:00+00:00,2023-12-08 00:00:00+00:00,3,2.42,-16.397,-16.757,spread_blowout
1000SHIBUSDT/ADAUSDT,2023-12-05 00:00:00+00:00,2023-12-09 00:00:00+00:00,4,2.11,6.928,6.568,converged
AVAXUSDT/SOLUSDT,2023-12-05 00:00:00+00:00,2023-12-10 00:00:00+00:00,5,2.03,-26.961,-27.321,spread_blowout
DOGEUSDT/SUIUSDT,2023-12-05 00:00:00+00:00,2023-12-23 00:00:00+00:00,18,2.35,12.445,12.085,converged
1000PEPEUSDT/XRPUSDT,2023-12-05 00:00:00+00:00,2024-01-04 00:00:00+00:00,30,3.14,12.806,12.446,time_stop
1000PEPEUSDT/LINKUSDT,2023-12-05 00:00:00+00:00,2024-01-04 00:00:00+00:00,30,2.4,19.658,19.298,time_stop
BTCUSDT/SOLUSDT,2023-12-05 00:00:00+00:00,2023-12-21 00:00:00+00:00,16,3.69,14.882,14.522,converged
ADAUSDT/LINKUSDT,2023-12-06 00:00:00+00:00,2023-12-08 00:00:00+00:00,2,2.92,-15.2,-15.56,spread_blowout
1000SHIBUSDT/ETHUSDT,2023-12-06 00:00:00+00:00,2023-12-16 00:00:00+00:00,10,2.63,-17.771,-18.131,spread_blowout
BTCUSDT/LINKUSDT,2023-12-06 00:00:00+00:00,2023-12-20 00:00:00+00:00,14,3.76,-2.964,-3.324,spread_blowout
DOGEUSDT/SOLUSDT,2023-12-06 00:00:00+00:00,2023-12-24 00:00:00+00:00,18,3.52,19.028,18.668,converged
1000SHIBUSDT/ZECUSDT,2023-12-06 00:00:00+00:00,2023-12-14 00:00:00+00:00,8,3.02,-5.752,-6.112,spread_blowout
DOGEUSDT/ZECUSDT,2023-12-06 00:00:00+00:00,2023-12-16 00:00:00+00:00,10,2.46,-8.759,-9.119,spread_blowout
AAVEUSDT/BTCUSDT,2023-12-06 00:00:00+00:00,2023-12-28 00:00:00+00:00,22,-3.59,24.811,24.451,converged
AAVEUSDT/ADAUSDT,2023-12-06 00:00:00+00:00,2023-12-08 00:00:00+00:00,2,-2.43,-18.689,-19.049,spread_blowout
1000SHIBUSDT/COTIUSDT,2023-12-06 00:00:00+00:00,2023-12-14 00:00:00+00:00,8,2.59,8.923,8.563,converged
DOGEUSDT/LINKUSDT,2023-12-07 00:00:00+00:00,2023-12-10 00:00:00+00:00,3,3.28,-4.611,-4.971,spread_blowout
AAVEUSDT/ZECUSDT,2023-12-07 00:00:00+00:00,2023-12-14 00:00:00+00:00,7,-2.0,20.423,20.063,converged
1000SHIBUSDT/BTCUSDT,2023-12-08 00:00:00+00:00,2023-12-16 00:00:00+00:00,8,2.79,-15.088,-15.448,spread_blowout
ADAUSDT/SUIUSDT,2023-12-08 00:00:00+00:00,2023-12-11 00:00:00+00:00,3,2.23,-13.926,-14.286,spread_blowout
BTCUSDT/DOGEUSDT,2023-12-08 00:00:00+00:00,2024-01-02 00:00:00+00:00,25,-2.12,14.181,13.821,converged
1000PEPEUSDT/1000SHIBUSDT,2023-12-08 00:00:00+00:00,2023-12-16 00:00:00+00:00,8,-2.25,-48.43,-48.79,spread_blowout
ETHUSDT/LINKUSDT,2023-12-08 00:00:00+00:00,2024-01-07 00:00:00+00:00,30,2.59,-2.296,-2.656,time_stop
LINKUSDT/ZECUSDT,2023-12-08 00:00:00+00:00,2023-12-15 00:00:00+00:00,7,-2.35,36.939,36.579,converged
ADAUSDT/ETHUSDT,2023-12-08 00:00:00+00:00,2023-12-09 00:00:00+00:00,1,3.56,-7.28,-7.64,spread_blowout
ADAUSDT/UNIUSDT,2023-12-08 00:00:00+00:00,2023-12-13 00:00:00+00:00,5,2.46,-24.439,-24.799,spread_blowout
ADAUSDT/BTCUSDT,2023-12-08 00:00:00+00:00,2023-12-09 00:00:00+00:00,1,3.58,-7.263,-7.623,spread_blowout
ADAUSDT/AVAXUSDT,2023-12-09 00:00:00+00:00,2023-12-23 00:00:00+00:00,14,2.59,16.461,16.101,converged
1000PEPEUSDT/ADAUSDT,2023-12-09 00:00:00+00:00,2023-12-13 00:00:00+00:00,4,-2.54,-26.096,-26.456,spread_blowout
COTIUSDT/SUIUSDT,2023-12-09 00:00:00+00:00,2023-12-14 00:00:00+00:00,5,2.05,-12.179,-12.539,spread_blowout
AVAXUSDT/BTCUSDT,2023-12-10 00:00:00+00:00,2023-12-23 00:00:00+00:00,13,2.5,-26.126,-26.486,spread_blowout
AVAXUSDT/ETHUSDT,2023-12-10 00:00:00+00:00,2023-12-15 00:00:00+00:00,5,2.2,-23.766,-24.126,spread_blowout
AVAXUSDT/UNIUSDT,2023-12-10 00:00:00+00:00,2023-12-15 00:00:00+00:00,5,2.19,-27.574,-27.934,spread_blowout
AVAXUSDT/SUIUSDT,2023-12-10 00:00:00+00:00,2023-12-15 00:00:00+00:00,5,2.18,-31.067,-31.427,spread_blowout
ADAUSDT/COTIUSDT,2023-12-11 00:00:00+00:00,2023-12-26 00:00:00+00:00,15,2.07,22.524,22.164,converged
ADAUSDT/DOGEUSDT,2023-12-11 00:00:00+00:00,2023-12-13 00:00:00+00:00,2,2.36,-15.634,-15.994,spread_blowout
DOGEUSDT/LINKUSDT,2023-12-11 00:00:00+00:00,2024-01-10 00:00:00+00:00,30,2.41,13.312,12.952,time_stop
AVAXUSDT/DOGEUSDT,2023-12-11 00:00:00+00:00,2023-12-20 00:00:00+00:00,9,2.56,-20.341,-20.701,spread_blowout
ADAUSDT/ZECUSDT,2023-12-12 00:00:00+00:00,2023-12-13 00:00:00+00:00,1,3.81,-17.156,-17.516,spread_blowout
ADAUSDT/SUIUSDT,2023-12-12 00:00:00+00:00,2023-12-13 00:00:00+00:00,1,2.87,-15.72,-16.08,spread_blowout
1000SHIBUSDT/ADAUSDT,2023-12-12 00:00:00+00:00,2023-12-16 00:00:00+00:00,4,-2.0,17.042,16.682,converged
COTIUSDT/ETHUSDT,2023-12-12 00:00:00+00:00,2023-12-16 00:00:00+00:00,4,2.38,-10.965,-11.325,spread_blowout
BNBUSDT/XRPUSDT,2023-12-12 00:00:00+00:00,2023-12-20 00:00:00+00:00,8,3.26,-2.657,-3.017,spread_blowout
COTIUSDT/UNIUSDT,2023-12-13 00:00:00+00:00,2024-01-12 00:00:00+00:00,30,2.14,13.466,13.106,converged
COTIUSDT/ZECUSDT,2023-12-13 00:00:00+00:00,2023-12-14 00:00:00+00:00,1,3.47,-7.05,-7.41,spread_blowout
COTIUSDT/DOGEUSDT,2023-12-14 00:00:00+00:00,2023-12-26 00:00:00+00:00,12,2.17,-14.236,-14.596,spread_blowout
ADAUSDT/ETHUSDT,2023-12-14 00:00:00+00:00,2023-12-21 00:00:00+00:00,7,3.6,-5.051,-5.411,spread_blowout
ADAUSDT/SUIUSDT,2023-12-14 00:00:00+00:00,2023-12-26 00:00:00+00:00,12,3.41,45.587,45.227,converged
ADAUSDT/DOGEUSDT,2023-12-14 00:00:00+00:00,2024-01-03 00:00:00+00:00,20,2.82,-13.883,-14.243,spread_blowout
AVAXUSDT/WLDUSDT,2023-12-14 00:00:00+00:00,2023-12-16 00:00:00+00:00,2,2.23,67.424,67.064,converged
ADAUSDT/UNIUSDT,2023-12-15 00:00:00+00:00,2023-12-28 00:00:00+00:00,13,2.9,34.731,34.371,converged
1000SHIBUSDT/ZECUSDT,2023-12-15 00:00:00+00:00,2023-12-16 00:00:00+00:00,1,3.67,-16.941,-17.301,spread_blowout
AAVEUSDT/LINKUSDT,2023-12-15 00:00:00+00:00,2023-12-23 00:00:00+00:00,8,3.17,13.961,13.601,converged
COTIUSDT/SUIUSDT,2023-12-15 00:00:00+00:00,2023-12-16 00:00:00+00:00,1,3.64,-3.524,-3.884,spread_blowout
AAVEUSDT/XRPUSDT,2023-12-15 00:00:00+00:00,2024-01-13 00:00:00+00:00,29,2.68,-9.362,-9.722,spread_blowout
LINKUSDT/SOLUSDT,2023-12-15 00:00:00+00:00,2023-12-22 00:00:00+00:00,7,-2.43,-12.351,-12.711,spread_blowout
AVAXUSDT/UNIUSDT,2023-12-16 00:00:00+00:00,2023-12-28 00:00:00+00:00,12,2.83,66.276,65.916,converged
AVAXUSDT/ETHUSDT,2023-12-16 00:00:00+00:00,2024-01-10 00:00:00+00:00,25,2.95,58.169,57.809,converged
AVAXUSDT/SUIUSDT,2023-12-16 00:00:00+00:00,2023-12-26 00:00:00+00:00,10,2.94,74.729,74.369,converged
1000SHIBUSDT/AVAXUSDT,2023-12-16 00:00:00+00:00,2023-12-20 00:00:00+00:00,4,3.06,13.178,12.818,converged
DOGEUSDT/ETHUSDT,2023-12-16 00:00:00+00:00,2023-12-23 00:00:00+00:00,7,2.08,8.11,7.75,converged
1000SHIBUSDT/COTIUSDT,2023-12-16 00:00:00+00:00,2023-12-26 00:00:00+00:00,10,2.96,12.378,12.018,converged
AVAXUSDT/WLDUSDT,2023-12-17 00:00:00+00:00,2023-12-23 00:00:00+00:00,6,-3.01,57.373,57.013,converged
1000SHIBUSDT/BTCUSDT,2023-12-17 00:00:00+00:00,2024-01-07 00:00:00+00:00,21,2.36,17.092,16.732,converged
COTIUSDT/SUIUSDT,2023-12-17 00:00:00+00:00,2023-12-26 00:00:00+00:00,9,3.13,23.301,22.941,converged
1000PEPEUSDT/1000SHIBUSDT,2023-12-17 00:00:00+00:00,2024-01-16 00:00:00+00:00,30,-2.12,7.765,7.405,time_stop
COTIUSDT/ETHUSDT,2023-12-17 00:00:00+00:00,2023-12-26 00:00:00+00:00,9,2.64,-8.853,-9.213,spread_blowout
1000SHIBUSDT/SUIUSDT,2023-12-17 00:00:00+00:00,2023-12-26 00:00:00+00:00,9,2.8,19.37,19.01,converged
1000SHIBUSDT/DOGEUSDT,2023-12-17 00:00:00+00:00,2023-12-23 00:00:00+00:00,6,2.4,-6.851,-7.211,spread_blowout
DOGEUSDT/ZECUSDT,2023-12-17 00:00:00+00:00,2023-12-19 00:00:00+00:00,2,2.39,-9.965,-10.325,spread_blowout
1000SHIBUSDT/ETHUSDT,2023-12-17 00:00:00+00:00,2024-01-07 00:00:00+00:00,21,2.72,14.195,13.835,converged
BTCUSDT/ZECUSDT,2023-12-18 00:00:00+00:00,2023-12-28 00:00:00+00:00,10,2.61,19.72,19.36,converged
1000PEPEUSDT/ZECUSDT,2023-12-19 00:00:00+00:00,2023-12-25 00:00:00+00:00,6,2.32,28.873,28.513,converged
LINKUSDT/ZECUSDT,2023-12-19 00:00:00+00:00,2023-12-25 00:00:00+00:00,6,2.12,32.577,32.217,converged
ETHUSDT/ZECUSDT,2023-12-19 00:00:00+00:00,2023-12-29 00:00:00+00:00,10,3.86,-0.893,-1.253,spread_blowout
SUIUSDT/ZECUSDT,2023-12-20 00:00:00+00:00,2023-12-26 00:00:00+00:00,6,3.08,-15.827,-16.187,spread_blowout
1000PEPEUSDT/BTCUSDT,2023-12-20 00:00:00+00:00,2023-12-22 00:00:00+00:00,2,-2.06,20.797,20.437,converged
DOGEUSDT/ZECUSDT,2023-12-20 00:00:00+00:00,2023-12-28 00:00:00+00:00,8,2.34,18.143,17.783,converged
SUIUSDT/UNIUSDT,2023-12-20 00:00:00+00:00,2023-12-24 00:00:00+00:00,4,2.17,11.027,10.667,converged
AVAXUSDT/DOGEUSDT,2023-12-21 00:00:00+00:00,2024-01-20 00:00:00+00:00,30,2.18,10.575,10.215,time_stop
AAVEUSDT/SOLUSDT,2023-12-22 00:00:00+00:00,2023-12-28 00:00:00+00:00,6,-2.34,15.786,15.426,converged
BTCUSDT/SOLUSDT,2023-12-23 00:00:00+00:00,2024-01-08 00:00:00+00:00,16,-2.44,10.57,10.21,converged
LINKUSDT/SOLUSDT,2023-12-23 00:00:00+00:00,2024-01-22 00:00:00+00:00,30,-3.02,8.101,7.741,time_stop
1000SHIBUSDT/DOGEUSDT,2023-12-24 00:00:00+00:00,2024-01-23 00:00:00+00:00,30,2.53,6.753,6.393,time_stop
ETHUSDT/SOLUSDT,2023-12-24 00:00:00+00:00,2024-01-10 00:00:00+00:00,17,-2.59,15.885,15.525,converged
ETHUSDT/SUIUSDT,2023-12-25 00:00:00+00:00,2023-12-26 00:00:00+00:00,1,-3.09,-7.167,-7.527,spread_blowout
DOGEUSDT/SUIUSDT,2023-12-25 00:00:00+00:00,2024-01-02 00:00:00+00:00,8,-2.09,-12.337,-12.697,spread_blowout
BTCUSDT/COTIUSDT,2023-12-26 00:00:00+00:00,2024-01-03 00:00:00+00:00,8,-2.13,15.182,14.822,converged
ETHUSDT/UNIUSDT,2023-12-26 00:00:00+00:00,2024-01-05 00:00:00+00:00,10,-2.42,11.184,10.824,converged
SUIUSDT/UNIUSDT,2023-12-26 00:00:00+00:00,2023-12-28 00:00:00+00:00,2,2.17,17.018,16.658,converged
COTIUSDT/DOGEUSDT,2023-12-27 00:00:00+00:00,2024-01-20 00:00:00+00:00,24,2.62,20.653,20.293,converged
AAVEUSDT/LINKUSDT,2023-12-28 00:00:00+00:00,2024-01-17 00:00:00+00:00,20,3.35,15.176,14.816,converged
1000PEPEUSDT/AAVEUSDT,2023-12-28 00:00:00+00:00,2024-01-27 00:00:00+00:00,30,-2.24,19.051,18.691,time_stop
DOGEUSDT/UNIUSDT,2023-12-28 00:00:00+00:00,2024-01-27 00:00:00+00:00,30,-2.43,9.752,9.392,time_stop
LINKUSDT/ZECUSDT,2023-12-29 00:00:00+00:00,2024-01-03 00:00:00+00:00,5,2.07,-37.885,-38.245,spread_blowout
ETHUSDT/ZECUSDT,2023-12-30 00:00:00+00:00,2023-12-31 00:00:00+00:00,1,3.08,-9.885,-10.245,spread_blowout
1000PEPEUSDT/ZECUSDT,2023-12-31 00:00:00+00:00,2024-01-03 00:00:00+00:00,3,3.36,-16.19,-16.55,spread_blowout
SOLUSDT/SUIUSDT,2024-01-02 00:00:00+00:00,2024-01-11 00:00:00+00:00,9,-2.09,-47.082,-47.442,spread_blowout
BTCUSDT/LINKUSDT,2024-01-02 00:00:00+00:00,2024-01-19 00:00:00+00:00,17,2.0,10.902,10.542,converged
SUIUSDT/UNIUSDT,2024-01-02 00:00:00+00:00,2024-01-05 00:00:00+00:00,3,2.85,-11.308,-11.668,spread_blowout
ETHUSDT/SUIUSDT,2024-01-02 00:00:00+00:00,2024-01-10 00:00:00+00:00,8,-2.37,13.551,13.191,converged
1000PEPEUSDT/BTCUSDT,2024-01-03 00:00:00+00:00,2024-01-30 00:00:00+00:00,27,-2.19,-16.528,-16.888,spread_blowout
BTCUSDT/DOGEUSDT,2024-01-03 00:00:00+00:00,2024-01-07 00:00:00+00:00,4,2.84,-6.653,-7.013,spread_blowout
1000SHIBUSDT/SUIUSDT,2024-01-03 00:00:00+00:00,2024-01-11 00:00:00+00:00,8,-2.48,-9.755,-10.115,spread_blowout
COTIUSDT/SUIUSDT,2024-01-03 00:00:00+00:00,2024-01-11 00:00:00+00:00,8,-2.59,-22.021,-22.381,spread_blowout
DOGEUSDT/ETHUSDT,2024-01-03 00:00:00+00:00,2024-01-09 00:00:00+00:00,6,-2.0,-10.701,-11.061,spread_blowout
DOGEUSDT/SUIUSDT,2024-01-03 00:00:00+00:00,2024-01-11 00:00:00+00:00,8,-3.14,-14.735,-15.095,spread_blowout
DOGEUSDT/SOLUSDT,2024-01-03 00:00:00+00:00,2024-02-02 00:00:00+00:00,30,-2.59,-4.041,-4.401,time_stop
ADAUSDT/DOGEUSDT,2024-01-04 00:00:00+00:00,2024-02-03 00:00:00+00:00,30,2.16,-1.297,-1.657,time_stop
ADAUSDT/SUIUSDT,2024-01-05 00:00:00+00:00,2024-01-12 00:00:00+00:00,7,-2.28,-32.656,-33.016,spread_blowout
SUIUSDT/UNIUSDT,2024-01-06 00:00:00+00:00,2024-01-11 00:00:00+00:00,5,2.78,-18.512,-18.872,spread_blowout
1000SHIBUSDT/SOLUSDT,2024-01-07 00:00:00+00:00,2024-02-06 00:00:00+00:00,30,-2.18,-4.011,-4.371,time_stop
COTIUSDT/SOLUSDT,2024-01-07 00:00:00+00:00,2024-02-06 00:00:00+00:00,30,-2.06,13.181,12.821,time_stop
BTCUSDT/COTIUSDT,2024-01-07 00:00:00+00:00,2024-02-06 00:00:00+00:00,30,2.18,12.74,12.38,converged
1000SHIBUSDT/BTCUSDT,2024-01-08 00:00:00+00:00,2024-01-20 00:00:00+00:00,12,-2.29,12.255,11.895,converged
BTCUSDT/ETHUSDT,2024-01-08 00:00:00+00:00,2024-01-10 00:00:00+00:00,2,2.17,12.286,11.926,converged
AAVEUSDT/BTCUSDT,2024-01-08 00:00:00+00:00,2024-01-13 00:00:00+00:00,5,-2.27,16.101,15.741,converged
ETHUSDT/LINKUSDT,2024-01-08 00:00:00+00:00,2024-01-13 00:00:00+00:00,5,2.14,-9.354,-9.714,spread_blowout
ETHUSDT/UNIUSDT,2024-01-09 00:00:00+00:00,2024-02-08 00:00:00+00:00,30,2.04,-0.068,-0.428,time_stop
COTIUSDT/ETHUSDT,2024-01-09 00:00:00+00:00,2024-01-19 00:00:00+00:00,10,-2.37,-12.134,-12.494,spread_blowout
SOLUSDT/UNIUSDT,2024-01-09 00:00:00+00:00,2024-02-08 00:00:00+00:00,30,2.25,7.996,7.636,time_stop
AVAXUSDT/COTIUSDT,2024-01-09 00:00:00+00:00,2024-02-06 00:00:00+00:00,28,2.01,45.534,45.174,converged
BTCUSDT/DOGEUSDT,2024-01-09 00:00:00+00:00,2024-02-08 00:00:00+00:00,30,3.9,2.534,2.174,time_stop
ADAUSDT/COTIUSDT,2024-01-09 00:00:00+00:00,2024-02-05 00:00:00+00:00,27,2.06,16.239,15.879,converged
SOLUSDT/WLDUSDT,2024-01-09 00:00:00+00:00,2024-02-08 00:00:00+00:00,30,2.59,-10.69,-11.05,time_stop
1000SHIBUSDT/ETHUSDT,2024-01-10 00:00:00+00:00,2024-02-09 00:00:00+00:00,30,-2.38,-1.906,-2.266,time_stop
ADAUSDT/ETHUSDT,2024-01-10 00:00:00+00:00,2024-02-09 00:00:00+00:00,30,-2.17,4.667,4.307,time_stop
DOGEUSDT/ETHUSDT,2024-01-11 00:00:00+00:00,2024-01-12 00:00:00+00:00,1,-3.84,-1.249,-1.609,spread_blowout
AVAXUSDT/SUIUSDT,2024-01-11 00:00:00+00:00,2024-01-12 00:00:00+00:00,1,-3.04,-23.149,-23.509,spread_blowout
BTCUSDT/SUIUSDT,2024-01-11 00:00:00+00:00,2024-01-12 00:00:00+00:00,1,-2.36,-11.563,-11.923,spread_blowout
ETHUSDT/SOLUSDT,2024-01-11 00:00:00+00:00,2024-01-23 00:00:00+00:00,12,2.62,11.129,10.769,converged
BTCUSDT/ETHUSDT,2024-01-11 00:00:00+00:00,2024-01-13 00:00:00+00:00,2,-2.63,-6.141,-6.501,spread_blowout
ETHUSDT/SUIUSDT,2024-01-12 00:00:00+00:00,2024-01-15 00:00:00+00:00,3,-2.54,-8.161,-8.521,spread_blowout
BTCUSDT/ETHUSDT,2024-01-14 00:00:00+00:00,2024-01-29 00:00:00+00:00,15,-3.13,10.319,9.959,converged
ETHUSDT/SUIUSDT,2024-01-23 00:00:00+00:00,2024-01-26 00:00:00+00:00,3,-3.23,-5.666,-6.026,spread_blowout
1000SHIBUSDT/COTIUSDT,2024-02-05 00:00:00+00:00,2024-02-06 00:00:00+00:00,1,-2.37,-6.17,-6.53,spread_blowout
ADAUSDT/AVAXUSDT,2024-02-19 00:00:00+00:00,2024-03-03 00:00:00+00:00,13,2.08,-9.473,-9.833,spread_blowout
XRPUSDT/ZECUSDT,2024-02-22 00:00:00+00:00,2024-03-11 00:00:00+00:00,18,-2.58,16.74,16.38,converged
1000PEPEUSDT/DOGEUSDT,2024-03-03 00:00:00+00:00,2024-03-08 00:00:00+00:00,5,2.11,-26.072,-26.432,spread_blowout
BTCUSDT/ETHUSDT,2024-03-04 00:00:00+00:00,2024-04-03 00:00:00+00:00,30,2.14,-4.122,-4.482,time_stop
COTIUSDT/UNIUSDT,2024-03-05 00:00:00+00:00,2024-03-19 00:00:00+00:00,14,-2.42,36.655,36.295,converged
1000PEPEUSDT/1000SHIBUSDT,2024-03-05 00:00:00+00:00,2024-03-14 00:00:00+00:00,9,-3.52,60.377,60.017,converged
1000SHIBUSDT/DOGEUSDT,2024-03-06 00:00:00+00:00,2024-03-28 00:00:00+00:00,22,3.91,50.731,50.371,converged
BTCUSDT/COTIUSDT,2024-03-07 00:00:00+00:00,2024-04-06 00:00:00+00:00,30,2.03,-10.014,-10.374,time_stop
BNBUSDT/BTCUSDT,2024-03-13 00:00:00+00:00,2024-04-12 00:00:00+00:00,30,3.06,-2.565,-2.925,time_stop
1000PEPEUSDT/UNIUSDT,2024-03-14 00:00:00+00:00,2024-04-11 00:00:00+00:00,28,2.12,-56.524,-56.884,spread_blowout
BNBUSDT/ETHUSDT,2024-03-14 00:00:00+00:00,2024-03-15 00:00:00+00:00,1,3.35,-8.258,-8.618,spread_blowout
1000PEPEUSDT/DOGEUSDT,2024-03-16 00:00:00+00:00,2024-03-19 00:00:00+00:00,3,3.33,-15.833,-16.193,spread_blowout
BNBUSDT/ETHUSDT,2024-03-16 00:00:00+00:00,2024-03-29 00:00:00+00:00,13,3.38,-6.349,-6.709,spread_blowout
BNBUSDT/UNIUSDT,2024-03-18 00:00:00+00:00,2024-04-10 00:00:00+00:00,23,2.39,-19.742,-20.102,spread_blowout
DOGEUSDT/UNIUSDT,2024-03-24 00:00:00+00:00,2024-04-10 00:00:00+00:00,17,2.28,-27.886,-28.246,spread_blowout
1000PEPEUSDT/DOGEUSDT,2024-03-26 00:00:00+00:00,2024-03-28 00:00:00+00:00,2,-2.1,-53.133,-53.493,spread_blowout
DOGEUSDT/ETHUSDT,2024-03-27 00:00:00+00:00,2024-04-26 00:00:00+00:00,30,2.41,9.208,8.848,time_stop
1000SHIBUSDT/DOGEUSDT,2024-03-29 00:00:00+00:00,2024-04-24 00:00:00+00:00,26,-3.43,37.066,36.706,converged
AVAXUSDT/SOLUSDT,2024-03-30 00:00:00+00:00,2024-04-03 00:00:00+00:00,4,-2.0,-10.851,-11.211,spread_blowout
1000PEPEUSDT/DOGEUSDT,2024-03-30 00:00:00+00:00,2024-04-23 00:00:00+00:00,24,-2.26,53.018,52.658,converged
AAVEUSDT/XRPUSDT,2024-04-01 00:00:00+00:00,2024-04-22 00:00:00+00:00,21,2.3,13.34,12.98,converged
ADAUSDT/BTCUSDT,2024-04-01 00:00:00+00:00,2024-04-12 00:00:00+00:00,11,-2.36,-18.862,-19.222,spread_blowout
ADAUSDT/UNIUSDT,2024-04-02 00:00:00+00:00,2024-05-02 00:00:00+00:00,30,-2.21,-5.766,-6.126,time_stop
ADAUSDT/ETHUSDT,2024-04-02 00:00:00+00:00,2024-04-12 00:00:00+00:00,10,-2.3,-13.586,-13.946,spread_blowout
ADAUSDT/COTIUSDT,2024-04-03 00:00:00+00:00,2024-04-13 00:00:00+00:00,10,-2.07,-13.589,-13.949,spread_blowout
AVAXUSDT/BNBUSDT,2024-04-04 00:00:00+00:00,2024-04-12 00:00:00+00:00,8,-2.09,-18.065,-18.425,spread_blowout
BTCUSDT/ETHUSDT,2024-04-04 00:00:00+00:00,2024-05-04 00:00:00+00:00,30,2.11,0.075,-0.285,time_stop
BNBUSDT/ETHUSDT,2024-04-04 00:00:00+00:00,2024-05-04 00:00:00+00:00,30,2.09,-8.332,-8.692,time_stop
AVAXUSDT/SOLUSDT,2024-04-04 00:00:00+00:00,2024-04-13 00:00:00+00:00,9,-3.06,-12.339,-12.699,spread_blowout
ETHUSDT/ZECUSDT,2024-04-10 00:00:00+00:00,2024-04-13 00:00:00+00:00,3,2.06,-14.574,-14.934,spread_blowout
AAVEUSDT/ZECUSDT,2024-04-10 00:00:00+00:00,2024-04-13 00:00:00+00:00,3,2.47,19.5,19.14,converged
BTCUSDT/UNIUSDT,2024-04-10 00:00:00+00:00,2024-04-12 00:00:00+00:00,2,2.87,-9.5,-9.86,spread_blowout
ETHUSDT/UNIUSDT,2024-04-10 00:00:00+00:00,2024-04-28 00:00:00+00:00,18,2.73,-5.77,-6.13,spread_blowout
AAVEUSDT/UNIUSDT,2024-04-10 00:00:00+00:00,2024-04-12 00:00:00+00:00,2,2.22,15.024,14.664,converged
BTCUSDT/COTIUSDT,2024-04-11 00:00:00+00:00,2024-05-11 00:00:00+00:00,30,2.02,4.231,3.871,time_stop
1000SHIBUSDT/UNIUSDT,2024-04-11 00:00:00+00:00,2024-05-11 00:00:00+00:00,30,2.28,-21.182,-21.542,time_stop
1000PEPEUSDT/UNIUSDT,2024-04-12 00:00:00+00:00,2024-04-30 00:00:00+00:00,18,3.07,-44.401,-44.761,spread_blowout
1000PEPEUSDT/AAVEUSDT,2024-04-12 00:00:00+00:00,2024-04-13 00:00:00+00:00,1,3.84,-95.027,-95.387,spread_blowout
AAVEUSDT/DOGEUSDT,2024-04-12 00:00:00+00:00,2024-04-13 00:00:00+00:00,1,-3.54,-14.021,-14.381,spread_blowout
1000SHIBUSDT/AAVEUSDT,2024-04-12 00:00:00+00:00,2024-04-13 00:00:00+00:00,1,3.2,-48.661,-49.021,spread_blowout
BNBUSDT/SOLUSDT,2024-04-12 00:00:00+00:00,2024-04-25 00:00:00+00:00,13,2.81,-8.26,-8.62,spread_blowout
ETHUSDT/XRPUSDT,2024-04-12 00:00:00+00:00,2024-04-13 00:00:00+00:00,1,2.27,-19.662,-20.022,spread_blowout
WLDUSDT/ZECUSDT,2024-04-12 00:00:00+00:00,2024-05-12 00:00:00+00:00,30,2.01,-20.829,-21.189,time_stop
AAVEUSDT/BNBUSDT,2024-04-12 00:00:00+00:00,2024-04-13 00:00:00+00:00,1,-3.86,-15.262,-15.622,spread_blowout
COTIUSDT/UNIUSDT,2024-04-12 00:00:00+00:00,2024-05-12 00:00:00+00:00,30,2.01,-8.16,-8.52,time_stop
BTCUSDT/UNIUSDT,2024-04-13 00:00:00+00:00,2024-05-13 00:00:00+00:00,30,3.94,2.461,2.101,time_stop
BTCUSDT/WLDUSDT,2024-04-13 00:00:00+00:00,2024-05-13 00:00:00+00:00,30,2.06,9.829,9.469,time_stop
AAVEUSDT/ETHUSDT,2024-04-14 00:00:00+00:00,2024-05-14 00:00:00+00:00,30,-3.29,-1.827,-2.187,time_stop
ETHUSDT/ZECUSDT,2024-04-14 00:00:00+00:00,2024-05-14 00:00:00+00:00,30,3.02,9.031,8.671,time_stop
1000SHIBUSDT/AAVEUSDT,2024-04-14 00:00:00+00:00,2024-04-15 00:00:00+00:00,1,3.98,-7.908,-8.268,spread_blowout
AVAXUSDT/SOLUSDT,2024-04-14 00:00:00+00:00,2024-05-02 00:00:00+00:00,18,-3.36,-4.306,-4.666,spread_blowout
ADAUSDT/ZECUSDT,2024-04-25 00:00:00+00:00,2024-05-24 00:00:00+00:00,29,-2.07,-16.31,-16.67,spread_blowout
BNBUSDT/DOGEUSDT,2024-04-25 00:00:00+00:00,2024-05-25 00:00:00+00:00,30,2.0,11.391,11.031,time_stop
BNBUSDT/SOLUSDT,2024-04-26 00:00:00+00:00,2024-05-20 00:00:00+00:00,24,2.58,29.118,28.758,converged
BNBUSDT/BTCUSDT,2024-04-30 00:00:00+00:00,2024-05-20 00:00:00+00:00,20,2.01,20.29,19.93,converged
1000PEPEUSDT/DOGEUSDT,2024-04-30 00:00:00+00:00,2024-05-30 00:00:00+00:00,30,2.27,-32.476,-32.836,time_stop
1000PEPEUSDT/BTCUSDT,2024-04-30 00:00:00+00:00,2024-05-30 00:00:00+00:00,30,2.21,-13.534,-13.894,time_stop
1000SATSUSDT/ADAUSDT,2024-05-01 00:00:00+00:00,2024-05-28 00:00:00+00:00,27,-2.01,18.611,18.251,converged
1000RATSUSDT/ADAUSDT,2024-05-02 00:00:00+00:00,2024-05-28 00:00:00+00:00,26,-2.02,25.646,25.286,converged
1000PEPEUSDT/1000SHIBUSDT,2024-05-02 00:00:00+00:00,2024-05-21 00:00:00+00:00,19,2.1,-37.759,-38.119,spread_blowout
1000SATSUSDT/LINKUSDT,2024-05-16 00:00:00+00:00,2024-05-17 00:00:00+00:00,1,-3.95,-3.18,-3.54,spread_blowout
1000RATSUSDT/LINKUSDT,2024-05-16 00:00:00+00:00,2024-05-24 00:00:00+00:00,8,-2.58,-29.198,-29.558,spread_blowout
ADAUSDT/LINKUSDT,2024-05-16 00:00:00+00:00,2024-05-23 00:00:00+00:00,7,-2.63,-6.411,-6.771,spread_blowout
1000SATSUSDT/LINKUSDT,2024-05-18 00:00:00+00:00,2024-05-19 00:00:00+00:00,1,-3.58,-6.462,-6.822,spread_blowout
LINKUSDT/ZECUSDT,2024-05-19 00:00:00+00:00,2024-05-24 00:00:00+00:00,5,2.18,13.354,12.994,converged
AAVEUSDT/ETHUSDT,2024-05-20 00:00:00+00:00,2024-05-21 00:00:00+00:00,1,-3.73,-7.197,-7.557,spread_blowout
BTCUSDT/DOGEUSDT,2024-05-20 00:00:00+00:00,2024-06-19 00:00:00+00:00,30,2.5,-1.184,-1.544,time_stop
1000SATSUSDT/LINKUSDT,2024-05-20 00:00:00+00:00,2024-05-24 00:00:00+00:00,4,-3.93,-5.891,-6.251,spread_blowout
1000RATSUSDT/UNIUSDT,2024-05-21 00:00:00+00:00,2024-05-25 00:00:00+00:00,4,-2.35,-32.772,-33.132,spread_blowout
ADAUSDT/UNIUSDT,2024-05-21 00:00:00+00:00,2024-05-24 00:00:00+00:00,3,-2.15,-11.154,-11.514,spread_blowout
1000SATSUSDT/UNIUSDT,2024-05-21 00:00:00+00:00,2024-05-25 00:00:00+00:00,4,-2.12,-27.347,-27.707,spread_blowout
1000RATSUSDT/ZECUSDT,2024-05-23 00:00:00+00:00,2024-05-24 00:00:00+00:00,1,-2.59,-28.366,-28.726,spread_blowout
1000SATSUSDT/ZECUSDT,2024-05-23 00:00:00+00:00,2024-05-24 00:00:00+00:00,1,-2.66,-17.941,-18.301,spread_blowout
UNIUSDT/WLDUSDT,2024-05-23 00:00:00+00:00,2024-05-25 00:00:00+00:00,2,2.07,-21.723,-22.083,spread_blowout
COTIUSDT/ZECUSDT,2024-05-24 00:00:00+00:00,2024-06-23 00:00:00+00:00,30,-2.67,19.434,19.074,time_stop
1000RATSUSDT/AAVEUSDT,2024-05-24 00:00:00+00:00,2024-06-23 00:00:00+00:00,30,-2.0,31.135,30.775,time_stop
COTIUSDT/LINKUSDT,2024-05-24 00:00:00+00:00,2024-05-27 00:00:00+00:00,3,-2.7,-12.988,-13.348,spread_blowout
COTIUSDT/UNIUSDT,2024-05-24 00:00:00+00:00,2024-06-14 00:00:00+00:00,21,-2.2,-21.8,-22.16,spread_blowout
XRPUSDT/ZECUSDT,2024-05-24 00:00:00+00:00,2024-06-17 00:00:00+00:00,24,-2.52,8.736,8.376,converged
AAVEUSDT/ADAUSDT,2024-05-25 00:00:00+00:00,2024-06-24 00:00:00+00:00,30,2.46,2.604,2.244,time_stop
ADAUSDT/LINKUSDT,2024-05-25 00:00:00+00:00,2024-05-27 00:00:00+00:00,2,-3.99,-7.428,-7.788,spread_blowout
UNIUSDT/ZECUSDT,2024-05-25 00:00:00+00:00,2024-05-31 00:00:00+00:00,6,2.05,13.398,13.038,converged
UNIUSDT/XRPUSDT,2024-05-25 00:00:00+00:00,2024-06-10 00:00:00+00:00,16,2.77,-12.153,-12.513,spread_blowout
1000RATSUSDT/LINKUSDT,2024-05-25 00:00:00+00:00,2024-06-19 00:00:00+00:00,25,-3.21,-17.204,-17.564,spread_blowout
1000SATSUSDT/AAVEUSDT,2024-05-25 00:00:00+00:00,2024-06-19 00:00:00+00:00,25,-2.42,-23.396,-23.756,spread_blowout
1000SATSUSDT/ZECUSDT,2024-05-25 00:00:00+00:00,2024-06-24 00:00:00+00:00,30,-3.19,8.974,8.614,time_stop
1000SATSUSDT/LINKUSDT,2024-05-25 00:00:00+00:00,2024-05-27 00:00:00+00:00,2,-3.49,-7.612,-7.972,spread_blowout
1000RATSUSDT/ZECUSDT,2024-05-25 00:00:00+00:00,2024-06-08 00:00:00+00:00,14,-3.09,52.992,52.632,converged
AAVEUSDT/AVAXUSDT,2024-05-26 00:00:00+00:00,2024-06-25 00:00:00+00:00,30,2.17,-14.096,-14.456,spread_blowout
ADAUSDT/ZECUSDT,2024-05-26 00:00:00+00:00,2024-05-29 00:00:00+00:00,3,-3.57,-2.945,-3.305,spread_blowout
AAVEUSDT/XRPUSDT,2024-05-26 00:00:00+00:00,2024-06-17 00:00:00+00:00,22,3.42,17.518,17.158,converged
1000RATSUSDT/UNIUSDT,2024-05-26 00:00:00+00:00,2024-06-13 00:00:00+00:00,18,-3.5,-12.035,-12.395,spread_blowout
LINKUSDT/ZECUSDT,2024-05-27 00:00:00+00:00,2024-06-26 00:00:00+00:00,30,2.29,0.053,-0.307,time_stop
1000SATSUSDT/UNIUSDT,2024-05-27 00:00:00+00:00,2024-06-12 00:00:00+00:00,16,-3.04,-13.232,-13.592,spread_blowout
LINKUSDT/XRPUSDT,2024-05-27 00:00:00+00:00,2024-06-26 00:00:00+00:00,30,3.31,11.535,11.175,time_stop
COTIUSDT/LINKUSDT,2024-05-28 00:00:00+00:00,2024-05-29 00:00:00+00:00,1,-3.75,-2.459,-2.819,spread_blowout
1000SATSUSDT/LINKUSDT,2024-05-28 00:00:00+00:00,2024-06-19 00:00:00+00:00,22,-3.27,-11.064,-11.424,spread_blowout
ADAUSDT/UNIUSDT,2024-05-28 00:00:00+00:00,2024-06-04 00:00:00+00:00,7,-3.82,-1.38,-1.74,spread_blowout
1000RATSUSDT/ADAUSDT,2024-05-30 00:00:00+00:00,2024-06-14 00:00:00+00:00,15,3.61,34.335,33.975,converged
ADAUSDT/ZECUSDT,2024-05-30 00:00:00+00:00,2024-06-29 00:00:00+00:00,30,-3.2,18.214,17.854,time_stop
COTIUSDT/LINKUSDT,2024-05-30 00:00:00+00:00,2024-06-29 00:00:00+00:00,30,-3.13,7.582,7.222,time_stop
1000SATSUSDT/ADAUSDT,2024-05-31 00:00:00+00:00,2024-06-10 00:00:00+00:00,10,2.74,18.358,17.998,converged
LINKUSDT/UNIUSDT,2024-05-31 00:00:00+00:00,2024-06-04 00:00:00+00:00,4,2.14,11.929,11.569,converged
ADAUSDT/COTIUSDT,2024-06-03 00:00:00+00:00,2024-06-17 00:00:00+00:00,14,-2.45,11.864,11.504,converged
1000SHIBUSDT/ZECUSDT,2024-06-04 00:00:00+00:00,2024-06-18 00:00:00+00:00,14,-2.38,-7.899,-8.259,spread_blowout
AAVEUSDT/UNIUSDT,2024-06-04 00:00:00+00:00,2024-06-10 00:00:00+00:00,6,-2.84,-5.665,-6.025,spread_blowout
UNIUSDT/ZECUSDT,2024-06-05 00:00:00+00:00,2024-06-08 00:00:00+00:00,3,2.01,-13.457,-13.817,spread_blowout
COTIUSDT/XRPUSDT,2024-06-07 00:00:00+00:00,2024-06-15 00:00:00+00:00,8,2.01,16.244,15.884,converged
1000RATSUSDT/XRPUSDT,2024-06-08 00:00:00+00:00,2024-06-14 00:00:00+00:00,6,2.03,25.235,24.875,converged
1000RATSUSDT/1000SATSUSDT,2024-06-08 00:00:00+00:00,2024-06-18 00:00:00+00:00,10,2.41,10.112,9.752,converged
UNIUSDT/ZECUSDT,2024-06-09 00:00:00+00:00,2024-06-13 00:00:00+00:00,4,2.57,-10.591,-10.951,spread_blowout
AAVEUSDT/UNIUSDT,2024-06-11 00:00:00+00:00,2024-06-13 00:00:00+00:00,2,-2.13,-13.191,-13.551,spread_blowout
LINKUSDT/UNIUSDT,2024-06-13 00:00:00+00:00,2024-06-15 00:00:00+00:00,2,-2.66,-9.075,-9.435,spread_blowout
UNIUSDT/ZECUSDT,2024-06-14 00:00:00+00:00,2024-06-15 00:00:00+00:00,1,3.75,-10.655,-11.015,spread_blowout
1000SATSUSDT/COTIUSDT,2024-06-14 00:00:00+00:00,2024-07-10 00:00:00+00:00,26,-2.13,25.109,24.749,converged
WLDUSDT/XRPUSDT,2024-06-15 00:00:00+00:00,2024-06-17 00:00:00+00:00,2,-2.64,-18.453,-18.813,spread_blowout
LINKUSDT/UNIUSDT,2024-06-16 00:00:00+00:00,2024-06-23 00:00:00+00:00,7,-3.84,-2.467,-2.827,spread_blowout
1000SATSUSDT/ADAUSDT,2024-06-17 00:00:00+00:00,2024-07-02 00:00:00+00:00,15,-2.55,-11.085,-11.445,spread_blowout
1000SATSUSDT/SUIUSDT,2024-06-17 00:00:00+00:00,2024-07-07 00:00:00+00:00,20,-2.01,23.084,22.724,converged
AVAXUSDT/XRPUSDT,2024-06-17 00:00:00+00:00,2024-06-18 00:00:00+00:00,1,-3.8,-0.926,-1.286,spread_blowout
COTIUSDT/XRPUSDT,2024-06-17 00:00:00+00:00,2024-07-07 00:00:00+00:00,20,-2.66,17.154,16.794,converged
1000RATSUSDT/XRPUSDT,2024-06-17 00:00:00+00:00,2024-06-18 00:00:00+00:00,1,-3.46,-11.159,-11.519,spread_blowout
ADAUSDT/XRPUSDT,2024-06-17 00:00:00+00:00,2024-07-02 00:00:00+00:00,15,-2.88,10.565,10.205,converged
ADAUSDT/WLDUSDT,2024-06-17 00:00:00+00:00,2024-07-01 00:00:00+00:00,14,2.2,-16.365,-16.725,spread_blowout
1000RATSUSDT/SUIUSDT,2024-06-18 00:00:00+00:00,2024-06-22 00:00:00+00:00,4,-2.07,32.215,31.855,converged
1000SATSUSDT/XRPUSDT,2024-06-18 00:00:00+00:00,2024-06-19 00:00:00+00:00,1,-3.94,-4.418,-4.778,spread_blowout
1000RATSUSDT/ADAUSDT,2024-06-18 00:00:00+00:00,2024-06-22 00:00:00+00:00,4,-2.79,45.558,45.198,converged
WLDUSDT/XRPUSDT,2024-06-18 00:00:00+00:00,2024-06-19 00:00:00+00:00,1,-3.92,-2.252,-2.612,spread_blowout
AVAXUSDT/XRPUSDT,2024-06-19 00:00:00+00:00,2024-06-22 00:00:00+00:00,3,-3.58,-2.174,-2.534,spread_blowout
AAVEUSDT/COTIUSDT,2024-06-19 00:00:00+00:00,2024-06-26 00:00:00+00:00,7,2.68,-8.262,-8.622,spread_blowout
1000RATSUSDT/COTIUSDT,2024-06-19 00:00:00+00:00,2024-06-22 00:00:00+00:00,3,-2.27,52.243,51.883,converged
AAVEUSDT/ZECUSDT,2024-06-19 00:00:00+00:00,2024-06-25 00:00:00+00:00,6,3.25,-4.683,-5.043,spread_blowout
1000RATSUSDT/AVAXUSDT,2024-06-19 00:00:00+00:00,2024-06-22 00:00:00+00:00,3,-2.16,57.54,57.18,converged
1000RATSUSDT/XRPUSDT,2024-06-19 00:00:00+00:00,2024-06-23 00:00:00+00:00,4,-4.0,56.488,56.128,converged
1000SATSUSDT/AVAXUSDT,2024-06-20 00:00:00+00:00,2024-06-22 00:00:00+00:00,2,-2.02,25.028,24.668,converged
1000SATSUSDT/AAVEUSDT,2024-06-20 00:00:00+00:00,2024-06-25 00:00:00+00:00,5,-3.32,-13.219,-13.579,spread_blowout
1000SATSUSDT/XRPUSDT,2024-06-20 00:00:00+00:00,2024-07-07 00:00:00+00:00,17,-3.19,46.132,45.772,converged
ADAUSDT/SUIUSDT,2024-06-21 00:00:00+00:00,2024-06-27 00:00:00+00:00,6,-2.25,9.771,9.411,converged
1000SHIBUSDT/COTIUSDT,2024-06-21 00:00:00+00:00,2024-07-04 00:00:00+00:00,13,-2.54,-10.041,-10.401,spread_blowout
1000RATSUSDT/DOGEUSDT,2024-06-22 00:00:00+00:00,2024-06-28 00:00:00+00:00,6,2.16,-25.774,-26.134,spread_blowout
ADAUSDT/AVAXUSDT,2024-06-22 00:00:00+00:00,2024-06-30 00:00:00+00:00,8,2.58,8.637,8.277,converged
AVAXUSDT/SUIUSDT,2024-06-22 00:00:00+00:00,2024-06-28 00:00:00+00:00,6,-2.27,17.595,17.235,converged
1000RATSUSDT/1000SHIBUSDT,2024-06-22 00:00:00+00:00,2024-06-24 00:00:00+00:00,2,3.63,-6.595,-6.955,spread_blowout
AVAXUSDT/XRPUSDT,2024-06-23 00:00:00+00:00,2024-06-30 00:00:00+00:00,7,-2.96,17.445,17.085,converged
1000RATSUSDT/COTIUSDT,2024-06-23 00:00:00+00:00,2024-06-29 00:00:00+00:00,6,2.03,-38.326,-38.686,spread_blowout
1000RATSUSDT/AVAXUSDT,2024-06-23 00:00:00+00:00,2024-06-26 00:00:00+00:00,3,3.02,-19.91,-20.27,spread_blowout
AVAXUSDT/COTIUSDT,2024-06-24 00:00:00+00:00,2024-06-28 00:00:00+00:00,4,-2.03,14.24,13.88,converged
1000SHIBUSDT/DOGEUSDT,2024-06-24 00:00:00+00:00,2024-07-24 00:00:00+00:00,30,-2.01,-7.774,-8.134,time_stop
AAVEUSDT/XRPUSDT,2024-06-25 00:00:00+00:00,2024-07-10 00:00:00+00:00,15,2.27,-12.808,-13.168,spread_blowout
1000RATSUSDT/ADAUSDT,2024-06-26 00:00:00+00:00,2024-06-29 00:00:00+00:00,3,3.47,-10.051,-10.411,spread_blowout
AAVEUSDT/ZECUSDT,2024-06-26 00:00:00+00:00,2024-07-09 00:00:00+00:00,13,3.62,24.761,24.401,converged
1000SATSUSDT/1000SHIBUSDT,2024-06-27 00:00:00+00:00,2024-07-06 00:00:00+00:00,9,2.4,41.791,41.431,converged
COTIUSDT/SOLUSDT,2024-06-27 00:00:00+00:00,2024-07-15 00:00:00+00:00,18,-2.74,-9.789,-10.149,spread_blowout
1000SHIBUSDT/AVAXUSDT,2024-06-27 00:00:00+00:00,2024-07-04 00:00:00+00:00,7,-2.4,-8.834,-9.194,spread_blowout
AVAXUSDT/WLDUSDT,2024-06-30 00:00:00+00:00,2024-07-21 00:00:00+00:00,21,2.83,-8.208,-8.568,spread_blowout
1000RATSUSDT/1000SATSUSDT,2024-06-30 00:00:00+00:00,2024-07-10 00:00:00+00:00,10,3.25,43.109,42.749,converged
1000SATSUSDT/ADAUSDT,2024-07-03 00:00:00+00:00,2024-07-07 00:00:00+00:00,4,-2.36,31.492,31.132,converged
ADAUSDT/AVAXUSDT,2024-07-03 00:00:00+00:00,2024-07-05 00:00:00+00:00,2,2.51,11.414,11.054,converged
1000SATSUSDT/AVAXUSDT,2024-07-05 00:00:00+00:00,2024-07-06 00:00:00+00:00,1,-3.84,-4.308,-4.668,spread_blowout
1000SHIBUSDT/AVAXUSDT,2024-07-05 00:00:00+00:00,2024-07-15 00:00:00+00:00,10,-2.21,15.835,15.475,converged
AVAXUSDT/DOGEUSDT,2024-07-05 00:00:00+00:00,2024-07-15 00:00:00+00:00,10,2.14,9.384,9.024,converged
1000SHIBUSDT/WLDUSDT,2024-07-06 00:00:00+00:00,2024-07-17 00:00:00+00:00,11,2.01,12.465,12.105,converged
AVAXUSDT/XRPUSDT,2024-07-07 00:00:00+00:00,2024-07-11 00:00:00+00:00,4,2.31,16.653,16.293,converged
1000SATSUSDT/DOGEUSDT,2024-07-07 00:00:00+00:00,2024-07-12 00:00:00+00:00,5,2.58,-22.356,-22.716,spread_blowout
ADAUSDT/AVAXUSDT,2024-07-07 00:00:00+00:00,2024-07-08 00:00:00+00:00,1,-2.4,7.692,7.332,converged
COTIUSDT/ZECUSDT,2024-07-08 00:00:00+00:00,2024-07-09 00:00:00+00:00,1,-2.65,-12.968,-13.328,spread_blowout
1000SATSUSDT/1000SHIBUSDT,2024-07-10 00:00:00+00:00,2024-07-17 00:00:00+00:00,7,2.45,-20.224,-20.584,spread_blowout
1000SATSUSDT/AVAXUSDT,2024-07-10 00:00:00+00:00,2024-07-16 00:00:00+00:00,6,2.01,-22.018,-22.378,spread_blowout
1000SATSUSDT/WLDUSDT,2024-07-10 00:00:00+00:00,2024-07-12 00:00:00+00:00,2,2.67,-18.175,-18.535,spread_blowout
ADAUSDT/DOGEUSDT,2024-07-11 00:00:00+00:00,2024-07-13 00:00:00+00:00,2,2.42,-7.55,-7.91,spread_blowout
ADAUSDT/AVAXUSDT,2024-07-11 00:00:00+00:00,2024-07-13 00:00:00+00:00,2,2.45,-9.296,-9.656,spread_blowout
1000SHIBUSDT/ADAUSDT,2024-07-11 00:00:00+00:00,2024-07-13 00:00:00+00:00,2,-2.24,-13.351,-13.711,spread_blowout
1000SATSUSDT/COTIUSDT,2024-07-11 00:00:00+00:00,2024-07-23 00:00:00+00:00,12,2.11,21.772,21.412,converged
ADAUSDT/SUIUSDT,2024-07-12 00:00:00+00:00,2024-08-05 00:00:00+00:00,24,2.44,13.095,12.735,converged
ADAUSDT/COTIUSDT,2024-07-12 00:00:00+00:00,2024-07-13 00:00:00+00:00,1,2.64,-5.644,-6.004,spread_blowout
1000SATSUSDT/ADAUSDT,2024-07-13 00:00:00+00:00,2024-07-16 00:00:00+00:00,3,-3.26,40.773,40.413,converged
1000SHIBUSDT/ADAUSDT,2024-07-14 00:00:00+00:00,2024-08-05 00:00:00+00:00,22,-2.85,28.851,28.491,converged
ADAUSDT/AVAXUSDT,2024-07-14 00:00:00+00:00,2024-07-22 00:00:00+00:00,8,3.38,12.606,12.246,converged
1000SATSUSDT/DOGEUSDT,2024-07-15 00:00:00+00:00,2024-07-25 00:00:00+00:00,10,2.47,-16.595,-16.955,spread_blowout
1000SATSUSDT/AVAXUSDT,2024-07-17 00:00:00+00:00,2024-07-25 00:00:00+00:00,8,3.9,-5.961,-6.321,spread_blowout
ETHUSDT/UNIUSDT,2024-07-18 00:00:00+00:00,2024-08-04 00:00:00+00:00,17,2.36,10.806,10.446,converged
AVAXUSDT/COTIUSDT,2024-07-19 00:00:00+00:00,2024-07-21 00:00:00+00:00,2,-2.1,12.003,11.643,converged
COTIUSDT/DOGEUSDT,2024-07-19 00:00:00+00:00,2024-07-20 00:00:00+00:00,1,2.21,9.207,8.847,converged
1000SHIBUSDT/COTIUSDT,2024-07-19 00:00:00+00:00,2024-07-23 00:00:00+00:00,4,-2.96,-11.92,-12.28,spread_blowout
1000SHIBUSDT/AVAXUSDT,2024-07-21 00:00:00+00:00,2024-08-05 00:00:00+00:00,15,-3.62,27.351,26.991,converged
COTIUSDT/WLDUSDT,2024-07-21 00:00:00+00:00,2024-07-25 00:00:00+00:00,4,2.06,-15.43,-15.79,spread_blowout
DOGEUSDT/WLDUSDT,2024-07-21 00:00:00+00:00,2024-08-04 00:00:00+00:00,14,2.41,14.606,14.246,converged
COTIUSDT/DOGEUSDT,2024-07-23 00:00:00+00:00,2024-07-25 00:00:00+00:00,2,2.86,-7.643,-8.003,spread_blowout
AVAXUSDT/COTIUSDT,2024-07-23 00:00:00+00:00,2024-07-25 00:00:00+00:00,2,-2.11,-11.244,-11.604,spread_blowout
1000SHIBUSDT/COTIUSDT,2024-07-24 00:00:00+00:00,2024-07-25 00:00:00+00:00,1,-3.91,-7.913,-8.273,spread_blowout
1000SATSUSDT/ADAUSDT,2024-07-24 00:00:00+00:00,2024-07-25 00:00:00+00:00,1,3.26,-13.928,-14.288,spread_blowout
1000SHIBUSDT/DOGEUSDT,2024-07-25 00:00:00+00:00,2024-08-05 00:00:00+00:00,11,-2.13,12.902,12.542,converged
AVAXUSDT/COTIUSDT,2024-07-26 00:00:00+00:00,2024-08-17 00:00:00+00:00,22,-3.17,-9.858,-10.218,spread_blowout
COTIUSDT/DOGEUSDT,2024-07-26 00:00:00+00:00,2024-08-11 00:00:00+00:00,16,2.55,12.857,12.497,converged
SUIUSDT/WLDUSDT,2024-08-02 00:00:00+00:00,2024-08-05 00:00:00+00:00,3,-2.29,-10.616,-10.976,spread_blowout
1000SHIBUSDT/SUIUSDT,2024-08-05 00:00:00+00:00,2024-08-07 00:00:00+00:00,2,2.15,17.898,17.538,converged
1000PEPEUSDT/ETHUSDT,2024-08-06 00:00:00+00:00,2024-09-05 00:00:00+00:00,30,2.41,1.611,1.251,time_stop
SUIUSDT/WLDUSDT,2024-08-08 00:00:00+00:00,2024-08-10 00:00:00+00:00,2,2.95,-10.036,-10.396,spread_blowout
AVAXUSDT/SUIUSDT,2024-08-08 00:00:00+00:00,2024-08-09 00:00:00+00:00,1,-3.65,-4.818,-5.178,spread_blowout
DOGEUSDT/SUIUSDT,2024-08-08 00:00:00+00:00,2024-08-10 00:00:00+00:00,2,-3.21,-8.075,-8.435,spread_blowout
SUIUSDT/WLDUSDT,2024-08-11 00:00:00+00:00,2024-08-12 00:00:00+00:00,1,3.55,-12.367,-12.727,spread_blowout
AVAXUSDT/DOGEUSDT,2024-08-12 00:00:00+00:00,2024-08-21 00:00:00+00:00,9,-2.3,11.912,11.552,converged
COTIUSDT/DOGEUSDT,2024-08-17 00:00:00+00:00,2024-09-11 00:00:00+00:00,25,2.65,-9.448,-9.808,spread_blowout
1000SHIBUSDT/COTIUSDT,2024-08-17 00:00:00+00:00,2024-09-13 00:00:00+00:00,27,-2.23,-17.989,-18.349,spread_blowout
AVAXUSDT/COTIUSDT,2024-08-18 00:00:00+00:00,2024-08-26 00:00:00+00:00,8,-2.15,16.399,16.039,converged
BNBUSDT/BTCUSDT,2024-08-20 00:00:00+00:00,2024-08-25 00:00:00+00:00,5,2.22,8.598,8.238,converged
ETHUSDT/UNIUSDT,2024-08-21 00:00:00+00:00,2024-09-20 00:00:00+00:00,30,-2.2,-0.294,-0.654,time_stop
ADAUSDT/ETHUSDT,2024-08-21 00:00:00+00:00,2024-09-20 00:00:00+00:00,30,2.06,2.56,2.2,time_stop
ONDOUSDT/UNIUSDT,2024-08-21 00:00:00+00:00,2024-09-17 00:00:00+00:00,27,-2.85,-11.032,-11.392,spread_blowout
ETHUSDT/LINKUSDT,2024-08-21 00:00:00+00:00,2024-08-27 00:00:00+00:00,6,-2.17,-6.424,-6.784,spread_blowout
AVAXUSDT/ETHUSDT,2024-08-22 00:00:00+00:00,2024-09-08 00:00:00+00:00,17,2.78,-8.773,-9.133,spread_blowout
AVAXUSDT/DOGEUSDT,2024-08-22 00:00:00+00:00,2024-09-20 00:00:00+00:00,29,2.13,-9.041,-9.401,spread_blowout
1000SHIBUSDT/AVAXUSDT,2024-08-22 00:00:00+00:00,2024-09-21 00:00:00+00:00,30,-2.35,-4.469,-4.829,time_stop
AVAXUSDT/LINKUSDT,2024-08-22 00:00:00+00:00,2024-09-19 00:00:00+00:00,28,2.04,-7.961,-8.321,spread_blowout
1000PEPEUSDT/AVAXUSDT,2024-08-22 00:00:00+00:00,2024-09-21 00:00:00+00:00,30,-2.6,-6.127,-6.487,time_stop
BTCUSDT/DOGEUSDT,2024-08-25 00:00:00+00:00,2024-09-05 00:00:00+00:00,11,2.17,8.889,8.529,converged
LINKUSDT/ONDOUSDT,2024-08-26 00:00:00+00:00,2024-09-25 00:00:00+00:00,30,2.22,4.718,4.358,time_stop
ETHUSDT/LINKUSDT,2024-08-28 00:00:00+00:00,2024-09-27 00:00:00+00:00,30,-2.37,-3.488,-3.848,time_stop
BTCUSDT/COTIUSDT,2024-09-06 00:00:00+00:00,2024-09-11 00:00:00+00:00,5,-2.4,-4.348,-4.708,spread_blowout
LINKUSDT/UNIUSDT,2024-09-06 00:00:00+00:00,2024-09-24 00:00:00+00:00,18,-2.15,16.255,15.895,converged
DOGEUSDT/ETHUSDT,2024-09-09 00:00:00+00:00,2024-09-28 00:00:00+00:00,19,2.06,-11.352,-11.712,spread_blowout
AVAXUSDT/LINKUSDT,2024-09-20 00:00:00+00:00,2024-10-12 00:00:00+00:00,22,3.06,-6.627,-6.987,spread_blowout
ETHUSDT/WLDUSDT,2024-09-25 00:00:00+00:00,2024-10-12 00:00:00+00:00,17,-3.71,-3.404,-3.764,spread_blowout
1000SHIBUSDT/ETHUSDT,2024-09-25 00:00:00+00:00,2024-09-26 00:00:00+00:00,1,2.21,-18.522,-18.882,spread_blowout
ONDOUSDT/WLDUSDT,2024-09-25 00:00:00+00:00,2024-10-14 00:00:00+00:00,19,-2.37,-14.346,-14.706,spread_blowout
1000PEPEUSDT/WLDUSDT,2024-09-25 00:00:00+00:00,2024-09-27 00:00:00+00:00,2,-3.72,23.313,22.953,converged
ETHUSDT/ONDOUSDT,2024-09-26 00:00:00+00:00,2024-10-26 00:00:00+00:00,30,-2.26,5.339,4.979,time_stop
1000PEPEUSDT/1000SHIBUSDT,2024-09-26 00:00:00+00:00,2024-10-26 00:00:00+00:00,30,-3.75,9.42,9.06,time_stop
1000SHIBUSDT/WLDUSDT,2024-09-26 00:00:00+00:00,2024-09-27 00:00:00+00:00,1,3.6,-6.359,-6.719,spread_blowout
1000SHIBUSDT/ADAUSDT,2024-09-26 00:00:00+00:00,2024-09-27 00:00:00+00:00,1,3.21,-8.252,-8.612,spread_blowout
1000PEPEUSDT/ETHUSDT,2024-09-26 00:00:00+00:00,2024-09-28 00:00:00+00:00,2,2.45,-15.837,-16.197,spread_blowout
ETHUSDT/LINKUSDT,2024-09-28 00:00:00+00:00,2024-10-28 00:00:00+00:00,30,-2.61,11.243,10.883,time_stop
1000SHIBUSDT/ADAUSDT,2024-09-28 00:00:00+00:00,2024-10-04 00:00:00+00:00,6,3.88,-2.783,-3.143,spread_blowout
1000PEPEUSDT/WLDUSDT,2024-09-28 00:00:00+00:00,2024-10-12 00:00:00+00:00,14,2.82,17.175,16.815,converged
1000PEPEUSDT/LINKUSDT,2024-09-29 00:00:00+00:00,2024-10-29 00:00:00+00:00,30,2.17,7.522,7.162,time_stop
1000SHIBUSDT/LINKUSDT,2024-09-30 00:00:00+00:00,2024-10-06 00:00:00+00:00,6,2.84,-7.825,-8.185,spread_blowout
1000PEPEUSDT/DOGEUSDT,2024-10-01 00:00:00+00:00,2024-10-16 00:00:00+00:00,15,2.72,21.625,21.265,converged
DOGEUSDT/LINKUSDT,2024-10-13 00:00:00+00:00,2024-10-16 00:00:00+00:00,3,2.04,-8.294,-8.654,spread_blowout
1000PEPEUSDT/ONDOUSDT,2024-10-14 00:00:00+00:00,2024-11-13 00:00:00+00:00,30,2.39,-51.072,-51.432,spread_blowout
ADAUSDT/DOGEUSDT,2024-10-15 00:00:00+00:00,2024-10-16 00:00:00+00:00,1,-2.01,-7.515,-7.875,spread_blowout
ONDOUSDT/WLDUSDT,2024-10-15 00:00:00+00:00,2024-11-14 00:00:00+00:00,30,-3.86,18.288,17.928,time_stop
BTCUSDT/DOGEUSDT,2024-10-15 00:00:00+00:00,2024-10-17 00:00:00+00:00,2,2.05,4.893,4.533,converged
DOGEUSDT/SOLUSDT,2024-10-16 00:00:00+00:00,2024-10-18 00:00:00+00:00,2,2.58,-8.332,-8.692,spread_blowout
DOGEUSDT/ONDOUSDT,2024-10-16 00:00:00+00:00,2024-10-17 00:00:00+00:00,1,3.67,-4.253,-4.613,spread_blowout
1000PEPEUSDT/DOGEUSDT,2024-10-17 00:00:00+00:00,2024-10-18 00:00:00+00:00,1,-3.35,-3.714,-4.074,spread_blowout
DOGEUSDT/WLDUSDT,2024-10-19 00:00:00+00:00,2024-10-27 00:00:00+00:00,8,2.35,-10.198,-10.558,spread_blowout
BTCUSDT/DOGEUSDT,2024-10-19 00:00:00+00:00,2024-10-29 00:00:00+00:00,10,-2.18,-5.03,-5.39,spread_blowout
1000PEPEUSDT/WLDUSDT,2024-10-19 00:00:00+00:00,2024-11-07 00:00:00+00:00,19,-2.5,24.691,24.331,converged
1000PEPEUSDT/DOGEUSDT,2024-10-20 00:00:00+00:00,2024-10-21 00:00:00+00:00,1,-3.18,-6.663,-7.023,spread_blowout
ONDOUSDT/SOLUSDT,2024-10-21 00:00:00+00:00,2024-10-23 00:00:00+00:00,2,-2.63,-7.113,-7.473,spread_blowout
ADAUSDT/LINKUSDT,2024-10-24 00:00:00+00:00,2024-10-25 00:00:00+00:00,1,-2.76,-2.835,-3.195,spread_blowout
ADAUSDT/LINKUSDT,2024-10-26 00:00:00+00:00,2024-11-01 00:00:00+00:00,6,-2.21,5.298,4.938,converged
1000PEPEUSDT/1000SHIBUSDT,2024-10-28 00:00:00+00:00,2024-11-07 00:00:00+00:00,10,-2.2,13.133,12.773,converged
BTCUSDT/DOGEUSDT,2024-11-04 00:00:00+00:00,2024-11-10 00:00:00+00:00,6,-2.03,-6.63,-6.99,spread_blowout
1000PEPEUSDT/WLDUSDT,2024-11-08 00:00:00+00:00,2024-11-12 00:00:00+00:00,4,2.65,-8.011,-8.371,spread_blowout
1000PEPEUSDT/1000SHIBUSDT,2024-11-10 00:00:00+00:00,2024-11-13 00:00:00+00:00,3,-2.68,53.351,52.991,converged
DOGEUSDT/SOLUSDT,2024-11-10 00:00:00+00:00,2024-11-11 00:00:00+00:00,1,3.44,-13.787,-14.147,spread_blowout
BTCUSDT/SOLUSDT,2024-11-11 00:00:00+00:00,2024-12-02 00:00:00+00:00,21,2.21,-6.63,-6.99,spread_blowout
BTCUSDT/DOGEUSDT,2024-11-12 00:00:00+00:00,2024-11-21 00:00:00+00:00,9,-2.78,10.546,10.186,converged
DOGEUSDT/SOLUSDT,2024-11-14 00:00:00+00:00,2024-11-21 00:00:00+00:00,7,3.38,37.606,37.246,converged
1000PEPEUSDT/1000SHIBUSDT,2024-11-19 00:00:00+00:00,2024-12-04 00:00:00+00:00,15,2.13,25.536,25.176,converged
1000SHIBUSDT/BTCUSDT,2024-11-21 00:00:00+00:00,2024-12-01 00:00:00+00:00,10,-2.04,23.587,23.227,converged
1000PEPEUSDT/ADAUSDT,2024-11-22 00:00:00+00:00,2024-12-02 00:00:00+00:00,10,-2.91,-20.4,-20.76,spread_blowout
LINKUSDT/ONDOUSDT,2024-11-22 00:00:00+00:00,2024-11-27 00:00:00+00:00,5,2.46,-8.379,-8.739,spread_blowout
ADAUSDT/LINKUSDT,2024-11-22 00:00:00+00:00,2024-11-27 00:00:00+00:00,5,2.26,25.105,24.745,converged
ETHUSDT/LINKUSDT,2024-11-22 00:00:00+00:00,2024-11-24 00:00:00+00:00,2,-2.59,-6.102,-6.462,spread_blowout
AVAXUSDT/ONDOUSDT,2024-11-23 00:00:00+00:00,2024-12-01 00:00:00+00:00,8,2.17,9.66,9.3,converged
SUIUSDT/UNIUSDT,2024-11-23 00:00:00+00:00,2024-11-27 00:00:00+00:00,4,-2.54,-72.311,-72.671,spread_blowout
LINKUSDT/SOLUSDT,2024-11-23 00:00:00+00:00,2024-11-26 00:00:00+00:00,3,3.03,-5.274,-5.634,spread_blowout
BTCUSDT/LINKUSDT,2024-11-24 00:00:00+00:00,2024-12-02 00:00:00+00:00,8,-2.05,-42.8,-43.16,spread_blowout
AVAXUSDT/ETHUSDT,2024-11-26 00:00:00+00:00,2024-12-26 00:00:00+00:00,30,2.1,13.851,13.491,time_stop
ADAUSDT/ETHUSDT,2024-11-26 00:00:00+00:00,2024-12-14 00:00:00+00:00,18,2.08,28.408,28.048,converged
ETHUSDT/LINKUSDT,2024-11-26 00:00:00+00:00,2024-12-02 00:00:00+00:00,6,-2.25,-21.302,-21.662,spread_blowout
LINKUSDT/SOLUSDT,2024-11-27 00:00:00+00:00,2024-11-30 00:00:00+00:00,3,3.54,-2.97,-3.33,spread_blowout
SOLUSDT/UNIUSDT,2024-11-27 00:00:00+00:00,2024-12-02 00:00:00+00:00,5,-3.9,-11.171,-11.531,spread_blowout
ETHUSDT/SOLUSDT,2024-11-27 00:00:00+00:00,2024-12-04 00:00:00+00:00,7,2.83,-7.845,-8.205,spread_blowout
UNIUSDT/ZECUSDT,2024-11-29 00:00:00+00:00,2024-12-07 00:00:00+00:00,8,2.07,-16.231,-16.591,spread_blowout
BNBUSDT/WLDUSDT,2024-11-30 00:00:00+00:00,2024-12-03 00:00:00+00:00,3,-2.92,14.842,14.482,converged
1000PEPEUSDT/ONDOUSDT,2024-11-30 00:00:00+00:00,2024-12-02 00:00:00+00:00,2,-2.12,-33.448,-33.808,spread_blowout
ADAUSDT/XRPUSDT,2024-11-30 00:00:00+00:00,2024-12-02 00:00:00+00:00,2,-2.48,-24.454,-24.814,spread_blowout
LINKUSDT/SOLUSDT,2024-12-01 00:00:00+00:00,2024-12-02 00:00:00+00:00,1,2.84,-32.202,-32.562,spread_blowout
1000SHIBUSDT/SUIUSDT,2024-12-01 00:00:00+00:00,2024-12-15 00:00:00+00:00,14,3.35,25.918,25.558,converged
1000SHIBUSDT/SOLUSDT,2024-12-01 00:00:00+00:00,2024-12-31 00:00:00+00:00,30,2.26,15.367,15.007,time_stop
AVAXUSDT/BTCUSDT,2024-12-02 00:00:00+00:00,2024-12-19 00:00:00+00:00,17,3.68,31.437,31.077,converged
ETHUSDT/ONDOUSDT,2024-12-02 00:00:00+00:00,2024-12-03 00:00:00+00:00,1,-3.09,-7.375,-7.735,spread_blowout
LINKUSDT/UNIUSDT,2024-12-02 00:00:00+00:00,2024-12-07 00:00:00+00:00,5,3.65,24.158,23.798,converged
1000PEPEUSDT/AVAXUSDT,2024-12-02 00:00:00+00:00,2024-12-09 00:00:00+00:00,7,-2.99,52.52,52.16,converged
LINKUSDT/ONDOUSDT,2024-12-02 00:00:00+00:00,2024-12-04 00:00:00+00:00,2,2.83,18.047,17.687,converged
1000SHIBUSDT/ONDOUSDT,2024-12-02 00:00:00+00:00,2024-12-03 00:00:00+00:00,1,-2.62,-15.209,-15.569,spread_blowout
DOGEUSDT/SOLUSDT,2024-12-02 00:00:00+00:00,2024-12-21 00:00:00+00:00,19,2.03,-25.627,-25.987,spread_blowout
BTCUSDT/ONDOUSDT,2024-12-02 00:00:00+00:00,2024-12-03 00:00:00+00:00,1,-3.29,-8.174,-8.534,spread_blowout
AVAXUSDT/LINKUSDT,2024-12-02 00:00:00+00:00,2024-12-06 00:00:00+00:00,4,-3.71,-2.392,-2.752,spread_blowout
ADAUSDT/LINKUSDT,2024-12-03 00:00:00+00:00,2024-12-06 00:00:00+00:00,3,-3.41,-11.672,-12.032,spread_blowout
ETHUSDT/UNIUSDT,2024-12-03 00:00:00+00:00,2025-01-02 00:00:00+00:00,30,-2.87,-1.068,-1.428,time_stop
ADAUSDT/XRPUSDT,2024-12-03 00:00:00+00:00,2024-12-19 00:00:00+00:00,16,-2.5,-19.234,-19.594,spread_blowout
ADAUSDT/ONDOUSDT,2024-12-03 00:00:00+00:00,2024-12-10 00:00:00+00:00,7,-2.63,-26.035,-26.395,spread_blowout
AVAXUSDT/ONDOUSDT,2024-12-03 00:00:00+00:00,2024-12-04 00:00:00+00:00,1,-3.66,-2.132,-2.492,spread_blowout
1000PEPEUSDT/ONDOUSDT,2024-12-04 00:00:00+00:00,2024-12-06 00:00:00+00:00,2,-3.72,-5.106,-5.466,spread_blowout
ETHUSDT/ONDOUSDT,2024-12-04 00:00:00+00:00,2024-12-10 00:00:00+00:00,6,-2.93,-5.544,-5.904,spread_blowout
ONDOUSDT/XRPUSDT,2024-12-04 00:00:00+00:00,2024-12-15 00:00:00+00:00,11,2.54,-14.48,-14.84,spread_blowout
1000SHIBUSDT/BTCUSDT,2024-12-04 00:00:00+00:00,2024-12-09 00:00:00+00:00,5,2.03,17.176,16.816,converged
ETHUSDT/LINKUSDT,2024-12-04 00:00:00+00:00,2024-12-12 00:00:00+00:00,8,-2.31,-12.023,-12.383,spread_blowout
1000SHIBUSDT/DOGEUSDT,2024-12-04 00:00:00+00:00,2024-12-18 00:00:00+00:00,14,2.1,23.647,23.287,converged
BTCUSDT/SOLUSDT,2024-12-04 00:00:00+00:00,2024-12-13 00:00:00+00:00,9,2.68,-4.403,-4.763,spread_blowout
ETHUSDT/SOLUSDT,2024-12-05 00:00:00+00:00,2024-12-16 00:00:00+00:00,11,2.4,-10.782,-11.142,spread_blowout
AVAXUSDT/ONDOUSDT,2024-12-05 00:00:00+00:00,2024-12-10 00:00:00+00:00,5,-3.12,-14.97,-15.33,spread_blowout
BTCUSDT/ETHUSDT,2024-12-06 00:00:00+00:00,2024-12-18 00:00:00+00:00,12,-2.21,12.055,11.695,converged
DOGEUSDT/ETHUSDT,2024-12-06 00:00:00+00:00,2025-01-05 00:00:00+00:00,30,-2.26,21.118,20.758,time_stop
AVAXUSDT/UNIUSDT,2024-12-06 00:00:00+00:00,2025-01-05 00:00:00+00:00,30,-2.03,-5.803,-6.163,time_stop
LINKUSDT/XRPUSDT,2024-12-06 00:00:00+00:00,2024-12-12 00:00:00+00:00,6,2.27,-13.45,-13.81,spread_blowout
ADAUSDT/UNIUSDT,2024-12-06 00:00:00+00:00,2025-01-05 00:00:00+00:00,30,-2.35,15.052,14.692,time_stop
AAVEUSDT/AVAXUSDT,2024-12-07 00:00:00+00:00,2024-12-10 00:00:00+00:00,3,3.12,-7.185,-7.545,spread_blowout
AAVEUSDT/LINKUSDT,2024-12-07 00:00:00+00:00,2024-12-12 00:00:00+00:00,5,2.27,-15.977,-16.337,spread_blowout
AAVEUSDT/ONDOUSDT,2024-12-07 00:00:00+00:00,2024-12-12 00:00:00+00:00,5,2.19,-23.735,-24.095,spread_blowout
ADAUSDT/LINKUSDT,2024-12-07 00:00:00+00:00,2024-12-12 00:00:00+00:00,5,-2.15,-37.774,-38.134,spread_blowout
AAVEUSDT/ETHUSDT,2024-12-07 00:00:00+00:00,2024-12-10 00:00:00+00:00,3,3.15,-6.902,-7.262,spread_blowout
BNBUSDT/ETHUSDT,2024-12-07 00:00:00+00:00,2025-01-06 00:00:00+00:00,30,2.2,-0.874,-1.234,time_stop
UNIUSDT/XRPUSDT,2024-12-07 00:00:00+00:00,2024-12-19 00:00:00+00:00,12,2.1,28.308,27.948,converged
1000PEPEUSDT/SOLUSDT,2024-12-08 00:00:00+00:00,2025-01-07 00:00:00+00:00,30,2.18,8.64,8.28,time_stop
UNIUSDT/ZECUSDT,2024-12-08 00:00:00+00:00,2024-12-12 00:00:00+00:00,4,2.61,-14.96,-15.32,spread_blowout
AVAXUSDT/LINKUSDT,2024-12-09 00:00:00+00:00,2024-12-14 00:00:00+00:00,5,-2.04,-15.04,-15.4,spread_blowout
UNIUSDT/WLDUSDT,2024-12-09 00:00:00+00:00,2024-12-22 00:00:00+00:00,13,2.88,-12.589,-12.949,spread_blowout
1000PEPEUSDT/1000SHIBUSDT,2024-12-09 00:00:00+00:00,2025-01-08 00:00:00+00:00,30,2.43,2.803,2.443,time_stop
ONDOUSDT/WLDUSDT,2024-12-09 00:00:00+00:00,2024-12-13 00:00:00+00:00,4,2.49,-20.618,-20.978,spread_blowout
1000PEPEUSDT/SUIUSDT,2024-12-09 00:00:00+00:00,2024-12-17 00:00:00+00:00,8,2.03,34.085,33.725,converged
AAVEUSDT/BNBUSDT,2024-12-09 00:00:00+00:00,2024-12-12 00:00:00+00:00,3,2.46,-29.376,-29.736,spread_blowout
1000PEPEUSDT/DOGEUSDT,2024-12-09 00:00:00+00:00,2025-01-08 00:00:00+00:00,30,2.13,27.308,26.948,time_stop
LINKUSDT/ONDOUSDT,2024-12-10 00:00:00+00:00,2024-12-12 00:00:00+00:00,2,-2.5,26.421,26.061,converged
AAVEUSDT/UNIUSDT,2024-12-10 00:00:00+00:00,2024-12-12 00:00:00+00:00,2,2.19,-18.854,-19.214,spread_blowout
BNBUSDT/ONDOUSDT,2024-12-10 00:00:00+00:00,2024-12-28 00:00:00+00:00,18,-2.98,10.284,9.924,converged
ADAUSDT/ONDOUSDT,2024-12-11 00:00:00+00:00,2025-01-09 00:00:00+00:00,29,-2.13,42.045,41.685,converged
AAVEUSDT/AVAXUSDT,2024-12-11 00:00:00+00:00,2024-12-12 00:00:00+00:00,1,3.48,-12.67,-13.03,spread_blowout
AAVEUSDT/ETHUSDT,2024-12-11 00:00:00+00:00,2024-12-12 00:00:00+00:00,1,3.47,-17.917,-18.277,spread_blowout
BTCUSDT/DOGEUSDT,2024-12-11 00:00:00+00:00,2024-12-15 00:00:00+00:00,4,2.46,-3.858,-4.218,spread_blowout
AVAXUSDT/ONDOUSDT,2024-12-11 00:00:00+00:00,2024-12-16 00:00:00+00:00,5,-2.77,-8.852,-9.212,spread_blowout
BNBUSDT/LINKUSDT,2024-12-12 00:00:00+00:00,2024-12-28 00:00:00+00:00,16,-2.27,10.107,9.747,converged
LINKUSDT/ZECUSDT,2024-12-12 00:00:00+00:00,2024-12-14 00:00:00+00:00,2,3.87,-1.534,-1.894,spread_blowout
UNIUSDT/ZECUSDT,2024-12-13 00:00:00+00:00,2024-12-23 00:00:00+00:00,10,2.91,29.187,28.827,converged
LINKUSDT/XRPUSDT,2024-12-13 00:00:00+00:00,2024-12-21 00:00:00+00:00,8,3.01,23.225,22.865,converged
AAVEUSDT/LINKUSDT,2024-12-13 00:00:00+00:00,2024-12-23 00:00:00+00:00,10,3.4,-13.803,-14.163,spread_blowout
ADAUSDT/LINKUSDT,2024-12-13 00:00:00+00:00,2025-01-11 00:00:00+00:00,29,-3.15,49.075,48.715,converged
AAVEUSDT/ONDOUSDT,2024-12-13 00:00:00+00:00,2024-12-23 00:00:00+00:00,10,3.34,-12.207,-12.567,spread_blowout
ETHUSDT/LINKUSDT,2024-12-13 00:00:00+00:00,2025-01-12 00:00:00+00:00,30,-2.57,4.367,4.007,time_stop
BNBUSDT/WLDUSDT,2024-12-13 00:00:00+00:00,2024-12-25 00:00:00+00:00,12,2.24,-5.613,-5.973,spread_blowout
AAVEUSDT/UNIUSDT,2024-12-14 00:00:00+00:00,2024-12-16 00:00:00+00:00,2,3.59,-5.907,-6.267,spread_blowout
BTCUSDT/SOLUSDT,2024-12-14 00:00:00+00:00,2024-12-16 00:00:00+00:00,2,3.01,-5.995,-6.355,spread_blowout
AAVEUSDT/BNBUSDT,2024-12-14 00:00:00+00:00,2024-12-19 00:00:00+00:00,5,3.61,-3.94,-4.3,spread_blowout
ONDOUSDT/WLDUSDT,2024-12-14 00:00:00+00:00,2024-12-17 00:00:00+00:00,3,3.16,-11.733,-12.093,spread_blowout
LINKUSDT/UNIUSDT,2024-12-14 00:00:00+00:00,2025-01-10 00:00:00+00:00,27,2.3,18.964,18.604,converged
AVAXUSDT/LINKUSDT,2024-12-15 00:00:00+00:00,2024-12-22 00:00:00+00:00,7,-2.8,-8.99,-9.35,spread_blowout
SOLUSDT/SUIUSDT,2024-12-16 00:00:00+00:00,2025-01-09 00:00:00+00:00,24,-2.03,-16.96,-17.32,spread_blowout
ONDOUSDT/XRPUSDT,2024-12-16 00:00:00+00:00,2024-12-26 00:00:00+00:00,10,2.28,25.304,24.944,converged
ONDOUSDT/UNIUSDT,2024-12-16 00:00:00+00:00,2025-01-02 00:00:00+00:00,17,2.22,20.648,20.288,converged
BTCUSDT/SOLUSDT,2024-12-17 00:00:00+00:00,2024-12-21 00:00:00+00:00,4,3.01,-10.208,-10.568,spread_blowout
AVAXUSDT/ONDOUSDT,2024-12-17 00:00:00+00:00,2024-12-19 00:00:00+00:00,2,-2.47,-13.269,-13.629,spread_blowout
1000SHIBUSDT/SUIUSDT,2024-12-17 00:00:00+00:00,2024-12-20 00:00:00+00:00,3,-2.05,-15.034,-15.394,spread_blowout
BTCUSDT/DOGEUSDT,2024-12-17 00:00:00+00:00,2025-01-16 00:00:00+00:00,30,3.9,4.448,4.088,time_stop
1000SHIBUSDT/BTCUSDT,2024-12-18 00:00:00+00:00,2025-01-17 00:00:00+00:00,30,-2.07,-3.692,-4.052,time_stop
AVAXUSDT/XRPUSDT,2024-12-18 00:00:00+00:00,2024-12-21 00:00:00+00:00,3,-2.5,-12.028,-12.388,spread_blowout
AAVEUSDT/UNIUSDT,2024-12-18 00:00:00+00:00,2024-12-23 00:00:00+00:00,5,2.54,-15.004,-15.364,spread_blowout
LINKUSDT/ONDOUSDT,2024-12-19 00:00:00+00:00,2024-12-24 00:00:00+00:00,5,-2.04,12.487,12.127,converged
1000SHIBUSDT/ADAUSDT,2024-12-19 00:00:00+00:00,2025-01-18 00:00:00+00:00,30,-2.31,-4.311,-4.671,time_stop
1000PEPEUSDT/SUIUSDT,2024-12-19 00:00:00+00:00,2025-01-18 00:00:00+00:00,30,-2.19,-14.713,-15.073,time_stop
ETHUSDT/ONDOUSDT,2024-12-19 00:00:00+00:00,2025-01-15 00:00:00+00:00,27,-2.35,15.166,14.806,converged
1000SHIBUSDT/ETHUSDT,2024-12-19 00:00:00+00:00,2025-01-18 00:00:00+00:00,30,-2.07,9.488,9.128,time_stop
1000PEPEUSDT/XRPUSDT,2024-12-19 00:00:00+00:00,2025-01-18 00:00:00+00:00,30,-2.1,-15.354,-15.714,time_stop
AVAXUSDT/ONDOUSDT,2024-12-20 00:00:00+00:00,2025-01-16 00:00:00+00:00,27,-3.33,28.028,27.668,converged
AAVEUSDT/BNBUSDT,2024-12-20 00:00:00+00:00,2025-01-19 00:00:00+00:00,30,2.55,8.565,8.205,time_stop
DOGEUSDT/SUIUSDT,2024-12-20 00:00:00+00:00,2025-01-19 00:00:00+00:00,30,-2.58,14.436,14.076,time_stop
ADAUSDT/AVAXUSDT,2024-12-21 00:00:00+00:00,2025-01-20 00:00:00+00:00,30,2.14,-18.209,-18.569,time_stop
1000SHIBUSDT/SUIUSDT,2024-12-21 00:00:00+00:00,2025-01-08 00:00:00+00:00,18,-3.13,-8.586,-8.946,spread_blowout
ETHUSDT/XRPUSDT,2024-12-21 00:00:00+00:00,2025-01-20 00:00:00+00:00,30,-2.02,-10.295,-10.655,time_stop
DOGEUSDT/SOLUSDT,2024-12-22 00:00:00+00:00,2025-01-18 00:00:00+00:00,27,3.23,80.918,80.558,converged
ETHUSDT/SUIUSDT,2024-12-22 00:00:00+00:00,2025-01-21 00:00:00+00:00,30,-2.04,-2.086,-2.446,time_stop
AVAXUSDT/XRPUSDT,2024-12-22 00:00:00+00:00,2025-01-11 00:00:00+00:00,20,-3.54,-4.705,-5.065,spread_blowout
BTCUSDT/SUIUSDT,2024-12-23 00:00:00+00:00,2025-01-21 00:00:00+00:00,29,-2.25,11.818,11.458,converged
AVAXUSDT/LINKUSDT,2024-12-23 00:00:00+00:00,2025-01-20 00:00:00+00:00,28,-2.79,-9.812,-10.172,spread_blowout
AAVEUSDT/ONDOUSDT,2024-12-24 00:00:00+00:00,2025-01-21 00:00:00+00:00,28,2.56,-17.184,-17.544,spread_blowout
AAVEUSDT/LINKUSDT,2024-12-24 00:00:00+00:00,2025-01-23 00:00:00+00:00,30,2.3,11.416,11.056,time_stop
ETHUSDT/ZECUSDT,2024-12-25 00:00:00+00:00,2025-01-04 00:00:00+00:00,10,-2.02,16.748,16.388,converged
AVAXUSDT/BNBUSDT,2024-12-27 00:00:00+00:00,2025-01-26 00:00:00+00:00,30,-2.17,7.995,7.635,time_stop
BNBUSDT/UNIUSDT,2024-12-28 00:00:00+00:00,2025-01-27 00:00:00+00:00,30,2.38,0.412,0.052,time_stop
AAVEUSDT/UNIUSDT,2024-12-28 00:00:00+00:00,2025-01-27 00:00:00+00:00,30,2.31,-5.415,-5.775,time_stop
XRPUSDT/ZECUSDT,2025-01-08 00:00:00+00:00,2025-01-24 00:00:00+00:00,16,2.39,-48.493,-48.853,spread_blowout
COTIUSDT/UNIUSDT,2025-01-09 00:00:00+00:00,2025-02-05 00:00:00+00:00,27,-2.17,-17.866,-18.226,spread_blowout
ONDOUSDT/XRPUSDT,2025-01-09 00:00:00+00:00,2025-01-16 00:00:00+00:00,7,-2.49,-18.766,-19.126,spread_blowout
UNIUSDT/ZECUSDT,2025-01-10 00:00:00+00:00,2025-02-09 00:00:00+00:00,30,2.33,-6.747,-7.107,time_stop
ONDOUSDT/SUIUSDT,2025-01-10 00:00:00+00:00,2025-01-25 00:00:00+00:00,15,-2.03,33.84,33.48,converged
ADAUSDT/ETHUSDT,2025-01-11 00:00:00+00:00,2025-02-04 00:00:00+00:00,24,2.07,-26.723,-27.083,spread_blowout
LINKUSDT/XRPUSDT,2025-01-11 00:00:00+00:00,2025-02-10 00:00:00+00:00,30,-2.09,-4.298,-4.658,time_stop
BTCUSDT/ETHUSDT,2025-01-13 00:00:00+00:00,2025-01-29 00:00:00+00:00,16,2.03,-10.044,-10.404,spread_blowout
BNBUSDT/ONDOUSDT,2025-01-15 00:00:00+00:00,2025-01-24 00:00:00+00:00,9,2.1,6.704,6.344,converged
LINKUSDT/ONDOUSDT,2025-01-16 00:00:00+00:00,2025-01-21 00:00:00+00:00,5,3.44,-4.696,-5.056,spread_blowout
1000PEPEUSDT/BTCUSDT,2025-01-18 00:00:00+00:00,2025-01-24 00:00:00+00:00,6,-2.33,-21.637,-21.997,spread_blowout
ONDOUSDT/XRPUSDT,2025-01-18 00:00:00+00:00,2025-02-17 00:00:00+00:00,30,-2.26,5.35,4.99,time_stop
LINKUSDT/UNIUSDT,2025-01-19 00:00:00+00:00,2025-01-24 00:00:00+00:00,5,2.41,-10.233,-10.593,spread_blowout
ETHUSDT/LINKUSDT,2025-01-19 00:00:00+00:00,2025-02-18 00:00:00+00:00,30,-2.29,-5.552,-5.912,time_stop
1000PEPEUSDT/ADAUSDT,2025-01-20 00:00:00+00:00,2025-01-28 00:00:00+00:00,8,-2.06,-25.296,-25.656,spread_blowout
ADAUSDT/BTCUSDT,2025-01-21 00:00:00+00:00,2025-02-20 00:00:00+00:00,30,-2.26,1.515,1.155,time_stop
BTCUSDT/DOGEUSDT,2025-01-21 00:00:00+00:00,2025-02-20 00:00:00+00:00,30,2.28,-6.157,-6.517,time_stop
1000RATSUSDT/1000SATSUSDT,2025-01-21 00:00:00+00:00,2025-01-23 00:00:00+00:00,2,-2.09,-14.559,-14.919,spread_blowout
1000PEPEUSDT/DOGEUSDT,2025-01-21 00:00:00+00:00,2025-02-07 00:00:00+00:00,17,-2.02,-21.201,-21.561,spread_blowout
AVAXUSDT/COTIUSDT,2025-01-22 00:00:00+00:00,2025-02-14 00:00:00+00:00,23,2.1,14.45,14.09,converged
LINKUSDT/ONDOUSDT,2025-01-22 00:00:00+00:00,2025-02-04 00:00:00+00:00,13,3.02,27.774,27.414,converged
UNIUSDT/XRPUSDT,2025-01-22 00:00:00+00:00,2025-02-02 00:00:00+00:00,11,-2.09,-25.429,-25.789,spread_blowout
COTIUSDT/ETHUSDT,2025-01-23 00:00:00+00:00,2025-02-22 00:00:00+00:00,30,-2.26,8.04,7.68,time_stop
1000RATSUSDT/1000SATSUSDT,2025-01-24 00:00:00+00:00,2025-01-25 00:00:00+00:00,1,-3.91,-8.52,-8.88,spread_blowout
LINKUSDT/UNIUSDT,2025-01-25 00:00:00+00:00,2025-01-27 00:00:00+00:00,2,3.16,-7.183,-7.543,spread_blowout
BNBUSDT/LINKUSDT,2025-01-26 00:00:00+00:00,2025-02-04 00:00:00+00:00,9,-2.06,-9.837,-10.197,spread_blowout
1000RATSUSDT/1000SATSUSDT,2025-01-27 00:00:00+00:00,2025-01-30 00:00:00+00:00,3,-3.86,-7.924,-8.284,spread_blowout
LINKUSDT/UNIUSDT,2025-01-28 00:00:00+00:00,2025-02-27 00:00:00+00:00,30,2.42,4.002,3.642,time_stop
ADAUSDT/AVAXUSDT,2025-01-28 00:00:00+00:00,2025-02-17 00:00:00+00:00,20,2.31,-27.443,-27.803,spread_blowout
ONDOUSDT/UNIUSDT,2025-01-30 00:00:00+00:00,2025-02-07 00:00:00+00:00,8,2.22,-21.804,-22.164,spread_blowout
1000RATSUSDT/1000SATSUSDT,2025-02-01 00:00:00+00:00,2025-02-02 00:00:00+00:00,1,-3.39,-20.954,-21.314,spread_blowout
1000PEPEUSDT/COTIUSDT,2025-02-15 00:00:00+00:00,2025-03-03 00:00:00+00:00,16,-2.18,-24.52,-24.88,spread_blowout
AVAXUSDT/COTIUSDT,2025-02-15 00:00:00+00:00,2025-03-01 00:00:00+00:00,14,-3.57,-2.335,-2.695,spread_blowout
COTIUSDT/WLDUSDT,2025-02-15 00:00:00+00:00,2025-03-17 00:00:00+00:00,30,2.49,-4.966,-5.326,time_stop
1000SHIBUSDT/COTIUSDT,2025-02-20 00:00:00+00:00,2025-03-02 00:00:00+00:00,10,-2.09,-7.738,-8.098,spread_blowout
AVAXUSDT/ETHUSDT,2025-02-23 00:00:00+00:00,2025-02-25 00:00:00+00:00,2,-2.21,10.804,10.444,converged
UNIUSDT/ZECUSDT,2025-02-24 00:00:00+00:00,2025-03-03 00:00:00+00:00,7,-2.05,-18.136,-18.496,spread_blowout
DOGEUSDT/WLDUSDT,2025-02-24 00:00:00+00:00,2025-03-10 00:00:00+00:00,14,-2.15,-14.36,-14.72,spread_blowout
1000PEPEUSDT/1000RATSUSDT,2025-02-24 00:00:00+00:00,2025-02-25 00:00:00+00:00,1,-3.25,-6.7,-7.06,spread_blowout
1000RATSUSDT/WLDUSDT,2025-02-24 00:00:00+00:00,2025-02-28 00:00:00+00:00,4,2.31,-33.983,-34.343,spread_blowout
1000RATSUSDT/1000SHIBUSDT,2025-02-24 00:00:00+00:00,2025-02-28 00:00:00+00:00,4,2.76,-37.567,-37.927,spread_blowout
1000RATSUSDT/AVAXUSDT,2025-02-24 00:00:00+00:00,2025-02-26 00:00:00+00:00,2,2.55,-33.799,-34.159,spread_blowout
1000RATSUSDT/ETHUSDT,2025-02-24 00:00:00+00:00,2025-02-26 00:00:00+00:00,2,2.18,-70.723,-71.083,spread_blowout
1000RATSUSDT/COTIUSDT,2025-02-25 00:00:00+00:00,2025-03-07 00:00:00+00:00,10,2.37,-25.278,-25.638,spread_blowout
1000RATSUSDT/UNIUSDT,2025-02-25 00:00:00+00:00,2025-02-28 00:00:00+00:00,3,2.22,-51.188,-51.548,spread_blowout
1000PEPEUSDT/ETHUSDT,2025-02-26 00:00:00+00:00,2025-03-10 00:00:00+00:00,12,2.5,-19.417,-19.777,spread_blowout
1000SHIBUSDT/DOGEUSDT,2025-02-26 00:00:00+00:00,2025-03-28 00:00:00+00:00,30,2.32,-5.11,-5.47,time_stop
ETHUSDT/ZECUSDT,2025-02-26 00:00:00+00:00,2025-02-27 00:00:00+00:00,1,-3.75,-1.941,-2.301,spread_blowout
1000SHIBUSDT/ETHUSDT,2025-02-26 00:00:00+00:00,2025-03-10 00:00:00+00:00,12,2.9,-15.163,-15.523,spread_blowout
1000PEPEUSDT/ZECUSDT,2025-02-26 00:00:00+00:00,2025-03-28 00:00:00+00:00,30,-2.2,-9.466,-9.826,time_stop
AVAXUSDT/ETHUSDT,2025-02-26 00:00:00+00:00,2025-02-27 00:00:00+00:00,1,3.28,-5.332,-5.692,spread_blowout
ETHUSDT/WLDUSDT,2025-02-26 00:00:00+00:00,2025-02-27 00:00:00+00:00,1,-3.68,-2.587,-2.947,spread_blowout
AVAXUSDT/ZECUSDT,2025-02-26 00:00:00+00:00,2025-03-28 00:00:00+00:00,30,-2.37,-9.126,-9.486,time_stop
COTIUSDT/ETHUSDT,2025-02-26 00:00:00+00:00,2025-02-28 00:00:00+00:00,2,3.18,-10.401,-10.761,spread_blowout
1000PEPEUSDT/1000RATSUSDT,2025-02-26 00:00:00+00:00,2025-02-27 00:00:00+00:00,1,-3.98,-0.483,-0.843,spread_blowout
ADAUSDT/WLDUSDT,2025-02-27 00:00:00+00:00,2025-03-02 00:00:00+00:00,3,-2.14,54.37,54.01,converged
1000RATSUSDT/AVAXUSDT,2025-02-27 00:00:00+00:00,2025-03-04 00:00:00+00:00,5,2.95,-48.849,-49.209,spread_blowout
COTIUSDT/UNIUSDT,2025-02-28 00:00:00+00:00,2025-03-23 00:00:00+00:00,23,2.21,-18.123,-18.483,spread_blowout
1000SHIBUSDT/ZECUSDT,2025-02-28 00:00:00+00:00,2025-03-30 00:00:00+00:00,30,-2.19,-11.025,-11.385,time_stop
UNIUSDT/WLDUSDT,2025-02-28 00:00:00+00:00,2025-03-30 00:00:00+00:00,30,-2.16,-3.596,-3.956,time_stop
COTIUSDT/ETHUSDT,2025-03-01 00:00:00+00:00,2025-03-03 00:00:00+00:00,2,3.46,-15.037,-15.397,spread_blowout
1000RATSUSDT/UNIUSDT,2025-03-01 00:00:00+00:00,2025-03-04 00:00:00+00:00,3,3.1,-31.466,-31.826,spread_blowout
WLDUSDT/ZECUSDT,2025-03-01 00:00:00+00:00,2025-03-29 00:00:00+00:00,28,-2.02,-29.973,-30.333,spread_blowout
AVAXUSDT/ETHUSDT,2025-03-01 00:00:00+00:00,2025-03-10 00:00:00+00:00,9,3.72,-1.607,-1.967,spread_blowout
ETHUSDT/WLDUSDT,2025-03-01 00:00:00+00:00,2025-03-03 00:00:00+00:00,2,-3.87,-1.037,-1.397,spread_blowout
1000RATSUSDT/1000SHIBUSDT,2025-03-01 00:00:00+00:00,2025-03-03 00:00:00+00:00,2,3.33,-14.446,-14.806,spread_blowout
AVAXUSDT/COTIUSDT,2025-03-02 00:00:00+00:00,2025-04-01 00:00:00+00:00,30,-2.44,0.396,0.036,time_stop
ADAUSDT/AVAXUSDT,2025-03-03 00:00:00+00:00,2025-03-04 00:00:00+00:00,1,3.27,-12.019,-12.379,spread_blowout
1000PEPEUSDT/COTIUSDT,2025-03-04 00:00:00+00:00,2025-04-03 00:00:00+00:00,30,-3.09,23.107,22.747,time_stop
1000SHIBUSDT/COTIUSDT,2025-03-04 00:00:00+00:00,2025-04-03 00:00:00+00:00,30,-3.34,10.835,10.475,time_stop
ETHUSDT/WLDUSDT,2025-03-04 00:00:00+00:00,2025-03-12 00:00:00+00:00,8,-2.05,-8.14,-8.5,spread_blowout
1000RATSUSDT/ZECUSDT,2025-03-04 00:00:00+00:00,2025-04-03 00:00:00+00:00,30,2.31,31.371,31.011,time_stop
COTIUSDT/ETHUSDT,2025-03-05 00:00:00+00:00,2025-03-25 00:00:00+00:00,20,2.33,-22.385,-22.745,spread_blowout
1000SHIBUSDT/UNIUSDT,2025-03-06 00:00:00+00:00,2025-03-12 00:00:00+00:00,6,2.18,-8.352,-8.712,spread_blowout
ETHUSDT/LINKUSDT,2025-03-06 00:00:00+00:00,2025-04-05 00:00:00+00:00,30,-2.41,3.698,3.338,time_stop
BTCUSDT/SOLUSDT,2025-03-09 00:00:00+00:00,2025-03-19 00:00:00+00:00,10,-2.27,5.212,4.852,converged
1000RATSUSDT/COTIUSDT,2025-03-09 00:00:00+00:00,2025-04-06 00:00:00+00:00,28,2.37,-35.497,-35.857,spread_blowout
1000SHIBUSDT/AVAXUSDT,2025-03-10 00:00:00+00:00,2025-03-24 00:00:00+00:00,14,2.06,6.889,6.529,converged
1000PEPEUSDT/UNIUSDT,2025-03-10 00:00:00+00:00,2025-03-12 00:00:00+00:00,2,2.14,-19.695,-20.055,spread_blowout
1000SHIBUSDT/ETHUSDT,2025-03-11 00:00:00+00:00,2025-03-16 00:00:00+00:00,5,2.36,-10.892,-11.252,spread_blowout
1000PEPEUSDT/ETHUSDT,2025-03-11 00:00:00+00:00,2025-03-17 00:00:00+00:00,6,2.67,-15.216,-15.576,spread_blowout
AVAXUSDT/UNIUSDT,2025-03-12 00:00:00+00:00,2025-03-20 00:00:00+00:00,8,3.14,16.958,16.598,converged
AVAXUSDT/ETHUSDT,2025-03-12 00:00:00+00:00,2025-03-25 00:00:00+00:00,13,3.4,-6.819,-7.179,spread_blowout
AAVEUSDT/WLDUSDT,2025-03-13 00:00:00+00:00,2025-04-12 00:00:00+00:00,30,-2.34,-5.569,-5.929,time_stop
1000PEPEUSDT/SUIUSDT,2025-03-13 00:00:00+00:00,2025-04-12 00:00:00+00:00,30,2.21,3.048,2.688,time_stop
AAVEUSDT/AVAXUSDT,2025-03-13 00:00:00+00:00,2025-04-06 00:00:00+00:00,24,-2.46,-12.835,-13.195,spread_blowout
1000PEPEUSDT/AAVEUSDT,2025-03-13 00:00:00+00:00,2025-04-06 00:00:00+00:00,24,2.11,-35.783,-36.143,spread_blowout
ETHUSDT/WLDUSDT,2025-03-13 00:00:00+00:00,2025-04-07 00:00:00+00:00,25,-2.98,-5.736,-6.096,spread_blowout
1000SHIBUSDT/UNIUSDT,2025-03-13 00:00:00+00:00,2025-03-14 00:00:00+00:00,1,2.83,-4.103,-4.463,spread_blowout
1000PEPEUSDT/UNIUSDT,2025-03-13 00:00:00+00:00,2025-03-26 00:00:00+00:00,13,3.69,-4.951,-5.311,spread_blowout
BNBUSDT/SUIUSDT,2025-03-15 00:00:00+00:00,2025-04-14 00:00:00+00:00,30,2.33,3.826,3.466,time_stop
1000SHIBUSDT/UNIUSDT,2025-03-15 00:00:00+00:00,2025-04-10 00:00:00+00:00,26,2.58,-7.938,-8.298,spread_blowout
BNBUSDT/DOGEUSDT,2025-03-15 00:00:00+00:00,2025-04-14 00:00:00+00:00,30,2.38,2.956,2.596,time_stop
BNBUSDT/UNIUSDT,2025-03-15 00:00:00+00:00,2025-04-14 00:00:00+00:00,30,2.61,1.85,1.49,time_stop
1000SHIBUSDT/BNBUSDT,2025-03-15 00:00:00+00:00,2025-04-14 00:00:00+00:00,30,-2.01,9.053,8.693,time_stop
1000SHIBUSDT/AAVEUSDT,2025-03-16 00:00:00+00:00,2025-04-15 00:00:00+00:00,30,2.18,-7.923,-8.283,time_stop
1000SHIBUSDT/SUIUSDT,2025-03-16 00:00:00+00:00,2025-04-15 00:00:00+00:00,30,2.24,5.714,5.354,time_stop
1000SHIBUSDT/WLDUSDT,2025-03-16 00:00:00+00:00,2025-04-15 00:00:00+00:00,30,2.12,1.738,1.378,time_stop
1000SHIBUSDT/ETHUSDT,2025-03-17 00:00:00+00:00,2025-04-10 00:00:00+00:00,24,2.1,-15.337,-15.697,spread_blowout
1000PEPEUSDT/AVAXUSDT,2025-03-17 00:00:00+00:00,2025-03-25 00:00:00+00:00,8,2.05,19.877,19.517,converged
1000PEPEUSDT/1000SHIBUSDT,2025-03-18 00:00:00+00:00,2025-04-08 00:00:00+00:00,21,2.31,-10.783,-11.143,spread_blowout
1000PEPEUSDT/ETHUSDT,2025-03-18 00:00:00+00:00,2025-04-06 00:00:00+00:00,19,2.06,-24.91,-25.27,spread_blowout
1000PEPEUSDT/WLDUSDT,2025-03-18 00:00:00+00:00,2025-04-06 00:00:00+00:00,19,2.16,-16.209,-16.569,spread_blowout
DOGEUSDT/UNIUSDT,2025-03-20 00:00:00+00:00,2025-03-26 00:00:00+00:00,6,-2.04,16.465,16.105,converged
ETHUSDT/UNIUSDT,2025-03-20 00:00:00+00:00,2025-04-19 00:00:00+00:00,30,-2.14,-2.738,-3.098,time_stop
COTIUSDT/SUIUSDT,2025-03-21 00:00:00+00:00,2025-04-07 00:00:00+00:00,17,2.05,18.954,18.594,converged
COTIUSDT/WLDUSDT,2025-03-21 00:00:00+00:00,2025-04-08 00:00:00+00:00,18,2.27,17.367,17.007,converged
AVAXUSDT/WLDUSDT,2025-03-23 00:00:00+00:00,2025-04-12 00:00:00+00:00,20,2.14,-7.856,-8.216,spread_blowout
COTIUSDT/UNIUSDT,2025-03-25 00:00:00+00:00,2025-04-24 00:00:00+00:00,30,2.74,-0.44,-0.8,time_stop
AVAXUSDT/SUIUSDT,2025-03-25 00:00:00+00:00,2025-03-27 00:00:00+00:00,2,2.55,16.697,16.337,converged
AVAXUSDT/UNIUSDT,2025-03-25 00:00:00+00:00,2025-04-10 00:00:00+00:00,16,2.88,-8.701,-9.061,spread_blowout
AVAXUSDT/DOGEUSDT,2025-03-25 00:00:00+00:00,2025-04-05 00:00:00+00:00,11,2.09,12.838,12.478,converged
AVAXUSDT/ETHUSDT,2025-03-26 00:00:00+00:00,2025-04-08 00:00:00+00:00,13,2.59,-9.508,-9.868,spread_blowout
ETHUSDT/SUIUSDT,2025-03-26 00:00:00+00:00,2025-04-10 00:00:00+00:00,15,-2.01,-11.388,-11.748,spread_blowout
DOGEUSDT/ETHUSDT,2025-03-26 00:00:00+00:00,2025-04-10 00:00:00+00:00,15,2.03,-13.363,-13.723,spread_blowout
SUIUSDT/UNIUSDT,2025-03-27 00:00:00+00:00,2025-04-22 00:00:00+00:00,26,2.64,-9.117,-9.477,spread_blowout
1000PEPEUSDT/UNIUSDT,2025-03-27 00:00:00+00:00,2025-04-10 00:00:00+00:00,14,2.35,-15.16,-15.52,spread_blowout
COTIUSDT/ZECUSDT,2025-03-29 00:00:00+00:00,2025-04-02 00:00:00+00:00,4,-2.34,-11.921,-12.281,spread_blowout
1000PEPEUSDT/ZECUSDT,2025-03-30 00:00:00+00:00,2025-04-14 00:00:00+00:00,15,-2.42,36.33,35.97,converged
AAVEUSDT/SUIUSDT,2025-04-02 00:00:00+00:00,2025-04-24 00:00:00+00:00,22,-2.15,-20.677,-21.037,spread_blowout
AAVEUSDT/DOGEUSDT,2025-04-02 00:00:00+00:00,2025-05-02 00:00:00+00:00,30,-2.35,6.534,6.174,time_stop
COTIUSDT/ZECUSDT,2025-04-03 00:00:00+00:00,2025-04-06 00:00:00+00:00,3,-3.55,-6.452,-6.812,spread_blowout
1000PEPEUSDT/COTIUSDT,2025-04-06 00:00:00+00:00,2025-04-20 00:00:00+00:00,14,2.11,26.236,25.876,converged
1000PEPEUSDT/AVAXUSDT,2025-04-06 00:00:00+00:00,2025-04-12 00:00:00+00:00,6,2.22,15.628,15.268,converged
1000PEPEUSDT/ETHUSDT,2025-04-07 00:00:00+00:00,2025-05-07 00:00:00+00:00,30,2.01,-2.311,-2.671,time_stop
AAVEUSDT/AVAXUSDT,2025-04-07 00:00:00+00:00,2025-05-07 00:00:00+00:00,30,-2.13,11.987,11.627,time_stop
ETHUSDT/WLDUSDT,2025-04-08 00:00:00+00:00,2025-04-25 00:00:00+00:00,17,-2.13,-12.144,-12.504,spread_blowout
ETHUSDT/ONDOUSDT,2025-04-10 00:00:00+00:00,2025-05-09 00:00:00+00:00,29,-2.32,22.038,21.678,converged
AAVEUSDT/ONDOUSDT,2025-04-10 00:00:00+00:00,2025-05-03 00:00:00+00:00,23,-2.09,21.542,21.182,converged
AAVEUSDT/LINKUSDT,2025-04-10 00:00:00+00:00,2025-05-05 00:00:00+00:00,25,-2.16,15.298,14.938,converged
AVAXUSDT/ETHUSDT,2025-04-10 00:00:00+00:00,2025-05-09 00:00:00+00:00,29,3.02,23.974,23.614,converged
DOGEUSDT/UNIUSDT,2025-04-10 00:00:00+00:00,2025-05-01 00:00:00+00:00,21,2.08,-10.663,-11.023,spread_blowout
1000SHIBUSDT/UNIUSDT,2025-04-11 00:00:00+00:00,2025-04-25 00:00:00+00:00,14,2.4,-7.62,-7.98,spread_blowout
DOGEUSDT/ETHUSDT,2025-04-11 00:00:00+00:00,2025-05-08 00:00:00+00:00,27,2.85,21.618,21.258,converged
BTCUSDT/ETHUSDT,2025-04-11 00:00:00+00:00,2025-04-21 00:00:00+00:00,10,2.59,-4.489,-4.849,spread_blowout
AAVEUSDT/BTCUSDT,2025-04-11 00:00:00+00:00,2025-04-21 00:00:00+00:00,10,-2.84,-9.641,-10.001,spread_blowout
ETHUSDT/SUIUSDT,2025-04-11 00:00:00+00:00,2025-04-23 00:00:00+00:00,12,-2.64,-12.495,-12.855,spread_blowout
AAVEUSDT/SOLUSDT,2025-04-11 00:00:00+00:00,2025-05-11 00:00:00+00:00,30,-2.42,11.931,11.571,time_stop
1000SHIBUSDT/ETHUSDT,2025-04-11 00:00:00+00:00,2025-05-11 00:00:00+00:00,30,2.2,12.74,12.38,time_stop
AVAXUSDT/UNIUSDT,2025-04-11 00:00:00+00:00,2025-04-27 00:00:00+00:00,16,2.76,-8.448,-8.808,spread_blowout
ETHUSDT/LINKUSDT,2025-04-11 00:00:00+00:00,2025-05-09 00:00:00+00:00,28,-2.19,17.302,16.942,converged
ETHUSDT/SOLUSDT,2025-04-11 00:00:00+00:00,2025-05-11 00:00:00+00:00,30,-2.38,16.618,16.258,time_stop
1000PEPEUSDT/UNIUSDT,2025-04-12 00:00:00+00:00,2025-04-28 00:00:00+00:00,16,2.05,-19.877,-20.237,spread_blowout
AVAXUSDT/DOGEUSDT,2025-04-12 00:00:00+00:00,2025-05-10 00:00:00+00:00,28,2.44,12.087,11.727,converged
1000PEPEUSDT/1000SHIBUSDT,2025-04-13 00:00:00+00:00,2025-05-08 00:00:00+00:00,25,2.16,-13.819,-14.179,spread_blowout
AVAXUSDT/WLDUSDT,2025-04-13 00:00:00+00:00,2025-04-25 00:00:00+00:00,12,2.24,11.898,11.538,converged
AVAXUSDT/LINKUSDT,2025-04-14 00:00:00+00:00,2025-05-08 00:00:00+00:00,24,2.05,14.238,13.878,converged
1000SHIBUSDT/AVAXUSDT,2025-04-14 00:00:00+00:00,2025-04-25 00:00:00+00:00,11,-2.68,9.008,8.648,converged
AVAXUSDT/SUIUSDT,2025-04-14 00:00:00+00:00,2025-04-23 00:00:00+00:00,9,2.24,19.151,18.791,converged
LINKUSDT/SOLUSDT,2025-04-15 00:00:00+00:00,2025-05-15 00:00:00+00:00,30,-2.05,0.691,0.331,time_stop
SOLUSDT/UNIUSDT,2025-04-16 00:00:00+00:00,2025-05-05 00:00:00+00:00,19,2.36,-14.008,-14.368,spread_blowout
DOGEUSDT/SOLUSDT,2025-04-16 00:00:00+00:00,2025-05-10 00:00:00+00:00,24,-2.23,15.428,15.068,converged
SOLUSDT/SUIUSDT,2025-04-16 00:00:00+00:00,2025-04-23 00:00:00+00:00,7,2.04,23.455,23.095,converged
BTCUSDT/UNIUSDT,2025-04-17 00:00:00+00:00,2025-04-22 00:00:00+00:00,5,2.3,-6.13,-6.49,spread_blowout
SOLUSDT/WLDUSDT,2025-04-17 00:00:00+00:00,2025-04-25 00:00:00+00:00,8,2.2,18.42,18.06,converged
LINKUSDT/UNIUSDT,2025-04-20 00:00:00+00:00,2025-05-02 00:00:00+00:00,12,2.08,-9.841,-10.201,spread_blowout
BTCUSDT/DOGEUSDT,2025-04-20 00:00:00+00:00,2025-04-22 00:00:00+00:00,2,2.17,-4.807,-5.167,spread_blowout
1000PEPEUSDT/DOGEUSDT,2025-04-20 00:00:00+00:00,2025-05-08 00:00:00+00:00,18,2.06,-16.85,-17.21,spread_blowout
BTCUSDT/LINKUSDT,2025-04-21 00:00:00+00:00,2025-04-22 00:00:00+00:00,1,2.32,-3.75,-4.11,spread_blowout
BTCUSDT/SUIUSDT,2025-04-21 00:00:00+00:00,2025-04-24 00:00:00+00:00,3,2.4,8.226,7.866,converged
BTCUSDT/WLDUSDT,2025-04-22 00:00:00+00:00,2025-05-08 00:00:00+00:00,16,2.99,-4.088,-4.448,spread_blowout
1000PEPEUSDT/LINKUSDT,2025-04-22 00:00:00+00:00,2025-05-09 00:00:00+00:00,17,2.25,-21.308,-21.668,spread_blowout
BTCUSDT/SOLUSDT,2025-04-22 00:00:00+00:00,2025-05-01 00:00:00+00:00,9,2.96,-2.716,-3.076,spread_blowout
SUIUSDT/WLDUSDT,2025-04-22 00:00:00+00:00,2025-04-24 00:00:00+00:00,2,2.1,-16.213,-16.573,spread_blowout
BTCUSDT/ETHUSDT,2025-04-22 00:00:00+00:00,2025-04-25 00:00:00+00:00,3,3.86,-0.727,-1.087,spread_blowout
BTCUSDT/ONDOUSDT,2025-04-22 00:00:00+00:00,2025-04-30 00:00:00+00:00,8,3.53,-1.112,-1.472,spread_blowout
1000SHIBUSDT/AAVEUSDT,2025-04-22 00:00:00+00:00,2025-05-03 00:00:00+00:00,11,2.01,11.221,10.861,converged
AAVEUSDT/BTCUSDT,2025-04-22 00:00:00+00:00,2025-05-07 00:00:00+00:00,15,-3.74,-3.177,-3.537,spread_blowout
1000SHIBUSDT/DOGEUSDT,2025-04-22 00:00:00+00:00,2025-05-16 00:00:00+00:00,24,2.02,5.886,5.526,converged
1000PEPEUSDT/WLDUSDT,2025-04-22 00:00:00+00:00,2025-04-26 00:00:00+00:00,4,2.49,22.287,21.927,converged
1000SHIBUSDT/BTCUSDT,2025-04-22 00:00:00+00:00,2025-05-03 00:00:00+00:00,11,-2.41,-9.244,-9.604,spread_blowout
DOGEUSDT/SUIUSDT,2025-04-22 00:00:00+00:00,2025-04-23 00:00:00+00:00,1,-2.88,-12.267,-12.627,spread_blowout
BTCUSDT/LINKUSDT,2025-04-23 00:00:00+00:00,2025-05-01 00:00:00+00:00,8,2.75,-3.612,-3.972,spread_blowout
LINKUSDT/SUIUSDT,2025-04-23 00:00:00+00:00,2025-04-24 00:00:00+00:00,1,-2.58,-11.515,-11.875,spread_blowout
1000SHIBUSDT/SUIUSDT,2025-04-23 00:00:00+00:00,2025-04-24 00:00:00+00:00,1,-2.71,-6.759,-7.119,spread_blowout
ONDOUSDT/SUIUSDT,2025-04-23 00:00:00+00:00,2025-04-27 00:00:00+00:00,4,-2.67,-14.559,-14.919,spread_blowout
BTCUSDT/DOGEUSDT,2025-04-23 00:00:00+00:00,2025-04-25 00:00:00+00:00,2,3.94,-0.498,-0.858,spread_blowout
BTCUSDT/UNIUSDT,2025-04-23 00:00:00+00:00,2025-04-25 00:00:00+00:00,2,3.41,-2.034,-2.394,spread_blowout
AVAXUSDT/SUIUSDT,2025-04-24 00:00:00+00:00,2025-04-27 00:00:00+00:00,3,-2.98,-8.603,-8.963,spread_blowout
UNIUSDT/WLDUSDT,2025-04-24 00:00:00+00:00,2025-04-25 00:00:00+00:00,1,-2.41,-10.933,-11.293,spread_blowout
ONDOUSDT/UNIUSDT,2025-04-24 00:00:00+00:00,2025-05-24 00:00:00+00:00,30,2.09,8.129,7.769,time_stop
AAVEUSDT/ETHUSDT,2025-04-24 00:00:00+00:00,2025-05-09 00:00:00+00:00,15,2.11,9.386,9.026,converged
SOLUSDT/SUIUSDT,2025-04-24 00:00:00+00:00,2025-04-27 00:00:00+00:00,3,-2.91,-9.457,-9.817,spread_blowout
AVAXUSDT/BTCUSDT,2025-04-25 00:00:00+00:00,2025-05-05 00:00:00+00:00,10,-2.06,-12.126,-12.486,spread_blowout
SUIUSDT/WLDUSDT,2025-04-25 00:00:00+00:00,2025-05-05 00:00:00+00:00,10,3.64,-10.374,-10.734,spread_blowout
COTIUSDT/XRPUSDT,2025-04-25 00:00:00+00:00,2025-05-16 00:00:00+00:00,21,2.23,15.848,15.488,converged
DOGEUSDT/WLDUSDT,2025-04-25 00:00:00+00:00,2025-04-26 00:00:00+00:00,1,-3.41,-12.428,-12.788,spread_blowout
AAVEUSDT/WLDUSDT,2025-04-25 00:00:00+00:00,2025-04-26 00:00:00+00:00,1,-2.92,-9.36,-9.72,spread_blowout
SOLUSDT/WLDUSDT,2025-04-26 00:00:00+00:00,2025-05-04 00:00:00+00:00,8,-2.42,17.262,16.902,converged
ONDOUSDT/WLDUSDT,2025-04-26 00:00:00+00:00,2025-05-23 00:00:00+00:00,27,-2.14,-14.171,-14.531,spread_blowout
AAVEUSDT/UNIUSDT,2025-04-26 00:00:00+00:00,2025-05-01 00:00:00+00:00,5,2.26,-8.983,-9.343,spread_blowout
1000SHIBUSDT/UNIUSDT,2025-04-26 00:00:00+00:00,2025-05-10 00:00:00+00:00,14,3.1,-4.991,-5.351,spread_blowout
1000SHIBUSDT/SUIUSDT,2025-04-26 00:00:00+00:00,2025-04-27 00:00:00+00:00,1,-3.8,-5.791,-6.151,spread_blowout
AVAXUSDT/WLDUSDT,2025-04-26 00:00:00+00:00,2025-05-10 00:00:00+00:00,14,-2.29,12.171,11.811,converged
BTCUSDT/DOGEUSDT,2025-04-26 00:00:00+00:00,2025-05-01 00:00:00+00:00,5,3.26,-2.153,-2.513,spread_blowout
1000SHIBUSDT/WLDUSDT,2025-04-26 00:00:00+00:00,2025-05-08 00:00:00+00:00,12,-2.66,8.494,8.134,converged
1000PEPEUSDT/SUIUSDT,2025-04-27 00:00:00+00:00,2025-05-09 00:00:00+00:00,12,-2.28,25.405,25.045,converged
AAVEUSDT/WLDUSDT,2025-04-27 00:00:00+00:00,2025-05-05 00:00:00+00:00,8,-3.44,29.076,28.716,converged
LINKUSDT/WLDUSDT,2025-04-27 00:00:00+00:00,2025-05-22 00:00:00+00:00,25,-3.22,-7.361,-7.721,spread_blowout
ETHUSDT/UNIUSDT,2025-04-28 00:00:00+00:00,2025-05-02 00:00:00+00:00,4,2.39,-5.384,-5.744,spread_blowout
AVAXUSDT/SUIUSDT,2025-04-28 00:00:00+00:00,2025-05-05 00:00:00+00:00,7,-3.08,-8.093,-8.453,spread_blowout
1000SHIBUSDT/SUIUSDT,2025-04-28 00:00:00+00:00,2025-04-29 00:00:00+00:00,1,-3.63,-2.485,-2.845,spread_blowout
DOGEUSDT/WLDUSDT,2025-04-28 00:00:00+00:00,2025-04-30 00:00:00+00:00,2,-3.8,-3.736,-4.096,spread_blowout
SOLUSDT/SUIUSDT,2025-04-28 00:00:00+00:00,2025-05-28 00:00:00+00:00,30,-2.9,13.219,12.859,time_stop
1000PEPEUSDT/AVAXUSDT,2025-04-30 00:00:00+00:00,2025-05-08 00:00:00+00:00,8,2.49,-16.156,-16.516,spread_blowout
1000SHIBUSDT/SUIUSDT,2025-04-30 00:00:00+00:00,2025-05-05 00:00:00+00:00,5,-3.64,-2.945,-3.305,spread_blowout
BTCUSDT/ONDOUSDT,2025-05-01 00:00:00+00:00,2025-05-06 00:00:00+00:00,5,3.5,-2.164,-2.524,spread_blowout
BTCUSDT/SOLUSDT,2025-05-02 00:00:00+00:00,2025-05-08 00:00:00+00:00,6,3.2,-2.515,-2.875,spread_blowout
AAVEUSDT/UNIUSDT,2025-05-02 00:00:00+00:00,2025-05-03 00:00:00+00:00,1,3.55,-4.953,-5.313,spread_blowout
DOGEUSDT/UNIUSDT,2025-05-02 00:00:00+00:00,2025-05-16 00:00:00+00:00,14,2.88,-7.485,-7.845,spread_blowout
ETHUSDT/UNIUSDT,2025-05-03 00:00:00+00:00,2025-05-05 00:00:00+00:00,2,3.74,-1.23,-1.59,spread_blowout
LINKUSDT/UNIUSDT,2025-05-03 00:00:00+00:00,2025-05-30 00:00:00+00:00,27,2.23,15.296,14.936,converged
1000PEPEUSDT/BTCUSDT,2025-05-03 00:00:00+00:00,2025-05-08 00:00:00+00:00,5,-2.37,15.698,15.338,converged
ONDOUSDT/SOLUSDT,2025-05-03 00:00:00+00:00,2025-05-23 00:00:00+00:00,20,-2.21,-10.935,-11.295,spread_blowout
AAVEUSDT/UNIUSDT,2025-05-04 00:00:00+00:00,2025-05-06 00:00:00+00:00,2,3.35,-4.218,-4.578,spread_blowout
AAVEUSDT/UNIUSDT,2025-05-07 00:00:00+00:00,2025-05-16 00:00:00+00:00,9,2.89,-10.326,-10.686,spread_blowout
AVAXUSDT/SOLUSDT,2025-05-07 00:00:00+00:00,2025-05-10 00:00:00+00:00,3,-2.01,14.126,13.766,converged
1000SHIBUSDT/ONDOUSDT,2025-05-09 00:00:00+00:00,2025-05-10 00:00:00+00:00,1,2.21,-7.238,-7.598,spread_blowout
DOGEUSDT/ONDOUSDT,2025-05-10 00:00:00+00:00,2025-05-18 00:00:00+00:00,8,2.67,-6.971,-7.331,spread_blowout
AVAXUSDT/ONDOUSDT,2025-05-10 00:00:00+00:00,2025-06-09 00:00:00+00:00,30,2.26,0.102,-0.258,time_stop
1000SHIBUSDT/WLDUSDT,2025-05-10 00:00:00+00:00,2025-05-17 00:00:00+00:00,7,2.63,11.088,10.728,converged
1000SHIBUSDT/SOLUSDT,2025-05-10 00:00:00+00:00,2025-05-15 00:00:00+00:00,5,2.82,10.943,10.583,converged
1000SHIBUSDT/AVAXUSDT,2025-05-10 00:00:00+00:00,2025-05-22 00:00:00+00:00,12,2.35,7.55,7.19,converged
1000PEPEUSDT/BTCUSDT,2025-05-11 00:00:00+00:00,2025-05-13 00:00:00+00:00,2,3.2,-5.87,-6.23,spread_blowout
1000SHIBUSDT/ONDOUSDT,2025-05-11 00:00:00+00:00,2025-06-10 00:00:00+00:00,30,2.74,8.516,8.156,time_stop
1000SHIBUSDT/LINKUSDT,2025-05-13 00:00:00+00:00,2025-05-30 00:00:00+00:00,17,2.1,7.774,7.414,converged
AAVEUSDT/LINKUSDT,2025-05-16 00:00:00+00:00,2025-05-20 00:00:00+00:00,4,2.22,-12.12,-12.48,spread_blowout
DOGEUSDT/LINKUSDT,2025-05-18 00:00:00+00:00,2025-06-10 00:00:00+00:00,23,2.49,12.814,12.454,converged
BTCUSDT/SOLUSDT,2025-05-19 00:00:00+00:00,2025-06-06 00:00:00+00:00,18,2.16,-5.94,-6.3,spread_blowout
DOGEUSDT/ONDOUSDT,2025-05-19 00:00:00+00:00,2025-06-18 00:00:00+00:00,30,2.86,7.118,6.758,time_stop
AAVEUSDT/DOGEUSDT,2025-05-20 00:00:00+00:00,2025-05-30 00:00:00+00:00,10,2.07,-15.04,-15.4,spread_blowout
AAVEUSDT/ETHUSDT,2025-05-20 00:00:00+00:00,2025-06-10 00:00:00+00:00,21,2.89,-5.782,-6.142,spread_blowout
BTCUSDT/SUIUSDT,2025-05-20 00:00:00+00:00,2025-05-26 00:00:00+00:00,6,2.14,-5.961,-6.321,spread_blowout
AAVEUSDT/LINKUSDT,2025-05-21 00:00:00+00:00,2025-05-25 00:00:00+00:00,4,2.13,-13.914,-14.274,spread_blowout
1000SHIBUSDT/WLDUSDT,2025-05-23 00:00:00+00:00,2025-06-05 00:00:00+00:00,13,-2.53,-5.667,-6.027,spread_blowout
BTCUSDT/SUIUSDT,2025-05-27 00:00:00+00:00,2025-06-18 00:00:00+00:00,22,2.2,-6.51,-6.87,spread_blowout
1000SHIBUSDT/SOLUSDT,2025-05-30 00:00:00+00:00,2025-06-17 00:00:00+00:00,18,-2.45,-6.035,-6.395,spread_blowout
DOGEUSDT/ETHUSDT,2025-05-30 00:00:00+00:00,2025-06-04 00:00:00+00:00,5,-3.19,-5.28,-5.64,spread_blowout
AAVEUSDT/DOGEUSDT,2025-05-31 00:00:00+00:00,2025-06-04 00:00:00+00:00,4,3.1,-9.794,-10.154,spread_blowout
1000PEPEUSDT/DOGEUSDT,2025-06-04 00:00:00+00:00,2025-07-04 00:00:00+00:00,30,2.1,-6.446,-6.806,time_stop
DOGEUSDT/WLDUSDT,2025-06-05 00:00:00+00:00,2025-07-05 00:00:00+00:00,30,-2.03,5.702,5.342,time_stop
AVAXUSDT/SOLUSDT,2025-06-05 00:00:00+00:00,2025-06-28 00:00:00+00:00,23,-2.46,-7.306,-7.666,spread_blowout
DOGEUSDT/ETHUSDT,2025-06-05 00:00:00+00:00,2025-06-16 00:00:00+00:00,11,-3.53,-2.771,-3.131,spread_blowout
BTCUSDT/SOLUSDT,2025-06-07 00:00:00+00:00,2025-06-21 00:00:00+00:00,14,2.83,-4.348,-4.708,spread_blowout
1000SHIBUSDT/AVAXUSDT,2025-06-08 00:00:00+00:00,2025-07-08 00:00:00+00:00,30,-2.36,5.687,5.327,time_stop
AAVEUSDT/BNBUSDT,2025-06-10 00:00:00+00:00,2025-07-10 00:00:00+00:00,30,2.02,7.268,6.908,time_stop
1000SHIBUSDT/LINKUSDT,2025-06-10 00:00:00+00:00,2025-06-30 00:00:00+00:00,20,-2.82,-2.834,-3.194,spread_blowout
AAVEUSDT/ETHUSDT,2025-06-11 00:00:00+00:00,2025-07-11 00:00:00+00:00,30,2.02,10.171,9.811,converged
1000PEPEUSDT/AAVEUSDT,2025-06-12 00:00:00+00:00,2025-07-12 00:00:00+00:00,30,-2.13,3.359,2.999,time_stop
1000SHIBUSDT/DOGEUSDT,2025-06-12 00:00:00+00:00,2025-07-12 00:00:00+00:00,30,-2.01,2.663,2.303,time_stop
BTCUSDT/WLDUSDT,2025-06-12 00:00:00+00:00,2025-06-25 00:00:00+00:00,13,2.17,-8.412,-8.772,spread_blowout
ADAUSDT/XRPUSDT,2025-06-16 00:00:00+00:00,2025-06-24 00:00:00+00:00,8,-2.89,-4.527,-4.887,spread_blowout
ADAUSDT/LINKUSDT,2025-06-16 00:00:00+00:00,2025-06-21 00:00:00+00:00,5,-2.9,-2.155,-2.515,spread_blowout
1000PEPEUSDT/BTCUSDT,2025-06-16 00:00:00+00:00,2025-06-26 00:00:00+00:00,10,-2.21,-14.902,-15.262,spread_blowout
ADAUSDT/DOGEUSDT,2025-06-19 00:00:00+00:00,2025-07-13 00:00:00+00:00,24,-2.38,11.392,11.032,converged
ADAUSDT/LINKUSDT,2025-06-22 00:00:00+00:00,2025-06-24 00:00:00+00:00,2,-2.67,-4.506,-4.866,spread_blowout
AVAXUSDT/XRPUSDT,2025-06-23 00:00:00+00:00,2025-07-08 00:00:00+00:00,15,-2.18,-8.785,-9.145,spread_blowout
1000SHIBUSDT/ADAUSDT,2025-06-24 00:00:00+00:00,2025-07-11 00:00:00+00:00,17,2.0,6.425,6.065,converged
AVAXUSDT/LINKUSDT,2025-06-24 00:00:00+00:00,2025-07-20 00:00:00+00:00,26,-2.35,-5.561,-5.921,spread_blowout
1000PEPEUSDT/BNBUSDT,2025-06-25 00:00:00+00:00,2025-07-18 00:00:00+00:00,23,-2.06,-23.34,-23.7,spread_blowout
ADAUSDT/LINKUSDT,2025-06-27 00:00:00+00:00,2025-06-28 00:00:00+00:00,1,-3.8,-1.253,-1.613,spread_blowout
ADAUSDT/AVAXUSDT,2025-06-28 00:00:00+00:00,2025-07-11 00:00:00+00:00,13,-2.04,10.384,10.024,converged
ADAUSDT/LINKUSDT,2025-07-04 00:00:00+00:00,2025-08-03 00:00:00+00:00,30,-2.04,2.632,2.272,time_stop
LINKUSDT/XRPUSDT,2025-07-06 00:00:00+00:00,2025-07-11 00:00:00+00:00,5,-2.14,-16.228,-16.588,spread_blowout
1000SHIBUSDT/LINKUSDT,2025-07-08 00:00:00+00:00,2025-07-17 00:00:00+00:00,9,-2.35,-7.126,-7.486,spread_blowout
1000SATSUSDT/ADAUSDT,2025-07-09 00:00:00+00:00,2025-07-11 00:00:00+00:00,2,2.07,15.541,15.181,converged
COTIUSDT/ONDOUSDT,2025-07-10 00:00:00+00:00,2025-07-17 00:00:00+00:00,7,-2.37,-21.222,-21.582,spread_blowout
AAVEUSDT/BTCUSDT,2025-07-11 00:00:00+00:00,2025-08-10 00:00:00+00:00,30,-2.18,-1.457,-1.817,time_stop
ADAUSDT/AVAXUSDT,2025-07-12 00:00:00+00:00,2025-07-27 00:00:00+00:00,15,2.22,7.49,7.13,converged
1000SHIBUSDT/ADAUSDT,2025-07-13 00:00:00+00:00,2025-07-23 00:00:00+00:00,10,-2.53,-5.217,-5.577,spread_blowout
1000SATSUSDT/LINKUSDT,2025-07-13 00:00:00+00:00,2025-07-17 00:00:00+00:00,4,-2.22,-12.961,-13.321,spread_blowout
AAVEUSDT/ETHUSDT,2025-07-16 00:00:00+00:00,2025-07-20 00:00:00+00:00,4,-2.15,-13.203,-13.563,spread_blowout
DOGEUSDT/LINKUSDT,2025-07-17 00:00:00+00:00,2025-08-08 00:00:00+00:00,22,-2.69,-7.849,-8.209,spread_blowout
1000SHIBUSDT/ONDOUSDT,2025-07-17 00:00:00+00:00,2025-07-23 00:00:00+00:00,6,-2.63,-3.912,-4.272,spread_blowout
1000SATSUSDT/AVAXUSDT,2025-07-17 00:00:00+00:00,2025-07-26 00:00:00+00:00,9,-2.05,-13.626,-13.986,spread_blowout
LINKUSDT/ONDOUSDT,2025-07-17 00:00:00+00:00,2025-07-20 00:00:00+00:00,3,2.39,-5.901,-6.261,spread_blowout
1000SHIBUSDT/LINKUSDT,2025-07-18 00:00:00+00:00,2025-07-21 00:00:00+00:00,3,-3.1,-4.247,-4.607,spread_blowout
BNBUSDT/BTCUSDT,2025-07-18 00:00:00+00:00,2025-07-20 00:00:00+00:00,2,2.65,-3.977,-4.337,spread_blowout
DOGEUSDT/SOLUSDT,2025-07-20 00:00:00+00:00,2025-07-21 00:00:00+00:00,1,3.29,13.178,12.818,converged
ADAUSDT/SUIUSDT,2025-07-20 00:00:00+00:00,2025-07-27 00:00:00+00:00,7,2.22,11.474,11.114,converged
BNBUSDT/ETHUSDT,2025-07-20 00:00:00+00:00,2025-07-22 00:00:00+00:00,2,2.65,-3.991,-4.351,spread_blowout
BTCUSDT/ETHUSDT,2025-07-20 00:00:00+00:00,2025-08-09 00:00:00+00:00,20,-2.42,-5.259,-5.619,spread_blowout
AVAXUSDT/DOGEUSDT,2025-07-20 00:00:00+00:00,2025-07-26 00:00:00+00:00,6,-2.08,11.35,10.99,converged
1000SHIBUSDT/DOGEUSDT,2025-07-20 00:00:00+00:00,2025-08-19 00:00:00+00:00,30,-2.41,-5.144,-5.504,time_stop
AVAXUSDT/LINKUSDT,2025-07-21 00:00:00+00:00,2025-08-08 00:00:00+00:00,18,-2.42,-8.718,-9.078,spread_blowout
AAVEUSDT/ETHUSDT,2025-07-21 00:00:00+00:00,2025-07-24 00:00:00+00:00,3,-2.74,-10.296,-10.656,spread_blowout
LINKUSDT/ONDOUSDT,2025-07-21 00:00:00+00:00,2025-08-08 00:00:00+00:00,18,3.12,-6.449,-6.809,spread_blowout
DOGEUSDT/SOLUSDT,2025-07-22 00:00:00+00:00,2025-08-09 00:00:00+00:00,18,-2.4,10.2,9.84,converged
ONDOUSDT/SUIUSDT,2025-07-22 00:00:00+00:00,2025-07-26 00:00:00+00:00,4,3.23,12.242,11.882,converged
1000SHIBUSDT/LINKUSDT,2025-07-22 00:00:00+00:00,2025-07-27 00:00:00+00:00,5,-2.92,-6.736,-7.096,spread_blowout
1000SATSUSDT/WLDUSDT,2025-07-22 00:00:00+00:00,2025-08-21 00:00:00+00:00,30,-2.41,6.899,6.539,time_stop
BNBUSDT/ETHUSDT,2025-07-23 00:00:00+00:00,2025-07-26 00:00:00+00:00,3,3.76,-1.195,-1.555,spread_blowout
1000SHIBUSDT/AVAXUSDT,2025-07-23 00:00:00+00:00,2025-07-26 00:00:00+00:00,3,-3.41,-2.885,-3.245,spread_blowout
BNBUSDT/BTCUSDT,2025-07-23 00:00:00+00:00,2025-07-25 00:00:00+00:00,2,3.56,-1.934,-2.294,spread_blowout
LINKUSDT/SUIUSDT,2025-07-23 00:00:00+00:00,2025-08-08 00:00:00+00:00,16,2.85,-6.616,-6.976,spread_blowout
1000SHIBUSDT/ONDOUSDT,2025-07-24 00:00:00+00:00,2025-08-03 00:00:00+00:00,10,-3.57,-1.856,-2.216,spread_blowout
1000SHIBUSDT/ADAUSDT,2025-07-24 00:00:00+00:00,2025-08-03 00:00:00+00:00,10,-3.21,-2.532,-2.892,spread_blowout
1000SHIBUSDT/SUIUSDT,2025-07-26 00:00:00+00:00,2025-08-25 00:00:00+00:00,30,-3.26,1.972,1.612,time_stop
BNBUSDT/BTCUSDT,2025-07-26 00:00:00+00:00,2025-07-27 00:00:00+00:00,1,3.59,-5.091,-5.451,spread_blowout
BNBUSDT/ETHUSDT,2025-07-28 00:00:00+00:00,2025-08-20 00:00:00+00:00,23,3.79,-0.529,-0.889,spread_blowout
ADAUSDT/AVAXUSDT,2025-07-28 00:00:00+00:00,2025-08-01 00:00:00+00:00,4,-2.26,6.561,6.201,converged
AVAXUSDT/ONDOUSDT,2025-07-28 00:00:00+00:00,2025-08-02 00:00:00+00:00,5,2.07,6.271,5.911,converged
1000SHIBUSDT/AVAXUSDT,2025-07-29 00:00:00+00:00,2025-08-16 00:00:00+00:00,18,-3.86,-0.853,-1.213,spread_blowout
LINKUSDT/SOLUSDT,2025-08-03 00:00:00+00:00,2025-08-08 00:00:00+00:00,5,2.24,-8.344,-8.704,spread_blowout
1000SHIBUSDT/ADAUSDT,2025-08-04 00:00:00+00:00,2025-08-14 00:00:00+00:00,10,-2.47,-12.431,-12.791,spread_blowout
ADAUSDT/LINKUSDT,2025-08-08 00:00:00+00:00,2025-08-09 00:00:00+00:00,1,-3.11,-8.382,-8.742,spread_blowout
ETHUSDT/XRPUSDT,2025-08-09 00:00:00+00:00,2025-08-12 00:00:00+00:00,3,2.99,-6.187,-6.547,spread_blowout
DOGEUSDT/LINKUSDT,2025-08-09 00:00:00+00:00,2025-08-10 00:00:00+00:00,1,-3.5,-3.156,-3.516,spread_blowout
LINKUSDT/XRPUSDT,2025-08-10 00:00:00+00:00,2025-08-12 00:00:00+00:00,2,3.36,-4.856,-5.216,spread_blowout
DOGEUSDT/SOLUSDT,2025-08-12 00:00:00+00:00,2025-08-23 00:00:00+00:00,11,-2.12,-9.561,-9.921,spread_blowout
SOLUSDT/SUIUSDT,2025-08-12 00:00:00+00:00,2025-08-23 00:00:00+00:00,11,2.17,-8.663,-9.023,spread_blowout
BNBUSDT/XRPUSDT,2025-08-12 00:00:00+00:00,2025-08-20 00:00:00+00:00,8,2.18,-8.766,-9.126,spread_blowout
LINKUSDT/SOLUSDT,2025-08-12 00:00:00+00:00,2025-08-17 00:00:00+00:00,5,3.31,-8.964,-9.324,spread_blowout
ADAUSDT/AVAXUSDT,2025-08-13 00:00:00+00:00,2025-08-14 00:00:00+00:00,1,2.35,-10.459,-10.819,spread_blowout
ONDOUSDT/SOLUSDT,2025-08-13 00:00:00+00:00,2025-08-20 00:00:00+00:00,7,-2.62,-4.092,-4.452,spread_blowout
ETHUSDT/XRPUSDT,2025-08-13 00:00:00+00:00,2025-08-14 00:00:00+00:00,1,3.7,-2.205,-2.565,spread_blowout
ADAUSDT/SUIUSDT,2025-08-13 00:00:00+00:00,2025-08-14 00:00:00+00:00,1,2.67,-8.43,-8.79,spread_blowout
AVAXUSDT/SOLUSDT,2025-08-13 00:00:00+00:00,2025-08-28 00:00:00+00:00,15,-2.24,-9.911,-10.271,spread_blowout
ADAUSDT/DOGEUSDT,2025-08-13 00:00:00+00:00,2025-08-14 00:00:00+00:00,1,2.55,-10.36,-10.72,spread_blowout
ETHUSDT/UNIUSDT,2025-08-14 00:00:00+00:00,2025-09-13 00:00:00+00:00,30,2.27,-8.88,-9.24,time_stop
ETHUSDT/XRPUSDT,2025-08-15 00:00:00+00:00,2025-08-22 00:00:00+00:00,7,3.03,-8.58,-8.94,spread_blowout
ADAUSDT/SOLUSDT,2025-08-15 00:00:00+00:00,2025-08-23 00:00:00+00:00,8,2.75,16.445,16.085,converged
ADAUSDT/ONDOUSDT,2025-08-16 00:00:00+00:00,2025-08-17 00:00:00+00:00,1,3.46,-3.488,-3.848,spread_blowout
ADAUSDT/SUIUSDT,2025-08-16 00:00:00+00:00,2025-08-17 00:00:00+00:00,1,3.41,-4.496,-4.856,spread_blowout
ADAUSDT/DOGEUSDT,2025-08-16 00:00:00+00:00,2025-08-17 00:00:00+00:00,1,3.35,-2.899,-3.259,spread_blowout
ADAUSDT/AVAXUSDT,2025-08-16 00:00:00+00:00,2025-08-18 00:00:00+00:00,2,3.33,-3.135,-3.495,spread_blowout
AVAXUSDT/SUIUSDT,2025-08-17 00:00:00+00:00,2025-08-28 00:00:00+00:00,11,2.18,-6.114,-6.474,spread_blowout
ETHUSDT/LINKUSDT,2025-08-17 00:00:00+00:00,2025-09-16 00:00:00+00:00,30,-2.35,10.844,10.484,time_stop
ADAUSDT/SUIUSDT,2025-08-18 00:00:00+00:00,2025-09-17 00:00:00+00:00,30,3.78,5.777,5.417,time_stop
ADAUSDT/ONDOUSDT,2025-08-18 00:00:00+00:00,2025-09-17 00:00:00+00:00,30,3.98,13.307,12.947,time_stop
ADAUSDT/DOGEUSDT,2025-08-18 00:00:00+00:00,2025-09-11 00:00:00+00:00,24,3.65,16.674,16.314,converged
ADAUSDT/LINKUSDT,2025-08-19 00:00:00+00:00,2025-09-18 00:00:00+00:00,30,-2.01,5.494,5.134,time_stop
ADAUSDT/AVAXUSDT,2025-08-19 00:00:00+00:00,2025-09-03 00:00:00+00:00,15,2.86,15.21,14.85,converged
BNBUSDT/UNIUSDT,2025-08-20 00:00:00+00:00,2025-09-12 00:00:00+00:00,23,2.43,-7.93,-8.29,spread_blowout
LINKUSDT/SOLUSDT,2025-08-20 00:00:00+00:00,2025-08-28 00:00:00+00:00,8,3.35,27.716,27.356,converged
ONDOUSDT/SOLUSDT,2025-08-21 00:00:00+00:00,2025-08-23 00:00:00+00:00,2,-2.29,-5.628,-5.988,spread_blowout
COTIUSDT/WLDUSDT,2025-08-22 00:00:00+00:00,2025-09-04 00:00:00+00:00,13,2.12,5.915,5.555,converged
AVAXUSDT/ONDOUSDT,2025-08-23 00:00:00+00:00,2025-09-06 00:00:00+00:00,14,2.94,-3.229,-3.589,spread_blowout
AVAXUSDT/DOGEUSDT,2025-08-23 00:00:00+00:00,2025-09-10 00:00:00+00:00,18,2.46,-8.401,-8.761,spread_blowout
DOGEUSDT/SOLUSDT,2025-08-24 00:00:00+00:00,2025-08-27 00:00:00+00:00,3,-3.22,-3.676,-4.036,spread_blowout
BTCUSDT/XRPUSDT,2025-08-25 00:00:00+00:00,2025-09-16 00:00:00+00:00,22,-2.25,4.2,3.84,converged
BTCUSDT/UNIUSDT,2025-08-25 00:00:00+00:00,2025-09-14 00:00:00+00:00,20,-2.08,5.262,4.902,converged
ONDOUSDT/SOLUSDT,2025-08-25 00:00:00+00:00,2025-08-27 00:00:00+00:00,2,-3.24,-4.9,-5.26,spread_blowout
1000PEPEUSDT/1000SHIBUSDT,2025-08-26 00:00:00+00:00,2025-09-25 00:00:00+00:00,30,-2.47,-0.694,-1.054,time_stop
ADAUSDT/SOLUSDT,2025-08-27 00:00:00+00:00,2025-09-10 00:00:00+00:00,14,-2.29,-9.968,-10.328,spread_blowout
ETHUSDT/SOLUSDT,2025-08-28 00:00:00+00:00,2025-09-12 00:00:00+00:00,15,-2.16,-20.332,-20.692,spread_blowout
DOGEUSDT/SOLUSDT,2025-08-28 00:00:00+00:00,2025-09-02 00:00:00+00:00,5,-3.74,-1.555,-1.915,spread_blowout
AVAXUSDT/SOLUSDT,2025-08-29 00:00:00+00:00,2025-09-10 00:00:00+00:00,12,-2.96,13.003,12.643,converged
AVAXUSDT/SUIUSDT,2025-08-29 00:00:00+00:00,2025-09-10 00:00:00+00:00,12,2.76,-13.431,-13.791,spread_blowout
ONDOUSDT/SUIUSDT,2025-09-02 00:00:00+00:00,2025-10-02 00:00:00+00:00,30,2.24,5.968,5.608,time_stop
AVAXUSDT/XRPUSDT,2025-09-03 00:00:00+00:00,2025-09-10 00:00:00+00:00,7,2.16,-12.327,-12.687,spread_blowout
1000SHIBUSDT/COTIUSDT,2025-09-04 00:00:00+00:00,2025-09-12 00:00:00+00:00,8,2.44,-5.472,-5.832,spread_blowout
COTIUSDT/WLDUSDT,2025-09-06 00:00:00+00:00,2025-09-07 00:00:00+00:00,1,-3.7,-3.736,-4.096,spread_blowout
1000PEPEUSDT/WLDUSDT,2025-09-06 00:00:00+00:00,2025-09-07 00:00:00+00:00,1,-2.83,-4.724,-5.084,spread_blowout
DOGEUSDT/ONDOUSDT,2025-09-07 00:00:00+00:00,2025-09-27 00:00:00+00:00,20,2.99,-4.428,-4.788,spread_blowout
BNBUSDT/ETHUSDT,2025-09-07 00:00:00+00:00,2025-09-16 00:00:00+00:00,9,2.56,-6.123,-6.483,spread_blowout
AVAXUSDT/ONDOUSDT,2025-09-07 00:00:00+00:00,2025-09-16 00:00:00+00:00,9,2.46,-7.678,-8.038,spread_blowout
AVAXUSDT/UNIUSDT,2025-09-07 00:00:00+00:00,2025-09-10 00:00:00+00:00,3,2.03,-15.136,-15.496,spread_blowout
DOGEUSDT/UNIUSDT,2025-09-08 00:00:00+00:00,2025-09-12 00:00:00+00:00,4,2.91,-7.844,-8.204,spread_blowout
DOGEUSDT/XRPUSDT,2025-09-08 00:00:00+00:00,2025-09-12 00:00:00+00:00,4,2.14,-9.32,-9.68,spread_blowout
DOGEUSDT/SUIUSDT,2025-09-08 00:00:00+00:00,2025-10-08 00:00:00+00:00,30,2.27,-4.577,-4.937,time_stop
AVAXUSDT/ETHUSDT,2025-09-10 00:00:00+00:00,2025-09-17 00:00:00+00:00,7,3.78,-4.812,-5.172,spread_blowout
LINKUSDT/SOLUSDT,2025-09-10 00:00:00+00:00,2025-10-10 00:00:00+00:00,30,-2.06,0.399,0.039,time_stop
1000SATSUSDT/COTIUSDT,2025-09-10 00:00:00+00:00,2025-09-16 00:00:00+00:00,6,2.27,10.639,10.279,converged
ONDOUSDT/XRPUSDT,2025-09-10 00:00:00+00:00,2025-09-23 00:00:00+00:00,13,2.43,7.014,6.654,converged
ONDOUSDT/UNIUSDT,2025-09-10 00:00:00+00:00,2025-10-10 00:00:00+00:00,30,2.16,3.631,3.271,time_stop
AVAXUSDT/BNBUSDT,2025-09-10 00:00:00+00:00,2025-09-29 00:00:00+00:00,19,2.1,12.042,11.682,converged
AVAXUSDT/DOGEUSDT,2025-09-11 00:00:00+00:00,2025-09-18 00:00:00+00:00,7,2.18,-11.287,-11.647,spread_blowout
ADAUSDT/AVAXUSDT,2025-09-11 00:00:00+00:00,2025-09-15 00:00:00+00:00,4,-3.15,-6.193,-6.553,spread_blowout
AVAXUSDT/XRPUSDT,2025-09-11 00:00:00+00:00,2025-09-15 00:00:00+00:00,4,3.57,-3.372,-3.732,spread_blowout
ADAUSDT/SOLUSDT,2025-09-11 00:00:00+00:00,2025-10-11 00:00:00+00:00,30,-2.0,-4.725,-5.085,time_stop
1000PEPEUSDT/COTIUSDT,2025-09-12 00:00:00+00:00,2025-09-16 00:00:00+00:00,4,2.25,10.755,10.395,converged
AVAXUSDT/UNIUSDT,2025-09-12 00:00:00+00:00,2025-09-13 00:00:00+00:00,1,3.34,-4.192,-4.552,spread_blowout
ADAUSDT/DOGEUSDT,2025-09-13 00:00:00+00:00,2025-10-13 00:00:00+00:00,30,-2.44,7.748,7.388,time_stop
ADAUSDT/UNIUSDT,2025-09-13 00:00:00+00:00,2025-09-28 00:00:00+00:00,15,2.02,-11.892,-12.252,spread_blowout
ETHUSDT/SOLUSDT,2025-09-13 00:00:00+00:00,2025-10-11 00:00:00+00:00,28,-2.61,29.059,28.699,converged
BNBUSDT/LINKUSDT,2025-09-14 00:00:00+00:00,2025-09-17 00:00:00+00:00,3,2.05,-6.863,-7.223,spread_blowout
ETHUSDT/UNIUSDT,2025-09-14 00:00:00+00:00,2025-09-28 00:00:00+00:00,14,2.41,-15.584,-15.944,spread_blowout
DOGEUSDT/XRPUSDT,2025-09-14 00:00:00+00:00,2025-10-14 00:00:00+00:00,30,3.74,12.852,12.492,time_stop
ADAUSDT/AVAXUSDT,2025-09-16 00:00:00+00:00,2025-09-18 00:00:00+00:00,2,-2.81,-12.136,-12.496,spread_blowout
AVAXUSDT/SOLUSDT,2025-09-18 00:00:00+00:00,2025-09-22 00:00:00+00:00,4,2.6,-7.632,-7.992,spread_blowout
BNBUSDT/LINKUSDT,2025-09-19 00:00:00+00:00,2025-09-20 00:00:00+00:00,1,3.31,-6.199,-6.559,spread_blowout
AVAXUSDT/DOGEUSDT,2025-09-20 00:00:00+00:00,2025-09-22 00:00:00+00:00,2,3.08,-12.17,-12.53,spread_blowout
BNBUSDT/SOLUSDT,2025-09-21 00:00:00+00:00,2025-10-03 00:00:00+00:00,12,2.09,-13.846,-14.206,spread_blowout
UNIUSDT/XRPUSDT,2025-09-22 00:00:00+00:00,2025-10-10 00:00:00+00:00,18,-2.09,-16.987,-17.347,spread_blowout
AVAXUSDT/SOLUSDT,2025-09-23 00:00:00+00:00,2025-10-07 00:00:00+00:00,14,3.72,21.764,21.404,converged
AVAXUSDT/DOGEUSDT,2025-09-24 00:00:00+00:00,2025-10-10 00:00:00+00:00,16,3.14,22.253,21.893,converged
1000PEPEUSDT/COTIUSDT,2025-09-25 00:00:00+00:00,2025-10-08 00:00:00+00:00,13,2.43,16.938,16.578,converged
AVAXUSDT/BNBUSDT,2025-10-03 00:00:00+00:00,2025-10-07 00:00:00+00:00,4,-2.72,-21.79,-22.15,spread_blowout
1000PEPEUSDT/COTIUSDT,2025-10-09 00:00:00+00:00,2025-10-17 00:00:00+00:00,8,-2.17,11.123,10.763,converged
ETHUSDT/LINKUSDT,2025-10-12 00:00:00+00:00,2025-11-11 00:00:00+00:00,30,2.05,4.782,4.422,time_stop
COTIUSDT/UNIUSDT,2025-10-17 00:00:00+00:00,2025-11-07 00:00:00+00:00,21,-2.26,16.566,16.206,converged
SUIUSDT/XRPUSDT,2025-10-20 00:00:00+00:00,2025-10-25 00:00:00+00:00,5,-2.76,-6.967,-7.327,spread_blowout
COTIUSDT/XRPUSDT,2025-10-20 00:00:00+00:00,2025-10-27 00:00:00+00:00,7,-2.22,-10.079,-10.439,spread_blowout
1000SATSUSDT/XRPUSDT,2025-10-20 00:00:00+00:00,2025-10-28 00:00:00+00:00,8,-2.13,-13.791,-14.151,spread_blowout
1000PEPEUSDT/SUIUSDT,2025-10-22 00:00:00+00:00,2025-11-11 00:00:00+00:00,20,2.03,-8.041,-8.401,spread_blowout
1000SHIBUSDT/XRPUSDT,2025-10-25 00:00:00+00:00,2025-11-07 00:00:00+00:00,13,-2.89,9.983,9.623,converged
ONDOUSDT/XRPUSDT,2025-10-25 00:00:00+00:00,2025-11-05 00:00:00+00:00,11,-2.72,-4.869,-5.229,spread_blowout
1000PEPEUSDT/XRPUSDT,2025-10-25 00:00:00+00:00,2025-10-27 00:00:00+00:00,2,-3.31,-3.036,-3.396,spread_blowout
SUIUSDT/XRPUSDT,2025-10-26 00:00:00+00:00,2025-10-28 00:00:00+00:00,2,-3.25,-4.173,-4.533,spread_blowout
COTIUSDT/XRPUSDT,2025-10-28 00:00:00+00:00,2025-11-07 00:00:00+00:00,10,-2.72,32.311,31.951,converged
1000PEPEUSDT/XRPUSDT,2025-10-28 00:00:00+00:00,2025-11-10 00:00:00+00:00,13,-3.25,-5.911,-6.271,spread_blowout
SUIUSDT/XRPUSDT,2025-10-29 00:00:00+00:00,2025-11-05 00:00:00+00:00,7,-2.66,-8.29,-8.65,spread_blowout
1000SATSUSDT/XRPUSDT,2025-10-29 00:00:00+00:00,2025-11-07 00:00:00+00:00,9,-2.13,30.587,30.227,converged
1000SHIBUSDT/SUIUSDT,2025-10-31 00:00:00+00:00,2025-11-07 00:00:00+00:00,7,2.07,-6.702,-7.062,spread_blowout
1000SHIBUSDT/ONDOUSDT,2025-10-31 00:00:00+00:00,2025-11-08 00:00:00+00:00,8,2.44,-2.605,-2.965,spread_blowout
SUIUSDT/UNIUSDT,2025-11-04 00:00:00+00:00,2025-11-10 00:00:00+00:00,6,-2.15,-33.626,-33.986,spread_blowout
1000SATSUSDT/SUIUSDT,2025-11-05 00:00:00+00:00,2025-11-07 00:00:00+00:00,2,2.19,-13.496,-13.856,spread_blowout
COTIUSDT/SUIUSDT,2025-11-06 00:00:00+00:00,2025-11-07 00:00:00+00:00,1,2.31,-16.057,-16.417,spread_blowout
AAVEUSDT/COTIUSDT,2025-11-07 00:00:00+00:00,2025-11-09 00:00:00+00:00,2,-3.79,-27.648,-28.008,spread_blowout
1000SHIBUSDT/ADAUSDT,2025-11-07 00:00:00+00:00,2025-11-25 00:00:00+00:00,18,2.1,-10.501,-10.861,spread_blowout
1000SATSUSDT/ADAUSDT,2025-11-07 00:00:00+00:00,2025-11-23 00:00:00+00:00,16,2.57,-16.268,-16.628,spread_blowout
1000SATSUSDT/LINKUSDT,2025-11-07 00:00:00+00:00,2025-12-03 00:00:00+00:00,26,2.01,27.783,27.423,converged
1000SATSUSDT/ONDOUSDT,2025-11-07 00:00:00+00:00,2025-11-10 00:00:00+00:00,3,2.25,17.542,17.182,converged
COTIUSDT/ONDOUSDT,2025-11-07 00:00:00+00:00,2025-11-09 00:00:00+00:00,2,3.26,-41.076,-41.436,spread_blowout
ETHUSDT/ONDOUSDT,2025-11-07 00:00:00+00:00,2025-11-20 00:00:00+00:00,13,-2.42,-5.821,-6.181,spread_blowout
COTIUSDT/LINKUSDT,2025-11-07 00:00:00+00:00,2025-11-09 00:00:00+00:00,2,3.72,-40.817,-41.177,spread_blowout
1000PEPEUSDT/1000SHIBUSDT,2025-11-07 00:00:00+00:00,2025-11-09 00:00:00+00:00,2,-3.64,-1.435,-1.795,spread_blowout
1000SHIBUSDT/ETHUSDT,2025-11-07 00:00:00+00:00,2025-11-20 00:00:00+00:00,13,2.54,-7.35,-7.71,spread_blowout
1000SHIBUSDT/COTIUSDT,2025-11-07 00:00:00+00:00,2025-11-09 00:00:00+00:00,2,-2.33,-23.888,-24.248,spread_blowout
1000PEPEUSDT/1000SATSUSDT,2025-11-07 00:00:00+00:00,2025-11-23 00:00:00+00:00,16,-2.92,-9.53,-9.89,spread_blowout
1000SHIBUSDT/XRPUSDT,2025-11-08 00:00:00+00:00,2025-11-10 00:00:00+00:00,2,2.19,9.81,9.45,converged
1000PEPEUSDT/COTIUSDT,2025-11-08 00:00:00+00:00,2025-11-09 00:00:00+00:00,1,-3.29,-49.277,-49.637,spread_blowout
1000SATSUSDT/SUIUSDT,2025-11-08 00:00:00+00:00,2025-11-19 00:00:00+00:00,11,2.01,-14.738,-15.098,spread_blowout
COTIUSDT/SUIUSDT,2025-11-08 00:00:00+00:00,2025-11-09 00:00:00+00:00,1,3.52,-47.226,-47.586,spread_blowout
LINKUSDT/UNIUSDT,2025-11-08 00:00:00+00:00,2025-11-10 00:00:00+00:00,2,-2.21,-22.202,-22.562,spread_blowout
AAVEUSDT/UNIUSDT,2025-11-08 00:00:00+00:00,2025-11-10 00:00:00+00:00,2,-2.15,-16.468,-16.828,spread_blowout
ADAUSDT/COTIUSDT,2025-11-08 00:00:00+00:00,2025-11-09 00:00:00+00:00,1,-3.2,-33.589,-33.949,spread_blowout
1000SHIBUSDT/SUIUSDT,2025-11-08 00:00:00+00:00,2025-11-13 00:00:00+00:00,5,3.54,-1.141,-1.501,spread_blowout
ONDOUSDT/UNIUSDT,2025-11-09 00:00:00+00:00,2025-11-10 00:00:00+00:00,1,-2.04,-19.28,-19.64,spread_blowout
ADAUSDT/UNIUSDT,2025-11-09 00:00:00+00:00,2025-11-10 00:00:00+00:00,1,-2.63,-20.64,-21.0,spread_blowout
ADAUSDT/XRPUSDT,2025-11-10 00:00:00+00:00,2025-11-24 00:00:00+00:00,14,-2.79,-13.067,-13.427,spread_blowout
UNIUSDT/XRPUSDT,2025-11-10 00:00:00+00:00,2025-11-17 00:00:00+00:00,7,3.58,-9.291,-9.651,spread_blowout
AAVEUSDT/SUIUSDT,2025-11-10 00:00:00+00:00,2025-12-10 00:00:00+00:00,30,2.06,-8.253,-8.613,time_stop
LINKUSDT/XRPUSDT,2025-11-10 00:00:00+00:00,2025-12-04 00:00:00+00:00,24,-2.15,13.705,13.345,converged
1000PEPEUSDT/1000SHIBUSDT,2025-11-10 00:00:00+00:00,2025-11-25 00:00:00+00:00,15,-3.36,-4.886,-5.246,spread_blowout
1000SHIBUSDT/COTIUSDT,2025-11-10 00:00:00+00:00,2025-12-10 00:00:00+00:00,30,-3.92,16.283,15.923,time_stop
ONDOUSDT/SUIUSDT,2025-11-10 00:00:00+00:00,2025-12-02 00:00:00+00:00,22,2.53,8.828,8.468,converged
ETHUSDT/XRPUSDT,2025-11-10 00:00:00+00:00,2025-11-20 00:00:00+00:00,10,-2.67,-4.763,-5.123,spread_blowout
SUIUSDT/XRPUSDT,2025-11-10 00:00:00+00:00,2025-11-16 00:00:00+00:00,6,-3.84,-1.185,-1.545,spread_blowout
1000PEPEUSDT/COTIUSDT,2025-11-11 00:00:00+00:00,2025-12-11 00:00:00+00:00,30,-3.72,24.093,23.733,time_stop
1000PEPEUSDT/XRPUSDT,2025-11-11 00:00:00+00:00,2025-12-11 00:00:00+00:00,30,-2.13,10.502,10.142,time_stop
AAVEUSDT/COTIUSDT,2025-11-11 00:00:00+00:00,2025-11-14 00:00:00+00:00,3,-3.2,-6.322,-6.682,spread_blowout
ADAUSDT/SUIUSDT,2025-11-11 00:00:00+00:00,2025-11-25 00:00:00+00:00,14,2.2,6.221,5.861,converged
ETHUSDT/LINKUSDT,2025-11-13 00:00:00+00:00,2025-11-20 00:00:00+00:00,7,-2.12,-7.071,-7.431,spread_blowout
COTIUSDT/UNIUSDT,2025-11-13 00:00:00+00:00,2025-12-13 00:00:00+00:00,30,-2.0,-13.269,-13.629,time_stop
1000SHIBUSDT/ONDOUSDT,2025-11-14 00:00:00+00:00,2025-11-25 00:00:00+00:00,11,2.03,-7.577,-7.937,spread_blowout
AAVEUSDT/XRPUSDT,2025-11-14 00:00:00+00:00,2025-11-22 00:00:00+00:00,8,-2.12,13.698,13.338,converged
1000SHIBUSDT/SUIUSDT,2025-11-14 00:00:00+00:00,2025-12-14 00:00:00+00:00,30,2.45,3.946,3.586,time_stop
DOGEUSDT/SOLUSDT,2025-11-15 00:00:00+00:00,2025-12-11 00:00:00+00:00,26,2.22,12.483,12.123,converged
SUIUSDT/XRPUSDT,2025-11-17 00:00:00+00:00,2025-12-14 00:00:00+00:00,27,-2.02,14.477,14.117,converged
BTCUSDT/SOLUSDT,2025-11-18 00:00:00+00:00,2025-11-20 00:00:00+00:00,2,-2.18,-5.164,-5.524,spread_blowout
1000PEPEUSDT/ADAUSDT,2025-11-19 00:00:00+00:00,2025-11-24 00:00:00+00:00,5,2.17,-6.45,-6.81,spread_blowout
1000PEPEUSDT/SUIUSDT,2025-11-19 00:00:00+00:00,2025-12-13 00:00:00+00:00,24,2.04,8.296,7.936,converged
1000SATSUSDT/ONDOUSDT,2025-11-20 00:00:00+00:00,2025-12-18 00:00:00+00:00,28,2.01,-21.63,-21.99,spread_blowout
1000SATSUSDT/SUIUSDT,2025-11-20 00:00:00+00:00,2025-12-20 00:00:00+00:00,30,2.17,12.33,11.97,time_stop
ADAUSDT/LINKUSDT,2025-11-20 00:00:00+00:00,2025-11-29 00:00:00+00:00,9,-2.4,-4.563,-4.923,spread_blowout
BTCUSDT/ETHUSDT,2025-11-21 00:00:00+00:00,2025-12-21 00:00:00+00:00,30,-2.23,-0.112,-0.472,time_stop
ETHUSDT/LINKUSDT,2025-11-21 00:00:00+00:00,2025-12-10 00:00:00+00:00,19,-2.25,8.947,8.587,converged
1000PEPEUSDT/ONDOUSDT,2025-11-21 00:00:00+00:00,2025-12-04 00:00:00+00:00,13,2.12,-7.622,-7.982,spread_blowout
BTCUSDT/SOLUSDT,2025-11-21 00:00:00+00:00,2025-12-21 00:00:00+00:00,30,-3.39,4.904,4.544,time_stop
LINKUSDT/SUIUSDT,2025-11-22 00:00:00+00:00,2025-12-22 00:00:00+00:00,30,2.11,2.869,2.509,time_stop
1000SATSUSDT/1000SHIBUSDT,2025-11-23 00:00:00+00:00,2025-11-25 00:00:00+00:00,2,2.36,21.37,21.01,converged
AAVEUSDT/ADAUSDT,2025-11-23 00:00:00+00:00,2025-12-06 00:00:00+00:00,13,2.13,-10.114,-10.474,spread_blowout
ETHUSDT/XRPUSDT,2025-11-24 00:00:00+00:00,2025-12-04 00:00:00+00:00,10,-2.59,12.323,11.963,converged
1000SHIBUSDT/XRPUSDT,2025-11-24 00:00:00+00:00,2025-12-03 00:00:00+00:00,9,-2.73,9.061,8.701,converged
ONDOUSDT/XRPUSDT,2025-11-24 00:00:00+00:00,2025-12-24 00:00:00+00:00,30,-3.54,2.786,2.426,time_stop
AAVEUSDT/LINKUSDT,2025-11-24 00:00:00+00:00,2025-12-15 00:00:00+00:00,21,2.03,-8.619,-8.979,spread_blowout
ADAUSDT/DOGEUSDT,2025-11-25 00:00:00+00:00,2025-12-09 00:00:00+00:00,14,-2.24,14.73,14.37,converged
1000PEPEUSDT/ADAUSDT,2025-11-25 00:00:00+00:00,2025-11-28 00:00:00+00:00,3,3.91,-1.775,-2.135,spread_blowout
1000SHIBUSDT/LINKUSDT,2025-11-25 00:00:00+00:00,2025-12-02 00:00:00+00:00,7,2.26,6.116,5.756,converged
ADAUSDT/XRPUSDT,2025-11-25 00:00:00+00:00,2025-12-09 00:00:00+00:00,14,-3.45,18.796,18.436,converged
1000SHIBUSDT/ADAUSDT,2025-11-26 00:00:00+00:00,2025-12-22 00:00:00+00:00,26,2.2,7.095,6.735,converged
1000SHIBUSDT/ONDOUSDT,2025-11-27 00:00:00+00:00,2025-12-15 00:00:00+00:00,18,2.17,-4.898,-5.258,spread_blowout
ADAUSDT/AVAXUSDT,2025-11-28 00:00:00+00:00,2025-12-28 00:00:00+00:00,30,-2.21,0.18,-0.18,time_stop
ADAUSDT/ONDOUSDT,2025-11-28 00:00:00+00:00,2025-12-03 00:00:00+00:00,5,-2.5,7.432,7.072,converged
1000PEPEUSDT/ADAUSDT,2025-11-29 00:00:00+00:00,2025-12-21 00:00:00+00:00,22,3.17,-2.893,-3.253,spread_blowout
ADAUSDT/LINKUSDT,2025-11-30 00:00:00+00:00,2025-12-03 00:00:00+00:00,3,-2.25,-6.025,-6.385,spread_blowout
ADAUSDT/SUIUSDT,2025-12-02 00:00:00+00:00,2025-12-09 00:00:00+00:00,7,-2.57,6.41,6.05,converged
AAVEUSDT/ONDOUSDT,2025-12-02 00:00:00+00:00,2025-12-07 00:00:00+00:00,5,2.75,-6.677,-7.037,spread_blowout
1000PEPEUSDT/AAVEUSDT,2025-12-02 00:00:00+00:00,2025-12-11 00:00:00+00:00,9,-2.49,-9.101,-9.461,spread_blowout
LINKUSDT/ONDOUSDT,2025-12-02 00:00:00+00:00,2025-12-03 00:00:00+00:00,1,2.42,-6.326,-6.686,spread_blowout
DOGEUSDT/LINKUSDT,2025-12-03 00:00:00+00:00,2025-12-31 00:00:00+00:00,28,-2.16,-8.326,-8.686,spread_blowout
1000PEPEUSDT/1000SHIBUSDT,2025-12-03 00:00:00+00:00,2025-12-16 00:00:00+00:00,13,-2.18,9.696,9.336,converged
AAVEUSDT/XRPUSDT,2025-12-04 00:00:00+00:00,2025-12-11 00:00:00+00:00,7,2.01,-10.636,-10.996,spread_blowout
ADAUSDT/LINKUSDT,2025-12-04 00:00:00+00:00,2025-12-06 00:00:00+00:00,2,-3.48,-3.106,-3.466,spread_blowout
1000PEPEUSDT/LINKUSDT,2025-12-04 00:00:00+00:00,2026-01-01 00:00:00+00:00,28,-2.6,21.249,20.889,converged
ONDOUSDT/SUIUSDT,2025-12-04 00:00:00+00:00,2025-12-14 00:00:00+00:00,10,-2.57,-5.568,-5.928,spread_blowout
1000PEPEUSDT/ONDOUSDT,2025-12-05 00:00:00+00:00,2025-12-15 00:00:00+00:00,10,2.95,-5.874,-6.234,spread_blowout
LINKUSDT/SOLUSDT,2025-12-06 00:00:00+00:00,2026-01-05 00:00:00+00:00,30,2.3,4.512,4.152,time_stop
LINKUSDT/XRPUSDT,2025-12-06 00:00:00+00:00,2026-01-05 00:00:00+00:00,30,2.25,23.481,23.121,converged
AAVEUSDT/DOGEUSDT,2025-12-06 00:00:00+00:00,2025-12-11 00:00:00+00:00,5,2.5,-7.33,-7.69,spread_blowout
ADAUSDT/LINKUSDT,2025-12-07 00:00:00+00:00,2025-12-30 00:00:00+00:00,23,-2.59,-5.619,-5.979,spread_blowout
ADAUSDT/ONDOUSDT,2025-12-07 00:00:00+00:00,2025-12-18 00:00:00+00:00,11,2.38,-4.934,-5.294,spread_blowout
AAVEUSDT/ADAUSDT,2025-12-07 00:00:00+00:00,2025-12-15 00:00:00+00:00,8,2.26,-8.187,-8.547,spread_blowout
LINKUSDT/ONDOUSDT,2025-12-07 00:00:00+00:00,2025-12-15 00:00:00+00:00,8,3.89,-1.633,-1.993,spread_blowout
ETHUSDT/SOLUSDT,2025-12-08 00:00:00+00:00,2025-12-10 00:00:00+00:00,2,2.39,-4.508,-4.868,spread_blowout
AAVEUSDT/SOLUSDT,2025-12-08 00:00:00+00:00,2025-12-22 00:00:00+00:00,14,2.24,18.745,18.385,converged
1000PEPEUSDT/DOGEUSDT,2025-12-08 00:00:00+00:00,2025-12-26 00:00:00+00:00,18,2.32,-6.562,-6.922,spread_blowout
AAVEUSDT/ONDOUSDT,2025-12-08 00:00:00+00:00,2025-12-11 00:00:00+00:00,3,2.61,-7.25,-7.61,spread_blowout
ETHUSDT/SUIUSDT,2025-12-09 00:00:00+00:00,2025-12-16 00:00:00+00:00,7,2.2,6.842,6.482,converged
1000SHIBUSDT/AAVEUSDT,2025-12-09 00:00:00+00:00,2025-12-15 00:00:00+00:00,6,-2.41,-5.954,-6.314,spread_blowout
1000SATSUSDT/AAVEUSDT,2025-12-09 00:00:00+00:00,2025-12-22 00:00:00+00:00,13,-2.04,32.677,32.317,converged
ETHUSDT/ONDOUSDT,2025-12-09 00:00:00+00:00,2025-12-31 00:00:00+00:00,22,2.42,-8.475,-8.835,spread_blowout
ADAUSDT/ETHUSDT,2025-12-10 00:00:00+00:00,2025-12-31 00:00:00+00:00,21,-2.22,-11.949,-12.309,spread_blowout
ETHUSDT/XRPUSDT,2025-12-10 00:00:00+00:00,2026-01-05 00:00:00+00:00,26,2.03,18.6,18.24,converged
1000PEPEUSDT/ETHUSDT,2025-12-10 00:00:00+00:00,2026-01-01 00:00:00+00:00,22,-2.08,25.928,25.568,converged
DOGEUSDT/ETHUSDT,2025-12-10 00:00:00+00:00,2026-01-09 00:00:00+00:00,30,-2.41,8.128,7.768,time_stop
AAVEUSDT/WLDUSDT,2025-12-11 00:00:00+00:00,2025-12-22 00:00:00+00:00,11,2.76,19.684,19.324,converged
ADAUSDT/SUIUSDT,2025-12-11 00:00:00+00:00,2025-12-16 00:00:00+00:00,5,-2.17,-4.4,-4.76,spread_blowout
AAVEUSDT/AVAXUSDT,2025-12-11 00:00:00+00:00,2025-12-21 00:00:00+00:00,10,2.69,14.395,14.035,converged
ETHUSDT/SOLUSDT,2025-12-11 00:00:00+00:00,2026-01-10 00:00:00+00:00,30,2.45,4.438,4.078,time_stop
1000SHIBUSDT/DOGEUSDT,2025-12-11 00:00:00+00:00,2025-12-18 00:00:00+00:00,7,2.1,8.778,8.418,converged
AAVEUSDT/SUIUSDT,2025-12-11 00:00:00+00:00,2025-12-21 00:00:00+00:00,10,2.74,13.944,13.584,converged
AAVEUSDT/XRPUSDT,2025-12-12 00:00:00+00:00,2025-12-22 00:00:00+00:00,10,2.32,16.701,16.341,converged
1000PEPEUSDT/AAVEUSDT,2025-12-12 00:00:00+00:00,2025-12-22 00:00:00+00:00,10,-2.69,32.1,31.74,converged
AAVEUSDT/DOGEUSDT,2025-12-12 00:00:00+00:00,2025-12-22 00:00:00+00:00,10,2.47,21.22,20.86,converged
AAVEUSDT/ONDOUSDT,2025-12-12 00:00:00+00:00,2025-12-15 00:00:00+00:00,3,2.56,-7.672,-8.032,spread_blowout
ONDOUSDT/SOLUSDT,2025-12-15 00:00:00+00:00,2025-12-31 00:00:00+00:00,16,-2.14,-11.797,-12.157,spread_blowout
ONDOUSDT/SUIUSDT,2025-12-15 00:00:00+00:00,2025-12-17 00:00:00+00:00,2,-3.13,-3.845,-4.205,spread_blowout
1000PEPEUSDT/ONDOUSDT,2025-12-16 00:00:00+00:00,2025-12-19 00:00:00+00:00,3,2.83,-5.543,-5.903,spread_blowout
1000SHIBUSDT/AAVEUSDT,2025-12-16 00:00:00+00:00,2025-12-18 00:00:00+00:00,2,-2.59,-5.362,-5.722,spread_blowout
LINKUSDT/ONDOUSDT,2025-12-16 00:00:00+00:00,2026-01-13 00:00:00+00:00,28,2.48,-8.236,-8.596,spread_blowout
AAVEUSDT/ONDOUSDT,2025-12-16 00:00:00+00:00,2025-12-22 00:00:00+00:00,6,2.44,17.76,17.4,converged
DOGEUSDT/ONDOUSDT,2025-12-17 00:00:00+00:00,2026-01-04 00:00:00+00:00,18,2.01,-7.282,-7.642,spread_blowout
AVAXUSDT/ONDOUSDT,2025-12-17 00:00:00+00:00,2025-12-31 00:00:00+00:00,14,2.14,-13.798,-14.158,spread_blowout
1000SHIBUSDT/SUIUSDT,2025-12-17 00:00:00+00:00,2025-12-22 00:00:00+00:00,5,-2.11,-5.653,-6.013,spread_blowout
AAVEUSDT/LINKUSDT,2025-12-17 00:00:00+00:00,2025-12-21 00:00:00+00:00,4,2.12,9.796,9.436,converged
ADAUSDT/SUIUSDT,2025-12-17 00:00:00+00:00,2025-12-29 00:00:00+00:00,12,-2.74,-4.952,-5.312,spread_blowout
AVAXUSDT/WLDUSDT,2025-12-17 00:00:00+00:00,2025-12-25 00:00:00+00:00,8,2.41,-5.526,-5.886,spread_blowout
1000SHIBUSDT/AVAXUSDT,2025-12-18 00:00:00+00:00,2025-12-22 00:00:00+00:00,4,-3.44,-1.542,-1.902,spread_blowout
1000SHIBUSDT/WLDUSDT,2025-12-18 00:00:00+00:00,2026-01-02 00:00:00+00:00,15,-2.29,6.925,6.565,converged
1000SATSUSDT/1000SHIBUSDT,2025-12-18 00:00:00+00:00,2026-01-04 00:00:00+00:00,17,2.77,32.105,31.745,converged
1000SHIBUSDT/ETHUSDT,2025-12-18 00:00:00+00:00,2026-01-04 00:00:00+00:00,17,-2.34,15.082,14.722,converged
1000PEPEUSDT/1000SHIBUSDT,2025-12-18 00:00:00+00:00,2025-12-21 00:00:00+00:00,3,3.8,-0.906,-1.266,spread_blowout
1000SHIBUSDT/SOLUSDT,2025-12-18 00:00:00+00:00,2026-01-04 00:00:00+00:00,17,-2.16,16.964,16.604,converged
1000SHIBUSDT/LINKUSDT,2025-12-18 00:00:00+00:00,2025-12-22 00:00:00+00:00,4,-3.62,-1.59,-1.95,spread_blowout
1000SHIBUSDT/AAVEUSDT,2025-12-19 00:00:00+00:00,2025-12-22 00:00:00+00:00,3,-2.66,11.597,11.237,converged
ADAUSDT/ONDOUSDT,2025-12-19 00:00:00+00:00,2026-01-12 00:00:00+00:00,24,2.75,-5.258,-5.618,spread_blowout
1000SHIBUSDT/DOGEUSDT,2025-12-20 00:00:00+00:00,2026-01-04 00:00:00+00:00,15,-2.16,10.672,10.312,converged
1000SHIBUSDT/BTCUSDT,2025-12-21 00:00:00+00:00,2026-01-04 00:00:00+00:00,14,-2.03,17.643,17.283,converged
AAVEUSDT/LINKUSDT,2025-12-22 00:00:00+00:00,2025-12-31 00:00:00+00:00,9,-3.93,-0.467,-0.827,spread_blowout
AAVEUSDT/BTCUSDT,2025-12-22 00:00:00+00:00,2026-01-21 00:00:00+00:00,30,-2.4,4.441,4.081,time_stop
AAVEUSDT/SUIUSDT,2025-12-22 00:00:00+00:00,2026-01-21 00:00:00+00:00,30,-3.33,4.01,3.65,time_stop
1000PEPEUSDT/1000SHIBUSDT,2025-12-22 00:00:00+00:00,2025-12-30 00:00:00+00:00,8,3.27,-5.657,-6.017,spread_blowout
AAVEUSDT/ETHUSDT,2025-12-22 00:00:00+00:00,2026-01-21 00:00:00+00:00,30,-3.43,6.744,6.384,time_stop
AAVEUSDT/AVAXUSDT,2025-12-22 00:00:00+00:00,2026-01-21 00:00:00+00:00,30,-2.69,5.755,5.395,time_stop
1000SHIBUSDT/AVAXUSDT,2025-12-23 00:00:00+00:00,2025-12-31 00:00:00+00:00,8,-3.06,-3.6,-3.96,spread_blowout
1000SHIBUSDT/LINKUSDT,2025-12-23 00:00:00+00:00,2026-01-04 00:00:00+00:00,12,-3.0,17.735,17.375,converged
1000SHIBUSDT/SUIUSDT,2025-12-23 00:00:00+00:00,2026-01-04 00:00:00+00:00,12,-3.0,15.964,15.604,converged
AAVEUSDT/SOLUSDT,2025-12-23 00:00:00+00:00,2026-01-22 00:00:00+00:00,30,-2.02,1.321,0.961,time_stop
1000PEPEUSDT/AAVEUSDT,2025-12-24 00:00:00+00:00,2026-01-01 00:00:00+00:00,8,2.03,-21.189,-21.549,spread_blowout
1000PEPEUSDT/ADAUSDT,2025-12-24 00:00:00+00:00,2025-12-30 00:00:00+00:00,6,2.34,-5.755,-6.115,spread_blowout
1000SATSUSDT/WLDUSDT,2025-12-25 00:00:00+00:00,2026-01-05 00:00:00+00:00,11,2.03,12.683,12.323,converged
BTCUSDT/ONDOUSDT,2025-12-25 00:00:00+00:00,2026-01-14 00:00:00+00:00,20,2.03,-6.974,-7.334,spread_blowout
AVAXUSDT/DOGEUSDT,2025-12-25 00:00:00+00:00,2025-12-31 00:00:00+00:00,6,2.02,-9.048,-9.408,spread_blowout
ADAUSDT/BTCUSDT,2025-12-25 00:00:00+00:00,2026-01-24 00:00:00+00:00,30,-2.04,-0.92,-1.28,time_stop
DOGEUSDT/SUIUSDT,2025-12-26 00:00:00+00:00,2026-01-25 00:00:00+00:00,30,-2.04,-2.294,-2.654,time_stop
AVAXUSDT/WLDUSDT,2025-12-26 00:00:00+00:00,2026-01-05 00:00:00+00:00,10,2.7,10.036,9.676,converged
1000PEPEUSDT/DOGEUSDT,2025-12-27 00:00:00+00:00,2025-12-31 00:00:00+00:00,4,3.29,-3.952,-4.312,spread_blowout
1000SATSUSDT/DOGEUSDT,2025-12-27 00:00:00+00:00,2026-01-04 00:00:00+00:00,8,2.25,13.733,13.373,converged
1000PEPEUSDT/WLDUSDT,2025-12-28 00:00:00+00:00,2026-01-01 00:00:00+00:00,4,2.05,-13.246,-13.606,spread_blowout
ADAUSDT/AVAXUSDT,2025-12-30 00:00:00+00:00,2026-01-29 00:00:00+00:00,30,-2.11,7.989,7.629,time_stop
ADAUSDT/SUIUSDT,2025-12-30 00:00:00+00:00,2026-01-07 00:00:00+00:00,8,-2.31,-7.678,-8.038,spread_blowout
BNBUSDT/ONDOUSDT,2025-12-31 00:00:00+00:00,2026-01-30 00:00:00+00:00,30,2.01,-5.809,-6.169,time_stop
BTCUSDT/DOGEUSDT,2025-12-31 00:00:00+00:00,2026-01-02 00:00:00+00:00,2,2.07,7.749,7.389,converged
ADAUSDT/LINKUSDT,2025-12-31 00:00:00+00:00,2026-01-29 00:00:00+00:00,29,-2.18,13.657,13.297,converged
ADAUSDT/BNBUSDT,2025-12-31 00:00:00+00:00,2026-01-30 00:00:00+00:00,30,-2.42,-2.602,-2.962,time_stop
1000SHIBUSDT/BNBUSDT,2025-12-31 00:00:00+00:00,2026-01-04 00:00:00+00:00,4,-2.38,23.099,22.739,converged
ADAUSDT/SOLUSDT,2025-12-31 00:00:00+00:00,2026-01-30 00:00:00+00:00,30,-2.73,3.761,3.401,time_stop
DOGEUSDT/SOLUSDT,2025-12-31 00:00:00+00:00,2026-01-02 00:00:00+00:00,2,-2.59,12.858,12.498,converged
AAVEUSDT/BNBUSDT,2025-12-31 00:00:00+00:00,2026-01-30 00:00:00+00:00,30,-2.37,-4.855,-5.215,time_stop
1000PEPEUSDT/1000SHIBUSDT,2025-12-31 00:00:00+00:00,2026-01-02 00:00:00+00:00,2,2.84,-11.042,-11.402,spread_blowout
1000PEPEUSDT/ADAUSDT,2025-12-31 00:00:00+00:00,2026-01-01 00:00:00+00:00,1,3.6,-12.894,-13.254,spread_blowout
1000PEPEUSDT/XRPUSDT,2026-01-01 00:00:00+00:00,2026-01-02 00:00:00+00:00,1,3.32,-6.604,-6.964,spread_blowout
1000PEPEUSDT/1000SATSUSDT,2026-01-01 00:00:00+00:00,2026-01-02 00:00:00+00:00,1,2.27,-14.85,-15.21,spread_blowout
1000PEPEUSDT/AVAXUSDT,2026-01-01 00:00:00+00:00,2026-01-02 00:00:00+00:00,1,2.44,-18.12,-18.48,spread_blowout
AVAXUSDT/ONDOUSDT,2026-01-01 00:00:00+00:00,2026-01-31 00:00:00+00:00,30,2.49,2.215,1.855,time_stop
AAVEUSDT/LINKUSDT,2026-01-01 00:00:00+00:00,2026-01-28 00:00:00+00:00,27,-2.47,13.174,12.814,converged
1000SHIBUSDT/AVAXUSDT,2026-01-01 00:00:00+00:00,2026-01-04 00:00:00+00:00,3,-2.19,16.44,16.08,converged
1000PEPEUSDT/BTCUSDT,2026-01-01 00:00:00+00:00,2026-01-02 00:00:00+00:00,1,3.12,-16.808,-17.168,spread_blowout
AVAXUSDT/DOGEUSDT,2026-01-01 00:00:00+00:00,2026-01-04 00:00:00+00:00,3,3.08,16.01,15.65,converged
1000PEPEUSDT/AAVEUSDT,2026-01-02 00:00:00+00:00,2026-01-04 00:00:00+00:00,2,3.61,-18.714,-19.074,spread_blowout
1000PEPEUSDT/BNBUSDT,2026-01-02 00:00:00+00:00,2026-01-03 00:00:00+00:00,1,4.0,-2.364,-2.724,spread_blowout
1000SHIBUSDT/ONDOUSDT,2026-01-02 00:00:00+00:00,2026-01-04 00:00:00+00:00,2,2.06,-8.836,-9.196,spread_blowout
DOGEUSDT/WLDUSDT,2026-01-02 00:00:00+00:00,2026-01-28 00:00:00+00:00,26,2.32,16.456,16.096,converged
1000PEPEUSDT/XRPUSDT,2026-01-03 00:00:00+00:00,2026-01-04 00:00:00+00:00,1,3.64,-9.111,-9.471,spread_blowout
ADAUSDT/DOGEUSDT,2026-01-03 00:00:00+00:00,2026-01-20 00:00:00+00:00,17,-2.26,8.991,8.631,converged
ONDOUSDT/WLDUSDT,2026-01-03 00:00:00+00:00,2026-01-13 00:00:00+00:00,10,-2.07,-8.487,-8.847,spread_blowout
1000SHIBUSDT/XRPUSDT,2026-01-04 00:00:00+00:00,2026-01-05 00:00:00+00:00,1,2.41,11.097,10.737,converged
1000SHIBUSDT/COTIUSDT,2026-01-04 00:00:00+00:00,2026-02-03 00:00:00+00:00,30,2.73,4.507,4.147,time_stop
1000SHIBUSDT/AAVEUSDT,2026-01-04 00:00:00+00:00,2026-02-03 00:00:00+00:00,30,3.36,7.668,7.308,time_stop
1000SHIBUSDT/WLDUSDT,2026-01-04 00:00:00+00:00,2026-01-21 00:00:00+00:00,17,3.9,-0.785,-1.145,spread_blowout
BNBUSDT/SUIUSDT,2026-01-05 00:00:00+00:00,2026-01-17 00:00:00+00:00,12,-2.63,6.955,6.595,converged
BTCUSDT/SUIUSDT,2026-01-05 00:00:00+00:00,2026-01-19 00:00:00+00:00,14,-2.68,6.555,6.195,converged
SOLUSDT/SUIUSDT,2026-01-05 00:00:00+00:00,2026-01-27 00:00:00+00:00,22,-3.37,11.244,10.884,converged
AVAXUSDT/XRPUSDT,2026-01-05 00:00:00+00:00,2026-01-20 00:00:00+00:00,15,-2.77,21.381,21.021,converged
1000SHIBUSDT/DOGEUSDT,2026-01-05 00:00:00+00:00,2026-02-04 00:00:00+00:00,30,2.76,5.188,4.828,time_stop
WLDUSDT/XRPUSDT,2026-01-05 00:00:00+00:00,2026-01-28 00:00:00+00:00,23,-3.43,32.787,32.427,converged
1000SHIBUSDT/ADAUSDT,2026-01-05 00:00:00+00:00,2026-02-04 00:00:00+00:00,30,3.85,12.201,11.841,time_stop
DOGEUSDT/ONDOUSDT,2026-01-05 00:00:00+00:00,2026-01-14 00:00:00+00:00,9,2.57,-5.757,-6.117,spread_blowout
SOLUSDT/XRPUSDT,2026-01-05 00:00:00+00:00,2026-01-11 00:00:00+00:00,6,-3.12,19.744,19.384,converged
BTCUSDT/XRPUSDT,2026-01-05 00:00:00+00:00,2026-01-14 00:00:00+00:00,9,-2.47,11.265,10.905,converged
1000SHIBUSDT/LINKUSDT,2026-01-05 00:00:00+00:00,2026-01-18 00:00:00+00:00,13,2.12,9.825,9.465,converged
1000SATSUSDT/XRPUSDT,2026-01-05 00:00:00+00:00,2026-01-13 00:00:00+00:00,8,-2.77,29.439,29.079,converged
DOGEUSDT/XRPUSDT,2026-01-05 00:00:00+00:00,2026-01-30 00:00:00+00:00,25,-3.6,19.456,19.096,converged
1000SHIBUSDT/AVAXUSDT,2026-01-05 00:00:00+00:00,2026-02-01 00:00:00+00:00,27,2.39,11.026,10.666,converged
1000SATSUSDT/1000SHIBUSDT,2026-01-05 00:00:00+00:00,2026-01-13 00:00:00+00:00,8,-2.52,19.638,19.278,converged
AAVEUSDT/XRPUSDT,2026-01-05 00:00:00+00:00,2026-02-04 00:00:00+00:00,30,-3.04,22.722,22.362,converged
1000SHIBUSDT/SOLUSDT,2026-01-05 00:00:00+00:00,2026-01-15 00:00:00+00:00,10,2.34,11.882,11.522,converged
LINKUSDT/SUIUSDT,2026-01-05 00:00:00+00:00,2026-01-08 00:00:00+00:00,3,-2.98,-2.362,-2.722,spread_blowout
AVAXUSDT/SUIUSDT,2026-01-05 00:00:00+00:00,2026-02-04 00:00:00+00:00,30,-2.5,7.776,7.416,time_stop
1000PEPEUSDT/BNBUSDT,2026-01-06 00:00:00+00:00,2026-02-05 00:00:00+00:00,30,3.28,-6.142,-6.502,time_stop
1000PEPEUSDT/BTCUSDT,2026-01-06 00:00:00+00:00,2026-01-07 00:00:00+00:00,1,3.63,-3.301,-3.661,spread_blowout
1000PEPEUSDT/SUIUSDT,2026-01-06 00:00:00+00:00,2026-02-05 00:00:00+00:00,30,2.94,-2.366,-2.726,time_stop
ADAUSDT/XRPUSDT,2026-01-06 00:00:00+00:00,2026-01-29 00:00:00+00:00,23,-3.27,26.294,25.934,converged
1000PEPEUSDT/ETHUSDT,2026-01-06 00:00:00+00:00,2026-02-01 00:00:00+00:00,26,2.87,-15.857,-16.217,spread_blowout
1000SHIBUSDT/ONDOUSDT,2026-01-06 00:00:00+00:00,2026-01-08 00:00:00+00:00,2,3.83,-1.795,-2.155,spread_blowout
1000PEPEUSDT/SOLUSDT,2026-01-07 00:00:00+00:00,2026-02-06 00:00:00+00:00,30,3.56,-2.764,-3.124,time_stop
1000PEPEUSDT/1000SATSUSDT,2026-01-07 00:00:00+00:00,2026-02-06 00:00:00+00:00,30,3.51,15.835,15.475,time_stop
ONDOUSDT/XRPUSDT,2026-01-07 00:00:00+00:00,2026-02-01 00:00:00+00:00,25,-2.98,24.071,23.711,converged
ONDOUSDT/SOLUSDT,2026-01-08 00:00:00+00:00,2026-01-18 00:00:00+00:00,10,-2.3,-13.289,-13.649,spread_blowout
ETHUSDT/SUIUSDT,2026-01-08 00:00:00+00:00,2026-01-14 00:00:00+00:00,6,-2.41,6.648,6.288,converged
1000SATSUSDT/ONDOUSDT,2026-01-08 00:00:00+00:00,2026-01-13 00:00:00+00:00,5,2.1,-18.027,-18.387,spread_blowout
LINKUSDT/SUIUSDT,2026-01-09 00:00:00+00:00,2026-02-01 00:00:00+00:00,23,-3.46,-3.004,-3.364,spread_blowout
1000SHIBUSDT/ONDOUSDT,2026-01-09 00:00:00+00:00,2026-02-05 00:00:00+00:00,27,3.36,15.001,14.641,converged
1000SATSUSDT/SUIUSDT,2026-01-11 00:00:00+00:00,2026-01-13 00:00:00+00:00,2,-2.6,22.127,21.767,converged
1000SATSUSDT/AVAXUSDT,2026-01-13 00:00:00+00:00,2026-01-16 00:00:00+00:00,3,3.22,-3.535,-3.895,spread_blowout
ADAUSDT/ONDOUSDT,2026-01-13 00:00:00+00:00,2026-01-21 00:00:00+00:00,8,2.95,-3.881,-4.241,spread_blowout
1000SATSUSDT/LINKUSDT,2026-01-13 00:00:00+00:00,2026-01-19 00:00:00+00:00,6,2.04,13.126,12.766,converged
1000SATSUSDT/DOGEUSDT,2026-01-13 00:00:00+00:00,2026-01-15 00:00:00+00:00,2,3.95,-1.316,-1.676,spread_blowout
1000SATSUSDT/WLDUSDT,2026-01-14 00:00:00+00:00,2026-01-15 00:00:00+00:00,1,3.2,-6.649,-7.009,spread_blowout
ONDOUSDT/WLDUSDT,2026-01-14 00:00:00+00:00,2026-01-28 00:00:00+00:00,14,-3.51,-11.631,-11.991,spread_blowout
ADAUSDT/ETHUSDT,2026-01-14 00:00:00+00:00,2026-01-31 00:00:00+00:00,17,-2.03,20.771,20.411,converged
LINKUSDT/ONDOUSDT,2026-01-14 00:00:00+00:00,2026-01-30 00:00:00+00:00,16,2.49,13.911,13.551,converged
1000SATSUSDT/ADAUSDT,2026-01-14 00:00:00+00:00,2026-01-15 00:00:00+00:00,1,2.94,-5.451,-5.811,spread_blowout
DOGEUSDT/ONDOUSDT,2026-01-15 00:00:00+00:00,2026-01-31 00:00:00+00:00,16,2.72,12.156,11.796,converged
AVAXUSDT/BTCUSDT,2026-01-16 00:00:00+00:00,2026-02-03 00:00:00+00:00,18,-2.25,10.189,9.829,converged
AVAXUSDT/BNBUSDT,2026-01-16 00:00:00+00:00,2026-02-04 00:00:00+00:00,19,-2.3,17.228,16.868,converged
BNBUSDT/WLDUSDT,2026-01-16 00:00:00+00:00,2026-02-03 00:00:00+00:00,18,2.07,8.477,8.117,converged
BNBUSDT/DOGEUSDT,2026-01-16 00:00:00+00:00,2026-02-04 00:00:00+00:00,19,2.05,12.949,12.589,converged
AVAXUSDT/SOLUSDT,2026-01-16 00:00:00+00:00,2026-02-03 00:00:00+00:00,18,-2.35,10.881,10.521,converged
AVAXUSDT/ETHUSDT,2026-01-16 00:00:00+00:00,2026-01-31 00:00:00+00:00,15,-2.02,12.513,12.153,converged
1000SATSUSDT/XRPUSDT,2026-01-16 00:00:00+00:00,2026-01-19 00:00:00+00:00,3,2.1,13.377,13.017,converged
1000SATSUSDT/ADAUSDT,2026-01-16 00:00:00+00:00,2026-01-28 00:00:00+00:00,12,3.63,19.493,19.133,converged
SOLUSDT/WLDUSDT,2026-01-16 00:00:00+00:00,2026-01-28 00:00:00+00:00,12,2.2,18.279,17.919,converged
DOGEUSDT/SOLUSDT,2026-01-16 00:00:00+00:00,2026-02-03 00:00:00+00:00,18,-2.24,11.119,10.759,converged
BTCUSDT/WLDUSDT,2026-01-16 00:00:00+00:00,2026-01-28 00:00:00+00:00,12,2.05,8.948,8.588,converged
1000SATSUSDT/WLDUSDT,2026-01-17 00:00:00+00:00,2026-01-28 00:00:00+00:00,11,3.12,26.626,26.266,converged
1000SATSUSDT/DOGEUSDT,2026-01-17 00:00:00+00:00,2026-02-01 00:00:00+00:00,15,2.59,13.516,13.156,converged
1000SATSUSDT/ONDOUSDT,2026-01-17 00:00:00+00:00,2026-01-31 00:00:00+00:00,14,2.86,22.977,22.617,converged
BNBUSDT/LINKUSDT,2026-01-17 00:00:00+00:00,2026-01-25 00:00:00+00:00,8,2.16,-3.687,-4.047,spread_blowout
BNBUSDT/SOLUSDT,2026-01-18 00:00:00+00:00,2026-02-04 00:00:00+00:00,17,2.06,4.433,4.073,converged
ETHUSDT/LINKUSDT,2026-01-18 00:00:00+00:00,2026-02-01 00:00:00+00:00,14,2.72,7.945,7.585,converged
BTCUSDT/DOGEUSDT,2026-01-18 00:00:00+00:00,2026-02-03 00:00:00+00:00,16,2.04,9.075,8.715,converged
BNBUSDT/SUIUSDT,2026-01-19 00:00:00+00:00,2026-02-04 00:00:00+00:00,16,2.3,11.604,11.244,converged
ADAUSDT/WLDUSDT,2026-01-21 00:00:00+00:00,2026-01-28 00:00:00+00:00,7,2.4,23.38,23.02,converged
1000SHIBUSDT/WLDUSDT,2026-01-23 00:00:00+00:00,2026-01-28 00:00:00+00:00,5,2.01,13.216,12.856,converged
BNBUSDT/ETHUSDT,2026-01-25 00:00:00+00:00,2026-02-01 00:00:00+00:00,7,2.22,-3.968,-4.328,spread_blowout
BTCUSDT/LINKUSDT,2026-01-25 00:00:00+00:00,2026-02-05 00:00:00+00:00,11,2.0,6.206,5.846,converged
BNBUSDT/LINKUSDT,2026-01-26 00:00:00+00:00,2026-02-04 00:00:00+00:00,9,2.22,6.931,6.571,converged
AVAXUSDT/WLDUSDT,2026-01-28 00:00:00+00:00,2026-02-10 00:00:00+00:00,13,-3.9,-1.244,-1.604,spread_blowout
BNBUSDT/BTCUSDT,2026-01-29 00:00:00+00:00,2026-01-31 00:00:00+00:00,2,2.14,4.352,3.992,converged
LINKUSDT/SOLUSDT,2026-01-30 00:00:00+00:00,2026-02-10 00:00:00+00:00,11,-2.79,8.317,7.957,converged
ETHUSDT/SUIUSDT,2026-01-31 00:00:00+00:00,2026-02-01 00:00:00+00:00,1,-2.97,-5.554,-5.914,spread_blowout
DOGEUSDT/WLDUSDT,2026-01-31 00:00:00+00:00,2026-02-05 00:00:00+00:00,5,-2.52,-3.901,-4.261,spread_blowout
BTCUSDT/ETHUSDT,2026-02-01 00:00:00+00:00,2026-03-03 00:00:00+00:00,30,3.54,0.984,0.624,time_stop
AVAXUSDT/LINKUSDT,2026-02-01 00:00:00+00:00,2026-03-03 00:00:00+00:00,30,2.71,-0.684,-1.044,time_stop
SOLUSDT/SUIUSDT,2026-02-01 00:00:00+00:00,2026-02-04 00:00:00+00:00,3,-2.09,-8.06,-8.42,spread_blowout
ADAUSDT/LINKUSDT,2026-02-01 00:00:00+00:00,2026-02-05 00:00:00+00:00,4,2.91,-12.481,-12.841,spread_blowout
ETHUSDT/SUIUSDT,2026-02-02 00:00:00+00:00,2026-02-03 00:00:00+00:00,1,-3.72,-3.364,-3.724,spread_blowout
LINKUSDT/SUIUSDT,2026-02-02 00:00:00+00:00,2026-03-04 00:00:00+00:00,30,-2.38,6.608,6.248,time_stop
1000SHIBUSDT/XRPUSDT,2026-02-02 00:00:00+00:00,2026-02-05 00:00:00+00:00,3,2.04,-10.125,-10.485,spread_blowout
1000SATSUSDT/BTCUSDT,2026-02-03 00:00:00+00:00,2026-02-05 00:00:00+00:00,2,2.84,-15.958,-16.318,spread_blowout
1000SATSUSDT/AVAXUSDT,2026-02-03 00:00:00+00:00,2026-02-19 00:00:00+00:00,16,2.33,10.361,10.001,converged
BTCUSDT/SUIUSDT,2026-02-03 00:00:00+00:00,2026-02-05 00:00:00+00:00,2,-2.0,-9.429,-9.789,spread_blowout
ETHUSDT/SOLUSDT,2026-02-03 00:00:00+00:00,2026-03-05 00:00:00+00:00,30,-2.15,0.119,-0.241,time_stop
ETHUSDT/LINKUSDT,2026-02-03 00:00:00+00:00,2026-02-05 00:00:00+00:00,2,-2.58,-6.542,-6.902,spread_blowout
SOLUSDT/XRPUSDT,2026-02-03 00:00:00+00:00,2026-02-11 00:00:00+00:00,8,-2.17,-7.736,-8.096,spread_blowout
1000SHIBUSDT/SOLUSDT,2026-02-03 00:00:00+00:00,2026-02-04 00:00:00+00:00,1,2.77,-4.937,-5.297,spread_blowout
AVAXUSDT/SOLUSDT,2026-02-04 00:00:00+00:00,2026-02-05 00:00:00+00:00,1,3.64,-5.138,-5.498,spread_blowout
DOGEUSDT/SOLUSDT,2026-02-04 00:00:00+00:00,2026-02-11 00:00:00+00:00,7,3.07,-4.901,-5.261,spread_blowout
BNBUSDT/BTCUSDT,2026-02-04 00:00:00+00:00,2026-02-05 00:00:00+00:00,1,-3.61,-0.758,-1.118,spread_blowout
WLDUSDT/XRPUSDT,2026-02-04 00:00:00+00:00,2026-02-05 00:00:00+00:00,1,2.56,-20.473,-20.833,spread_blowout
DOGEUSDT/XRPUSDT,2026-02-04 00:00:00+00:00,2026-02-05 00:00:00+00:00,1,2.36,-11.648,-12.008,spread_blowout
AVAXUSDT/COTIUSDT,2026-02-05 00:00:00+00:00,2026-03-07 00:00:00+00:00,30,-2.93,6.564,6.204,time_stop
BNBUSDT/ETHUSDT,2026-02-05 00:00:00+00:00,2026-02-07 00:00:00+00:00,2,-3.19,-2.066,-2.426,spread_blowout
DOGEUSDT/ONDOUSDT,2026-02-05 00:00:00+00:00,2026-03-07 00:00:00+00:00,30,-2.46,-3.878,-4.238,time_stop
1000SHIBUSDT/SOLUSDT,2026-02-05 00:00:00+00:00,2026-02-12 00:00:00+00:00,7,2.76,-7.125,-7.485,spread_blowout
1000SHIBUSDT/WLDUSDT,2026-02-05 00:00:00+00:00,2026-02-14 00:00:00+00:00,9,-2.43,10.753,10.393,converged
AVAXUSDT/BTCUSDT,2026-02-05 00:00:00+00:00,2026-03-07 00:00:00+00:00,30,3.83,5.663,5.303,time_stop
BTCUSDT/SOLUSDT,2026-02-05 00:00:00+00:00,2026-02-06 00:00:00+00:00,1,-2.37,4.866,4.506,converged
AVAXUSDT/ONDOUSDT,2026-02-05 00:00:00+00:00,2026-03-07 00:00:00+00:00,30,-2.41,1.418,1.058,time_stop
1000SATSUSDT/SOLUSDT,2026-02-05 00:00:00+00:00,2026-02-11 00:00:00+00:00,6,3.68,-2.09,-2.45,spread_blowout
DOGEUSDT/WLDUSDT,2026-02-06 00:00:00+00:00,2026-02-27 00:00:00+00:00,21,-3.16,-2.414,-2.774,spread_blowout
BNBUSDT/SOLUSDT,2026-02-06 00:00:00+00:00,2026-02-14 00:00:00+00:00,8,-2.32,-4.144,-4.504,spread_blowout
BNBUSDT/BTCUSDT,2026-02-06 00:00:00+00:00,2026-02-08 00:00:00+00:00,2,-3.69,-2.301,-2.661,spread_blowout
BNBUSDT/LINKUSDT,2026-02-06 00:00:00+00:00,2026-02-09 00:00:00+00:00,3,-3.14,-2.894,-3.254,spread_blowout
AVAXUSDT/SOLUSDT,2026-02-06 00:00:00+00:00,2026-02-12 00:00:00+00:00,6,2.38,-8.452,-8.812,spread_blowout
BTCUSDT/SUIUSDT,2026-02-06 00:00:00+00:00,2026-03-04 00:00:00+00:00,26,-2.12,5.52,5.16,converged
SOLUSDT/SUIUSDT,2026-02-06 00:00:00+00:00,2026-02-12 00:00:00+00:00,6,-2.9,-4.34,-4.7,spread_blowout
ETHUSDT/SUIUSDT,2026-02-06 00:00:00+00:00,2026-03-08 00:00:00+00:00,30,-2.73,2.628,2.268,time_stop
BNBUSDT/SUIUSDT,2026-02-07 00:00:00+00:00,2026-02-10 00:00:00+00:00,3,-3.8,-0.945,-1.305,spread_blowout
WLDUSDT/XRPUSDT,2026-02-07 00:00:00+00:00,2026-03-09 00:00:00+00:00,30,2.01,2.775,2.415,time_stop
BNBUSDT/ETHUSDT,2026-02-08 00:00:00+00:00,2026-02-13 00:00:00+00:00,5,-3.24,-1.974,-2.334,spread_blowout
BNBUSDT/BTCUSDT,2026-02-09 00:00:00+00:00,2026-03-11 00:00:00+00:00,30,-3.13,2.318,1.958,time_stop
BNBUSDT/LINKUSDT,2026-02-10 00:00:00+00:00,2026-03-12 00:00:00+00:00,30,-2.55,1.592,1.232,time_stop
BNBUSDT/SUIUSDT,2026-02-11 00:00:00+00:00,2026-03-13 00:00:00+00:00,30,-2.1,1.806,1.446,time_stop
BNBUSDT/XRPUSDT,2026-02-11 00:00:00+00:00,2026-03-13 00:00:00+00:00,30,-2.43,6.068,5.708,time_stop
LINKUSDT/SOLUSDT,2026-02-12 00:00:00+00:00,2026-03-14 00:00:00+00:00,30,2.16,2.537,2.177,time_stop
SOLUSDT/XRPUSDT,2026-02-12 00:00:00+00:00,2026-03-03 00:00:00+00:00,19,-2.41,10.579,10.219,converged
UNIUSDT/ZECUSDT,2026-02-13 00:00:00+00:00,2026-02-25 00:00:00+00:00,12,-2.02,23.955,23.595,converged
COTIUSDT/ONDOUSDT,2026-02-14 00:00:00+00:00,2026-03-16 00:00:00+00:00,30,-3.24,7.442,7.082,time_stop
AVAXUSDT/DOGEUSDT,2026-02-14 00:00:00+00:00,2026-02-26 00:00:00+00:00,12,-3.5,10.837,10.477,converged
1000SHIBUSDT/SOLUSDT,2026-02-14 00:00:00+00:00,2026-02-26 00:00:00+00:00,12,3.15,14.704,14.344,converged
DOGEUSDT/XRPUSDT,2026-02-14 00:00:00+00:00,2026-03-03 00:00:00+00:00,17,2.85,10.232,9.872,converged
1000SHIBUSDT/SUIUSDT,2026-02-14 00:00:00+00:00,2026-02-26 00:00:00+00:00,12,2.52,10.872,10.512,converged
DOGEUSDT/SOLUSDT,2026-02-14 00:00:00+00:00,2026-03-01 00:00:00+00:00,15,2.91,14.35,13.99,converged
1000SHIBUSDT/XRPUSDT,2026-02-14 00:00:00+00:00,2026-02-26 00:00:00+00:00,12,2.97,10.346,9.986,converged
DOGEUSDT/LINKUSDT,2026-02-14 00:00:00+00:00,2026-02-26 00:00:00+00:00,12,2.44,13.616,13.256,converged
1000SHIBUSDT/LINKUSDT,2026-02-14 00:00:00+00:00,2026-02-25 00:00:00+00:00,11,2.6,13.463,13.103,converged
1000SHIBUSDT/AVAXUSDT,2026-02-14 00:00:00+00:00,2026-02-25 00:00:00+00:00,11,2.6,11.435,11.075,converged
ADAUSDT/DOGEUSDT,2026-02-14 00:00:00+00:00,2026-02-16 00:00:00+00:00,2,-2.01,7.094,6.734,converged
COTIUSDT/DOGEUSDT,2026-02-14 00:00:00+00:00,2026-02-23 00:00:00+00:00,9,-2.53,24.495,24.135,converged
ETHUSDT/XRPUSDT,2026-02-15 00:00:00+00:00,2026-03-12 00:00:00+00:00,25,-2.15,11.675,11.315,converged
BNBUSDT/SOLUSDT,2026-02-15 00:00:00+00:00,2026-03-17 00:00:00+00:00,30,-2.25,1.66,1.3,time_stop
1000SATSUSDT/1000SHIBUSDT,2026-02-15 00:00:00+00:00,2026-03-01 00:00:00+00:00,14,-2.02,15.59,15.23,converged
BTCUSDT/XRPUSDT,2026-02-17 00:00:00+00:00,2026-03-04 00:00:00+00:00,15,-2.18,9.412,9.052,converged
BTCUSDT/SOLUSDT,2026-02-25 00:00:00+00:00,2026-03-04 00:00:00+00:00,7,-2.35,4.709,4.349,converged
BTCUSDT/LINKUSDT,2026-02-25 00:00:00+00:00,2026-03-04 00:00:00+00:00,7,-2.19,6.118,5.758,converged
BTCUSDT/UNIUSDT,2026-02-25 00:00:00+00:00,2026-03-27 00:00:00+00:00,30,-2.47,7.278,6.918,time_stop
COTIUSDT/UNIUSDT,2026-02-25 00:00:00+00:00,2026-03-18 00:00:00+00:00,21,-2.43,25.777,25.417,converged
1000SATSUSDT/ADAUSDT,2026-02-25 00:00:00+00:00,2026-03-03 00:00:00+00:00,6,-2.08,12.106,11.746,converged
ADAUSDT/XRPUSDT,2026-02-25 00:00:00+00:00,2026-03-06 00:00:00+00:00,9,2.07,8.464,8.104,converged
1000SHIBUSDT/ADAUSDT,2026-02-26 00:00:00+00:00,2026-03-23 00:00:00+00:00,25,-2.14,9.062,8.702,converged
1000SHIBUSDT/WLDUSDT,2026-02-27 00:00:00+00:00,2026-03-02 00:00:00+00:00,3,-2.1,-7.881,-8.241,spread_blowout
ADAUSDT/DOGEUSDT,2026-02-27 00:00:00+00:00,2026-03-04 00:00:00+00:00,5,2.05,6.682,6.322,converged
DOGEUSDT/WLDUSDT,2026-02-28 00:00:00+00:00,2026-03-10 00:00:00+00:00,10,-2.1,10.577,10.217,converged
1000SHIBUSDT/LINKUSDT,2026-03-01 00:00:00+00:00,2026-03-31 00:00:00+00:00,30,-2.23,6.441,6.081,time_stop
1000SHIBUSDT/SOLUSDT,2026-03-01 00:00:00+00:00,2026-03-31 00:00:00+00:00,30,-2.05,7.581,7.221,time_stop
1000SHIBUSDT/AVAXUSDT,2026-03-01 00:00:00+00:00,2026-03-31 00:00:00+00:00,30,-2.67,8.279,7.919,time_stop
1000SHIBUSDT/AAVEUSDT,2026-03-02 00:00:00+00:00,2026-03-23 00:00:00+00:00,21,-2.84,17.178,16.818,converged
DOGEUSDT/UNIUSDT,2026-03-02 00:00:00+00:00,2026-04-01 00:00:00+00:00,30,-2.02,5.266,4.906,time_stop
1000SHIBUSDT/SUIUSDT,2026-03-02 00:00:00+00:00,2026-03-24 00:00:00+00:00,22,-2.48,10.185,9.825,converged
1000SHIBUSDT/DOGEUSDT,2026-03-02 00:00:00+00:00,2026-03-21 00:00:00+00:00,19,-2.38,8.162,7.802,converged
1000SHIBUSDT/ETHUSDT,2026-03-02 00:00:00+00:00,2026-04-01 00:00:00+00:00,30,-2.2,5.285,4.925,time_stop
1000SHIBUSDT/XRPUSDT,2026-03-02 00:00:00+00:00,2026-03-24 00:00:00+00:00,22,-2.61,10.397,10.037,converged
1000SHIBUSDT/BTCUSDT,2026-03-02 00:00:00+00:00,2026-04-01 00:00:00+00:00,30,-2.24,9.731,9.371,time_stop
1000SHIBUSDT/ONDOUSDT,2026-03-02 00:00:00+00:00,2026-04-01 00:00:00+00:00,30,-2.15,6.095,5.735,time_stop
1000SHIBUSDT/BNBUSDT,2026-03-02 00:00:00+00:00,2026-04-01 00:00:00+00:00,30,-2.1,12.049,11.689,converged
DOGEUSDT/LINKUSDT,2026-03-03 00:00:00+00:00,2026-04-02 00:00:00+00:00,30,-2.35,2.209,1.849,time_stop
1000SHIBUSDT/WLDUSDT,2026-03-03 00:00:00+00:00,2026-03-12 00:00:00+00:00,9,-2.86,14.626,14.266,converged
DOGEUSDT/SOLUSDT,2026-03-03 00:00:00+00:00,2026-04-02 00:00:00+00:00,30,-2.11,7.815,7.455,time_stop
AVAXUSDT/DOGEUSDT,2026-03-03 00:00:00+00:00,2026-04-02 00:00:00+00:00,30,2.99,5.328,4.968,time_stop
ADAUSDT/WLDUSDT,2026-03-04 00:00:00+00:00,2026-03-10 00:00:00+00:00,6,-2.05,10.739,10.379,converged
UNIUSDT/ZECUSDT,2026-03-06 00:00:00+00:00,2026-03-31 00:00:00+00:00,25,2.11,20.286,19.926,converged
ADAUSDT/AVAXUSDT,2026-03-09 00:00:00+00:00,2026-04-08 00:00:00+00:00,30,-2.32,0.393,0.033,time_stop
ADAUSDT/LINKUSDT,2026-03-09 00:00:00+00:00,2026-04-08 00:00:00+00:00,30,-2.23,-1.659,-2.019,time_stop
AVAXUSDT/XRPUSDT,2026-03-10 00:00:00+00:00,2026-04-09 00:00:00+00:00,30,2.04,-1.472,-1.832,time_stop
AVAXUSDT/WLDUSDT,2026-03-10 00:00:00+00:00,2026-03-19 00:00:00+00:00,9,2.67,-7.099,-7.459,spread_blowout
1000SATSUSDT/SOLUSDT,2026-03-12 00:00:00+00:00,2026-03-15 00:00:00+00:00,3,3.11,14.007,13.647,converged
1000SATSUSDT/WLDUSDT,2026-03-12 00:00:00+00:00,2026-03-27 00:00:00+00:00,15,3.23,-15.888,-16.248,spread_blowout
1000SATSUSDT/LINKUSDT,2026-03-12 00:00:00+00:00,2026-03-15 00:00:00+00:00,3,2.67,13.337,12.977,converged
1000SATSUSDT/COTIUSDT,2026-03-12 00:00:00+00:00,2026-03-17 00:00:00+00:00,5,2.16,14.307,13.947,converged
1000SATSUSDT/BTCUSDT,2026-03-12 00:00:00+00:00,2026-03-15 00:00:00+00:00,3,2.48,13.04,12.68,converged
1000SATSUSDT/BNBUSDT,2026-03-12 00:00:00+00:00,2026-03-15 00:00:00+00:00,3,2.19,12.306,11.946,converged
SUIUSDT/XRPUSDT,2026-03-12 00:00:00+00:00,2026-03-16 00:00:00+00:00,4,2.19,8.332,7.972,converged
1000SATSUSDT/SUIUSDT,2026-03-12 00:00:00+00:00,2026-03-18 00:00:00+00:00,6,3.26,13.597,13.237,converged
1000SATSUSDT/ETHUSDT,2026-03-12 00:00:00+00:00,2026-03-15 00:00:00+00:00,3,2.72,13.086,12.726,converged
1000SATSUSDT/XRPUSDT,2026-03-12 00:00:00+00:00,2026-03-18 00:00:00+00:00,6,3.74,19.84,19.48,converged
1000SATSUSDT/AVAXUSDT,2026-03-12 00:00:00+00:00,2026-03-15 00:00:00+00:00,3,2.01,11.602,11.242,converged
1000SATSUSDT/AAVEUSDT,2026-03-12 00:00:00+00:00,2026-03-18 00:00:00+00:00,6,2.25,16.826,16.466,converged
1000SATSUSDT/1000SHIBUSDT,2026-03-12 00:00:00+00:00,2026-03-20 00:00:00+00:00,8,2.44,16.316,15.956,converged
1000SATSUSDT/ADAUSDT,2026-03-12 00:00:00+00:00,2026-03-18 00:00:00+00:00,6,3.49,18.149,17.789,converged
1000SATSUSDT/DOGEUSDT,2026-03-12 00:00:00+00:00,2026-03-21 00:00:00+00:00,9,3.34,16.947,16.587,converged
BNBUSDT/ETHUSDT,2026-03-16 00:00:00+00:00,2026-04-07 00:00:00+00:00,22,-2.27,-5.11,-5.47,spread_blowout
SUIUSDT/WLDUSDT,2026-03-19 00:00:00+00:00,2026-03-26 00:00:00+00:00,7,2.53,-14.581,-14.941,spread_blowout
ADAUSDT/WLDUSDT,2026-03-19 00:00:00+00:00,2026-03-26 00:00:00+00:00,7,2.9,-6.805,-7.165,spread_blowout
ETHUSDT/WLDUSDT,2026-03-19 00:00:00+00:00,2026-03-27 00:00:00+00:00,8,2.51,-25.068,-25.428,spread_blowout
LINKUSDT/WLDUSDT,2026-03-19 00:00:00+00:00,2026-03-26 00:00:00+00:00,7,2.61,-11.252,-11.612,spread_blowout
SOLUSDT/WLDUSDT,2026-03-19 00:00:00+00:00,2026-03-26 00:00:00+00:00,7,2.44,-11.884,-12.244,spread_blowout
ONDOUSDT/WLDUSDT,2026-03-19 00:00:00+00:00,2026-03-26 00:00:00+00:00,7,2.7,-18.231,-18.591,spread_blowout
COTIUSDT/WLDUSDT,2026-03-19 00:00:00+00:00,2026-03-26 00:00:00+00:00,7,2.67,-15.202,-15.562,spread_blowout
WLDUSDT/XRPUSDT,2026-03-19 00:00:00+00:00,2026-03-22 00:00:00+00:00,3,-3.42,-2.908,-3.268,spread_blowout
DOGEUSDT/WLDUSDT,2026-03-19 00:00:00+00:00,2026-03-26 00:00:00+00:00,7,2.57,-10.235,-10.595,spread_blowout
BTCUSDT/WLDUSDT,2026-03-20 00:00:00+00:00,2026-03-27 00:00:00+00:00,7,2.35,-12.518,-12.878,spread_blowout
1000SHIBUSDT/WLDUSDT,2026-03-20 00:00:00+00:00,2026-03-27 00:00:00+00:00,7,2.33,-18.375,-18.735,spread_blowout
AAVEUSDT/WLDUSDT,2026-03-20 00:00:00+00:00,2026-03-27 00:00:00+00:00,7,2.04,-12.108,-12.468,spread_blowout
AVAXUSDT/WLDUSDT,2026-03-20 00:00:00+00:00,2026-03-26 00:00:00+00:00,6,3.4,-4.227,-4.587,spread_blowout
ADAUSDT/ETHUSDT,2026-03-22 00:00:00+00:00,2026-04-11 00:00:00+00:00,20,-2.02,-8.809,-9.169,spread_blowout
ADAUSDT/XRPUSDT,2026-03-22 00:00:00+00:00,2026-04-21 00:00:00+00:00,30,-2.06,-3.573,-3.933,time_stop
ADAUSDT/SOLUSDT,2026-03-22 00:00:00+00:00,2026-04-21 00:00:00+00:00,30,-2.04,-0.146,-0.506,time_stop
AAVEUSDT/SOLUSDT,2026-03-23 00:00:00+00:00,2026-04-07 00:00:00+00:00,15,-2.07,-8.854,-9.214,spread_blowout
WLDUSDT/XRPUSDT,2026-03-23 00:00:00+00:00,2026-03-27 00:00:00+00:00,4,-2.57,-18.988,-19.348,spread_blowout
AAVEUSDT/ONDOUSDT,2026-03-26 00:00:00+00:00,2026-03-28 00:00:00+00:00,2,-2.57,-8.082,-8.442,spread_blowout
DOGEUSDT/ONDOUSDT,2026-03-26 00:00:00+00:00,2026-04-12 00:00:00+00:00,17,-2.16,7.601,7.241,converged
ADAUSDT/ONDOUSDT,2026-03-26 00:00:00+00:00,2026-03-31 00:00:00+00:00,5,-2.75,-6.402,-6.762,spread_blowout
AAVEUSDT/COTIUSDT,2026-03-26 00:00:00+00:00,2026-04-02 00:00:00+00:00,7,-2.2,-12.324,-12.684,spread_blowout
1000PEPEUSDT/WLDUSDT,2026-03-26 00:00:00+00:00,2026-04-05 00:00:00+00:00,10,2.06,-19.704,-20.064,spread_blowout
AAVEUSDT/LINKUSDT,2026-03-26 00:00:00+00:00,2026-04-04 00:00:00+00:00,9,-2.09,-8.448,-8.808,spread_blowout
AAVEUSDT/AVAXUSDT,2026-03-27 00:00:00+00:00,2026-04-09 00:00:00+00:00,13,-2.07,-14.616,-14.976,spread_blowout
AAVEUSDT/BTCUSDT,2026-03-27 00:00:00+00:00,2026-04-06 00:00:00+00:00,10,-2.06,-10.469,-10.829,spread_blowout
AAVEUSDT/DOGEUSDT,2026-03-27 00:00:00+00:00,2026-04-02 00:00:00+00:00,6,-2.67,-4.84,-5.2,spread_blowout
1000SHIBUSDT/AAVEUSDT,2026-03-27 00:00:00+00:00,2026-04-03 00:00:00+00:00,7,2.37,-7.188,-7.548,spread_blowout
ONDOUSDT/XRPUSDT,2026-03-27 00:00:00+00:00,2026-04-17 00:00:00+00:00,21,2.3,10.987,10.627,converged
AVAXUSDT/ONDOUSDT,2026-03-27 00:00:00+00:00,2026-04-09 00:00:00+00:00,13,-2.33,11.278,10.918,converged
ADAUSDT/COTIUSDT,2026-03-27 00:00:00+00:00,2026-04-12 00:00:00+00:00,16,-2.1,-9.101,-9.461,spread_blowout
AAVEUSDT/BNBUSDT,2026-03-27 00:00:00+00:00,2026-04-16 00:00:00+00:00,20,-2.15,12.21,11.85,converged
AAVEUSDT/ETHUSDT,2026-03-27 00:00:00+00:00,2026-04-02 00:00:00+00:00,6,-2.63,-7.127,-7.487,spread_blowout
LINKUSDT/WLDUSDT,2026-03-27 00:00:00+00:00,2026-04-05 00:00:00+00:00,9,3.87,-3.05,-3.41,spread_blowout
AAVEUSDT/SUIUSDT,2026-03-27 00:00:00+00:00,2026-04-07 00:00:00+00:00,11,-2.47,-8.508,-8.868,spread_blowout
AAVEUSDT/XRPUSDT,2026-03-27 00:00:00+00:00,2026-04-06 00:00:00+00:00,10,-2.49,-5.606,-5.966,spread_blowout
AVAXUSDT/WLDUSDT,2026-03-27 00:00:00+00:00,2026-04-05 00:00:00+00:00,9,3.75,-3.239,-3.599,spread_blowout
WLDUSDT/XRPUSDT,2026-03-28 00:00:00+00:00,2026-04-05 00:00:00+00:00,8,-3.21,-7.153,-7.513,spread_blowout
1000SATSUSDT/WLDUSDT,2026-03-28 00:00:00+00:00,2026-04-16 00:00:00+00:00,19,2.14,-39.747,-40.107,spread_blowout
SUIUSDT/WLDUSDT,2026-03-28 00:00:00+00:00,2026-04-27 00:00:00+00:00,30,2.36,-15.28,-15.64,time_stop
LINKUSDT/ONDOUSDT,2026-03-28 00:00:00+00:00,2026-04-07 00:00:00+00:00,10,-2.12,9.266,8.906,converged
COTIUSDT/SUIUSDT,2026-03-28 00:00:00+00:00,2026-04-20 00:00:00+00:00,23,2.2,-10.888,-11.248,spread_blowout
COTIUSDT/LINKUSDT,2026-03-28 00:00:00+00:00,2026-04-27 00:00:00+00:00,30,2.21,3.462,3.102,time_stop
ADAUSDT/WLDUSDT,2026-03-28 00:00:00+00:00,2026-04-05 00:00:00+00:00,8,2.68,-8.154,-8.514,spread_blowout
AAVEUSDT/ADAUSDT,2026-03-28 00:00:00+00:00,2026-04-05 00:00:00+00:00,8,-2.49,-4.843,-5.203,spread_blowout
ONDOUSDT/SUIUSDT,2026-03-28 00:00:00+00:00,2026-04-09 00:00:00+00:00,12,2.23,11.025,10.665,converged
DOGEUSDT/WLDUSDT,2026-03-28 00:00:00+00:00,2026-04-05 00:00:00+00:00,8,3.2,-7.7,-8.06,spread_blowout
AVAXUSDT/COTIUSDT,2026-03-28 00:00:00+00:00,2026-04-20 00:00:00+00:00,23,-2.04,-7.884,-8.244,spread_blowout
1000SATSUSDT/ETHUSDT,2026-03-29 00:00:00+00:00,2026-04-15 00:00:00+00:00,17,-2.02,12.29,11.93,converged
1000SATSUSDT/COTIUSDT,2026-03-29 00:00:00+00:00,2026-04-15 00:00:00+00:00,17,-2.41,19.286,18.926,converged
AAVEUSDT/ZECUSDT,2026-03-29 00:00:00+00:00,2026-04-07 00:00:00+00:00,9,-2.01,-21.812,-22.172,spread_blowout
ADAUSDT/DOGEUSDT,2026-03-29 00:00:00+00:00,2026-04-14 00:00:00+00:00,16,-2.79,-2.938,-3.298,spread_blowout
AAVEUSDT/ONDOUSDT,2026-03-29 00:00:00+00:00,2026-04-28 00:00:00+00:00,30,-3.07,-1.178,-1.538,time_stop
COTIUSDT/XRPUSDT,2026-03-30 00:00:00+00:00,2026-04-29 00:00:00+00:00,30,2.33,-1.045,-1.405,time_stop
1000SHIBUSDT/ADAUSDT,2026-03-30 00:00:00+00:00,2026-04-29 00:00:00+00:00,30,2.02,-3.425,-3.785,time_stop
ETHUSDT/XRPUSDT,2026-03-31 00:00:00+00:00,2026-04-13 00:00:00+00:00,13,2.06,-8.917,-9.277,spread_blowout
BTCUSDT/ETHUSDT,2026-03-31 00:00:00+00:00,2026-04-20 00:00:00+00:00,20,-2.14,4.118,3.758,converged
ETHUSDT/SUIUSDT,2026-03-31 00:00:00+00:00,2026-04-30 00:00:00+00:00,30,2.13,-4.437,-4.797,time_stop
1000SATSUSDT/AAVEUSDT,2026-03-31 00:00:00+00:00,2026-04-15 00:00:00+00:00,15,2.03,-11.41,-11.77,spread_blowout
ETHUSDT/SOLUSDT,2026-03-31 00:00:00+00:00,2026-04-01 00:00:00+00:00,1,3.27,-3.964,-4.324,spread_blowout
ADAUSDT/ZECUSDT,2026-03-31 00:00:00+00:00,2026-04-08 00:00:00+00:00,8,-2.43,-11.422,-11.782,spread_blowout
LINKUSDT/SOLUSDT,2026-04-01 00:00:00+00:00,2026-05-01 00:00:00+00:00,30,2.72,0.988,0.628,time_stop
COTIUSDT/SOLUSDT,2026-04-01 00:00:00+00:00,2026-04-20 00:00:00+00:00,19,2.11,-12.53,-12.89,spread_blowout
BTCUSDT/SOLUSDT,2026-04-01 00:00:00+00:00,2026-04-08 00:00:00+00:00,7,2.03,-3.158,-3.518,spread_blowout
LINKUSDT/SUIUSDT,2026-04-01 00:00:00+00:00,2026-05-01 00:00:00+00:00,30,2.11,1.096,0.736,time_stop
ADAUSDT/ONDOUSDT,2026-04-02 00:00:00+00:00,2026-05-02 00:00:00+00:00,30,-2.36,-4.291,-4.651,time_stop
ETHUSDT/SOLUSDT,2026-04-02 00:00:00+00:00,2026-04-06 00:00:00+00:00,4,3.79,-1.158,-1.518,spread_blowout
COTIUSDT/UNIUSDT,2026-04-02 00:00:00+00:00,2026-04-10 00:00:00+00:00,8,2.97,-8.188,-8.548,spread_blowout
COTIUSDT/DOGEUSDT,2026-04-02 00:00:00+00:00,2026-04-29 00:00:00+00:00,27,2.28,16.067,15.707,converged
BNBUSDT/BTCUSDT,2026-04-02 00:00:00+00:00,2026-04-08 00:00:00+00:00,6,-2.2,-4.687,-5.047,spread_blowout
AVAXUSDT/UNIUSDT,2026-04-02 00:00:00+00:00,2026-04-09 00:00:00+00:00,7,2.05,-8.752,-9.112,spread_blowout
BNBUSDT/COTIUSDT,2026-04-02 00:00:00+00:00,2026-05-02 00:00:00+00:00,30,-2.75,0.786,0.426,time_stop
ETHUSDT/UNIUSDT,2026-04-02 00:00:00+00:00,2026-04-14 00:00:00+00:00,12,2.08,-13.537,-13.897,spread_blowout
BTCUSDT/COTIUSDT,2026-04-02 00:00:00+00:00,2026-04-13 00:00:00+00:00,11,-2.09,7.886,7.526,converged
ONDOUSDT/UNIUSDT,2026-04-02 00:00:00+00:00,2026-05-02 00:00:00+00:00,30,2.24,-7.061,-7.421,time_stop
LINKUSDT/UNIUSDT,2026-04-02 00:00:00+00:00,2026-05-02 00:00:00+00:00,30,2.31,-3.659,-4.019,time_stop
AAVEUSDT/COTIUSDT,2026-04-03 00:00:00+00:00,2026-04-09 00:00:00+00:00,6,-3.59,-4.005,-4.365,spread_blowout
AAVEUSDT/DOGEUSDT,2026-04-03 00:00:00+00:00,2026-04-09 00:00:00+00:00,6,-2.83,-5.816,-6.176,spread_blowout
COTIUSDT/ETHUSDT,2026-04-03 00:00:00+00:00,2026-04-11 00:00:00+00:00,8,2.17,11.066,10.706,converged
XRPUSDT/ZECUSDT,2026-04-04 00:00:00+00:00,2026-04-07 00:00:00+00:00,3,-2.29,-11.255,-11.615,spread_blowout
1000SHIBUSDT/AAVEUSDT,2026-04-04 00:00:00+00:00,2026-05-04 00:00:00+00:00,30,2.61,-5.265,-5.625,time_stop
1000PEPEUSDT/ZECUSDT,2026-04-04 00:00:00+00:00,2026-04-07 00:00:00+00:00,3,-2.14,-11.738,-12.098,spread_blowout
BTCUSDT/UNIUSDT,2026-04-05 00:00:00+00:00,2026-04-22 00:00:00+00:00,17,2.13,-8.759,-9.119,spread_blowout
1000PEPEUSDT/AAVEUSDT,2026-04-05 00:00:00+00:00,2026-04-20 00:00:00+00:00,15,2.31,-11.483,-11.843,spread_blowout
AAVEUSDT/LINKUSDT,2026-04-05 00:00:00+00:00,2026-04-20 00:00:00+00:00,15,-2.77,-9.041,-9.401,spread_blowout
ADAUSDT/WLDUSDT,2026-04-06 00:00:00+00:00,2026-04-12 00:00:00+00:00,6,2.35,15.88,15.52,converged
DOGEUSDT/ZECUSDT,2026-04-06 00:00:00+00:00,2026-04-07 00:00:00+00:00,1,-2.14,-10.68,-11.04,spread_blowout
AAVEUSDT/ADAUSDT,2026-04-06 00:00:00+00:00,2026-04-09 00:00:00+00:00,3,-2.67,-6.328,-6.688,spread_blowout
SUIUSDT/ZECUSDT,2026-04-07 00:00:00+00:00,2026-04-09 00:00:00+00:00,2,-3.2,-16.768,-17.128,spread_blowout
AVAXUSDT/ZECUSDT,2026-04-07 00:00:00+00:00,2026-04-10 00:00:00+00:00,3,-2.55,-10.298,-10.658,spread_blowout
ONDOUSDT/ZECUSDT,2026-04-07 00:00:00+00:00,2026-04-08 00:00:00+00:00,1,-3.1,-5.974,-6.334,spread_blowout
1000SATSUSDT/ZECUSDT,2026-04-07 00:00:00+00:00,2026-04-09 00:00:00+00:00,2,-2.84,-13.465,-13.825,spread_blowout
ETHUSDT/SOLUSDT,2026-04-07 00:00:00+00:00,2026-04-11 00:00:00+00:00,4,3.09,-2.68,-3.04,spread_blowout
BTCUSDT/ZECUSDT,2026-04-07 00:00:00+00:00,2026-05-05 00:00:00+00:00,28,-2.33,-12.576,-12.936,spread_blowout
BNBUSDT/ZECUSDT,2026-04-07 00:00:00+00:00,2026-04-09 00:00:00+00:00,2,-3.17,-11.545,-11.905,spread_blowout
BTCUSDT/XRPUSDT,2026-04-07 00:00:00+00:00,2026-04-22 00:00:00+00:00,15,2.21,-5.546,-5.906,spread_blowout
SOLUSDT/ZECUSDT,2026-04-07 00:00:00+00:00,2026-04-09 00:00:00+00:00,2,-3.2,-13.517,-13.877,spread_blowout
LINKUSDT/ZECUSDT,2026-04-07 00:00:00+00:00,2026-04-09 00:00:00+00:00,2,-2.47,-12.67,-13.03,spread_blowout
AAVEUSDT/XRPUSDT,2026-04-07 00:00:00+00:00,2026-04-19 00:00:00+00:00,12,-2.7,-7.196,-7.556,spread_blowout
ADAUSDT/BTCUSDT,2026-04-08 00:00:00+00:00,2026-04-14 00:00:00+00:00,6,-2.0,-9.68,-10.04,spread_blowout
AVAXUSDT/ETHUSDT,2026-04-08 00:00:00+00:00,2026-05-08 00:00:00+00:00,30,-2.03,4.658,4.298,time_stop
ETHUSDT/LINKUSDT,2026-04-08 00:00:00+00:00,2026-05-07 00:00:00+00:00,29,2.48,7.491,7.131,converged
ETHUSDT/ZECUSDT,2026-04-08 00:00:00+00:00,2026-05-03 00:00:00+00:00,25,-2.35,-12.347,-12.707,spread_blowout
SUIUSDT/UNIUSDT,2026-04-08 00:00:00+00:00,2026-05-08 00:00:00+00:00,30,2.08,13.432,13.072,time_stop
AAVEUSDT/SUIUSDT,2026-04-08 00:00:00+00:00,2026-05-08 00:00:00+00:00,30,-2.92,-3.846,-4.206,time_stop
COTIUSDT/ZECUSDT,2026-04-08 00:00:00+00:00,2026-05-03 00:00:00+00:00,25,-2.2,-17.352,-17.712,spread_blowout
AAVEUSDT/SOLUSDT,2026-04-08 00:00:00+00:00,2026-04-16 00:00:00+00:00,8,-2.47,16.186,15.826,converged
BNBUSDT/ETHUSDT,2026-04-08 00:00:00+00:00,2026-04-13 00:00:00+00:00,5,-2.97,-4.684,-5.044,spread_blowout
COTIUSDT/ONDOUSDT,2026-04-09 00:00:00+00:00,2026-04-20 00:00:00+00:00,11,2.04,-11.616,-11.976,spread_blowout
SOLUSDT/UNIUSDT,2026-04-09 00:00:00+00:00,2026-05-09 00:00:00+00:00,30,2.06,12.232,11.872,time_stop
BTCUSDT/SOLUSDT,2026-04-09 00:00:00+00:00,2026-04-13 00:00:00+00:00,4,3.53,-1.203,-1.563,spread_blowout
BNBUSDT/BTCUSDT,2026-04-09 00:00:00+00:00,2026-04-10 00:00:00+00:00,1,-3.74,-1.676,-2.036,spread_blowout
BTCUSDT/SUIUSDT,2026-04-10 00:00:00+00:00,2026-04-22 00:00:00+00:00,12,2.13,-6.901,-7.261,spread_blowout
AAVEUSDT/ADAUSDT,2026-04-10 00:00:00+00:00,2026-04-13 00:00:00+00:00,3,-2.63,12.375,12.015,converged
AAVEUSDT/DOGEUSDT,2026-04-10 00:00:00+00:00,2026-04-29 00:00:00+00:00,19,-2.62,-13.192,-13.552,spread_blowout
DOGEUSDT/ETHUSDT,2026-04-11 00:00:00+00:00,2026-04-29 00:00:00+00:00,18,-2.26,12.259,11.899,converged
ETHUSDT/ONDOUSDT,2026-04-11 00:00:00+00:00,2026-05-03 00:00:00+00:00,22,2.27,12.232,11.872,converged
BNBUSDT/BTCUSDT,2026-04-11 00:00:00+00:00,2026-04-13 00:00:00+00:00,2,-3.65,-1.169,-1.529,spread_blowout
ETHUSDT/SOLUSDT,2026-04-12 00:00:00+00:00,2026-05-12 00:00:00+00:00,30,2.88,9.533,9.173,time_stop
ADAUSDT/SUIUSDT,2026-04-12 00:00:00+00:00,2026-05-10 00:00:00+00:00,28,-2.61,-7.647,-8.007,spread_blowout
BTCUSDT/ONDOUSDT,2026-04-12 00:00:00+00:00,2026-05-04 00:00:00+00:00,22,2.15,9.713,9.353,converged
BTCUSDT/DOGEUSDT,2026-04-13 00:00:00+00:00,2026-04-30 00:00:00+00:00,17,2.16,7.834,7.474,converged
LINKUSDT/XRPUSDT,2026-04-13 00:00:00+00:00,2026-05-08 00:00:00+00:00,25,2.01,-6.917,-7.277,spread_blowout
1000SHIBUSDT/ETHUSDT,2026-04-14 00:00:00+00:00,2026-05-10 00:00:00+00:00,26,-2.07,11.191,10.831,converged
BTCUSDT/SOLUSDT,2026-04-14 00:00:00+00:00,2026-04-17 00:00:00+00:00,3,4.0,-0.122,-0.482,spread_blowout
1000SATSUSDT/ADAUSDT,2026-04-14 00:00:00+00:00,2026-04-15 00:00:00+00:00,1,2.42,-12.295,-12.655,spread_blowout
AVAXUSDT/BTCUSDT,2026-04-14 00:00:00+00:00,2026-04-22 00:00:00+00:00,8,-2.5,-5.62,-5.98,spread_blowout
BTCUSDT/LINKUSDT,2026-04-14 00:00:00+00:00,2026-04-22 00:00:00+00:00,8,2.78,-2.944,-3.304,spread_blowout
BNBUSDT/BTCUSDT,2026-04-14 00:00:00+00:00,2026-04-22 00:00:00+00:00,8,-3.2,-3.139,-3.499,spread_blowout
1000SATSUSDT/BNBUSDT,2026-04-15 00:00:00+00:00,2026-04-16 00:00:00+00:00,1,3.54,-30.889,-31.249,spread_blowout
1000SATSUSDT/AVAXUSDT,2026-04-15 00:00:00+00:00,2026-04-16 00:00:00+00:00,1,3.3,-29.188,-29.548,spread_blowout
1000SATSUSDT/LINKUSDT,2026-04-15 00:00:00+00:00,2026-04-16 00:00:00+00:00,1,2.67,-28.984,-29.344,spread_blowout
1000SATSUSDT/SOLUSDT,2026-04-15 00:00:00+00:00,2026-04-16 00:00:00+00:00,1,3.85,-28.723,-29.083,spread_blowout
1000SATSUSDT/XRPUSDT,2026-04-15 00:00:00+00:00,2026-04-16 00:00:00+00:00,1,3.81,-28.201,-28.561,spread_blowout
ADAUSDT/DOGEUSDT,2026-04-15 00:00:00+00:00,2026-04-28 00:00:00+00:00,13,-2.48,-4.764,-5.124,spread_blowout
1000SATSUSDT/1000SHIBUSDT,2026-04-15 00:00:00+00:00,2026-04-16 00:00:00+00:00,1,2.69,-27.118,-27.478,spread_blowout
1000SATSUSDT/ONDOUSDT,2026-04-15 00:00:00+00:00,2026-04-16 00:00:00+00:00,1,3.17,-27.771,-28.131,spread_blowout
AAVEUSDT/WLDUSDT,2026-04-17 00:00:00+00:00,2026-04-20 00:00:00+00:00,3,2.84,19.245,18.885,converged
BTCUSDT/SOLUSDT,2026-04-18 00:00:00+00:00,2026-04-22 00:00:00+00:00,4,3.12,-2.703,-3.063,spread_blowout
AVAXUSDT/LINKUSDT,2026-04-19 00:00:00+00:00,2026-05-05 00:00:00+00:00,16,-2.51,-2.444,-2.804,spread_blowout
COTIUSDT/ETHUSDT,2026-04-20 00:00:00+00:00,2026-04-25 00:00:00+00:00,5,2.34,8.481,8.121,converged
AAVEUSDT/ADAUSDT,2026-04-20 00:00:00+00:00,2026-05-20 00:00:00+00:00,30,-2.32,-3.502,-3.862,time_stop
AAVEUSDT/XRPUSDT,2026-04-20 00:00:00+00:00,2026-05-20 00:00:00+00:00,30,-3.29,2.118,1.758,time_stop
ADAUSDT/XRPUSDT,2026-04-22 00:00:00+00:00,2026-05-07 00:00:00+00:00,15,-2.11,8.523,8.163,converged
BTCUSDT/ETHUSDT,2026-04-23 00:00:00+00:00,2026-05-06 00:00:00+00:00,13,2.33,-3.355,-3.715,spread_blowout
AVAXUSDT/BTCUSDT,2026-04-23 00:00:00+00:00,2026-05-01 00:00:00+00:00,8,-3.02,-3.156,-3.516,spread_blowout
BTCUSDT/LINKUSDT,2026-04-23 00:00:00+00:00,2026-05-01 00:00:00+00:00,8,3.06,-2.395,-2.755,spread_blowout
DOGEUSDT/SUIUSDT,2026-04-28 00:00:00+00:00,2026-04-29 00:00:00+00:00,1,2.18,-5.946,-6.306,spread_blowout
DOGEUSDT/XRPUSDT,2026-04-28 00:00:00+00:00,2026-04-29 00:00:00+00:00,1,2.53,-5.364,-5.724,spread_blowout
BTCUSDT/ETHUSDT,2026-05-07 00:00:00+00:00,2026-05-17 00:00:00+00:00,10,2.85,-2.529,-2.889,spread_blowout
COTIUSDT/ETHUSDT,2026-05-08 00:00:00+00:00,2026-05-16 00:00:00+00:00,8,2.23,9.088,8.728,converged
BNBUSDT/SOLUSDT,2026-05-13 00:00:00+00:00,2026-05-25 00:00:00+00:00,12,2.23,-3.19,-3.55,spread_blowout
AAVEUSDT/WLDUSDT,2026-05-21 00:00:00+00:00,2026-05-23 00:00:00+00:00,2,-2.44,-7.182,-7.542,spread_blowout
1000PEPEUSDT/BTCUSDT,2026-06-05 00:00:00+00:00,2026-06-25 00:00:00+00:00,20,-2.05,-10.864,-11.224,spread_blowout
ADAUSDT/AVAXUSDT,2026-06-05 00:00:00+00:00,2026-06-08 00:00:00+00:00,3,-2.29,7.655,7.295,converged
ADAUSDT/SOLUSDT,2026-06-06 00:00:00+00:00,2026-06-15 00:00:00+00:00,9,-2.54,-8.916,-9.276,spread_blowout
AVAXUSDT/SOLUSDT,2026-06-06 00:00:00+00:00,2026-06-07 00:00:00+00:00,1,-2.81,-3.68,-4.04,spread_blowout
AVAXUSDT/XRPUSDT,2026-06-06 00:00:00+00:00,2026-06-07 00:00:00+00:00,1,-3.5,-3.615,-3.975,spread_blowout
ADAUSDT/XRPUSDT,2026-06-06 00:00:00+00:00,2026-06-07 00:00:00+00:00,1,-3.35,-3.274,-3.634,spread_blowout
LINKUSDT/SUIUSDT,2026-06-06 00:00:00+00:00,2026-06-18 00:00:00+00:00,12,-2.44,7.222,6.862,converged
ADAUSDT/XRPUSDT,2026-06-08 00:00:00+00:00,2026-06-16 00:00:00+00:00,8,-2.7,-5.616,-5.976,spread_blowout
AVAXUSDT/XRPUSDT,2026-06-09 00:00:00+00:00,2026-06-14 00:00:00+00:00,5,-3.09,-2.944,-3.304,spread_blowout
AVAXUSDT/SOLUSDT,2026-06-09 00:00:00+00:00,2026-06-11 00:00:00+00:00,2,-2.96,-2.803,-3.163,spread_blowout
ADAUSDT/AVAXUSDT,2026-06-10 00:00:00+00:00,2026-06-19 00:00:00+00:00,9,2.09,-11.477,-11.837,spread_blowout
AVAXUSDT/ETHUSDT,2026-06-12 00:00:00+00:00,2026-06-19 00:00:00+00:00,7,-2.13,-13.323,-13.683,spread_blowout
AVAXUSDT/SOLUSDT,2026-06-12 00:00:00+00:00,2026-06-14 00:00:00+00:00,2,-3.42,-3.603,-3.963,spread_blowout
ADAUSDT/UNIUSDT,2026-06-15 00:00:00+00:00,2026-06-16 00:00:00+00:00,1,-2.8,-20.142,-20.502,spread_blowout
AVAXUSDT/UNIUSDT,2026-06-15 00:00:00+00:00,2026-06-16 00:00:00+00:00,1,-3.29,-12.211,-12.571,spread_blowout
AVAXUSDT/XRPUSDT,2026-06-16 00:00:00+00:00,2026-06-19 00:00:00+00:00,3,-2.87,-5.27,-5.63,spread_blowout
UNIUSDT/XRPUSDT,2026-06-16 00:00:00+00:00,2026-06-18 00:00:00+00:00,2,3.44,-5.987,-6.347,spread_blowout
ADAUSDT/ETHUSDT,2026-06-16 00:00:00+00:00,2026-07-15 00:00:00+00:00,29,-2.01,-12.494,-12.854,spread_blowout
AAVEUSDT/ADAUSDT,2026-06-16 00:00:00+00:00,2026-06-24 00:00:00+00:00,8,2.31,-21.002,-21.362,spread_blowout
ADAUSDT/SOLUSDT,2026-06-17 00:00:00+00:00,2026-06-20 00:00:00+00:00,3,-3.87,-4.616,-4.976,spread_blowout
ADAUSDT/XRPUSDT,2026-06-17 00:00:00+00:00,2026-06-26 00:00:00+00:00,9,-2.47,11.834,11.474,converged
AVAXUSDT/SOLUSDT,2026-06-18 00:00:00+00:00,2026-06-19 00:00:00+00:00,1,-3.8,-6.92,-7.28,spread_blowout
COTIUSDT/ETHUSDT,2026-06-19 00:00:00+00:00,2026-06-30 00:00:00+00:00,11,-2.32,-6.282,-6.642,spread_blowout
AVAXUSDT/COTIUSDT,2026-06-19 00:00:00+00:00,2026-06-23 00:00:00+00:00,4,-2.45,13.631,13.271,converged
1000SHIBUSDT/AAVEUSDT,2026-06-19 00:00:00+00:00,2026-06-24 00:00:00+00:00,5,-2.12,-13.045,-13.405,spread_blowout
1000PEPEUSDT/1000SATSUSDT,2026-06-19 00:00:00+00:00,2026-06-25 00:00:00+00:00,6,-2.15,-9.304,-9.664,spread_blowout
1000PEPEUSDT/AVAXUSDT,2026-06-19 00:00:00+00:00,2026-06-24 00:00:00+00:00,5,2.6,19.063,18.703,converged
SOLUSDT/UNIUSDT,2026-06-19 00:00:00+00:00,2026-06-30 00:00:00+00:00,11,-3.24,13.929,13.569,converged
SOLUSDT/XRPUSDT,2026-06-20 00:00:00+00:00,2026-06-25 00:00:00+00:00,5,3.04,-4.382,-4.742,spread_blowout
AVAXUSDT/XRPUSDT,2026-06-20 00:00:00+00:00,2026-06-24 00:00:00+00:00,4,-2.27,14.376,14.016,converged
1000SHIBUSDT/SOLUSDT,2026-06-20 00:00:00+00:00,2026-06-26 00:00:00+00:00,6,-2.56,-9.431,-9.791,spread_blowout
ADAUSDT/AVAXUSDT,2026-06-23 00:00:00+00:00,2026-06-29 00:00:00+00:00,6,-2.45,-7.332,-7.692,spread_blowout
ADAUSDT/SOLUSDT,2026-06-23 00:00:00+00:00,2026-06-26 00:00:00+00:00,3,-2.89,-7.132,-7.492,spread_blowout
COTIUSDT/SOLUSDT,2026-06-24 00:00:00+00:00,2026-06-29 00:00:00+00:00,5,-2.09,-18.112,-18.472,spread_blowout
AAVEUSDT/ETHUSDT,2026-06-24 00:00:00+00:00,2026-06-25 00:00:00+00:00,1,3.11,-6.361,-6.721,spread_blowout
1000PEPEUSDT/SOLUSDT,2026-06-24 00:00:00+00:00,2026-06-26 00:00:00+00:00,2,-2.27,-12.731,-13.091,spread_blowout
AAVEUSDT/SOLUSDT,2026-06-24 00:00:00+00:00,2026-06-27 00:00:00+00:00,3,2.42,-11.072,-11.432,spread_blowout
LINKUSDT/SOLUSDT,2026-06-25 00:00:00+00:00,2026-06-29 00:00:00+00:00,4,-2.43,-6.804,-7.164,spread_blowout
1000PEPEUSDT/ETHUSDT,2026-06-25 00:00:00+00:00,2026-07-25 00:00:00+00:00,30,-2.37,-3.927,-4.287,time_stop
1000PEPEUSDT/AVAXUSDT,2026-06-25 00:00:00+00:00,2026-07-12 00:00:00+00:00,17,-2.24,13.716,13.356,converged
ETHUSDT/SOLUSDT,2026-06-26 00:00:00+00:00,2026-07-01 00:00:00+00:00,5,-2.93,-6.741,-7.101,spread_blowout
AVAXUSDT/XRPUSDT,2026-06-26 00:00:00+00:00,2026-07-21 00:00:00+00:00,25,2.57,15.14,14.78,converged
1000PEPEUSDT/BTCUSDT,2026-06-26 00:00:00+00:00,2026-07-26 00:00:00+00:00,30,-2.38,9.362,9.002,time_stop
BTCUSDT/SOLUSDT,2026-06-26 00:00:00+00:00,2026-07-01 00:00:00+00:00,5,-2.4,-6.21,-6.57,spread_blowout
1000SHIBUSDT/AVAXUSDT,2026-06-26 00:00:00+00:00,2026-07-25 00:00:00+00:00,29,-2.85,12.774,12.414,converged
1000PEPEUSDT/1000SATSUSDT,2026-06-26 00:00:00+00:00,2026-06-29 00:00:00+00:00,3,-2.87,-9.153,-9.513,spread_blowout
ADAUSDT/SOLUSDT,2026-06-28 00:00:00+00:00,2026-06-29 00:00:00+00:00,1,-3.27,-7.757,-8.117,spread_blowout
1000SHIBUSDT/ETHUSDT,2026-06-28 00:00:00+00:00,2026-07-06 00:00:00+00:00,8,-2.17,-6.364,-6.724,spread_blowout
1000PEPEUSDT/SUIUSDT,2026-06-29 00:00:00+00:00,2026-07-26 00:00:00+00:00,27,-2.11,20.9,20.54,converged
AVAXUSDT/COTIUSDT,2026-06-29 00:00:00+00:00,2026-07-17 00:00:00+00:00,18,2.46,-7.71,-8.07,spread_blowout
SOLUSDT/SUIUSDT,2026-06-29 00:00:00+00:00,2026-07-29 00:00:00+00:00,30,2.11,0.477,0.117,time_stop
AVAXUSDT/SOLUSDT,2026-06-29 00:00:00+00:00,2026-07-07 00:00:00+00:00,8,-2.37,-9.702,-10.062,spread_blowout
1000PEPEUSDT/1000SATSUSDT,2026-06-30 00:00:00+00:00,2026-07-19 00:00:00+00:00,19,-3.1,21.705,21.345,converged
ADAUSDT/AVAXUSDT,2026-06-30 00:00:00+00:00,2026-07-03 00:00:00+00:00,3,-2.61,14.37,14.01,converged
1000PEPEUSDT/ADAUSDT,2026-07-01 00:00:00+00:00,2026-07-10 00:00:00+00:00,9,-2.4,12.465,12.105,converged
COTIUSDT/ETHUSDT,2026-07-02 00:00:00+00:00,2026-07-06 00:00:00+00:00,4,-2.91,-6.552,-6.912,spread_blowout
1000PEPEUSDT/LINKUSDT,2026-07-02 00:00:00+00:00,2026-08-01 00:00:00+00:00,30,-2.49,5.21,4.85,time_stop
DOGEUSDT/LINKUSDT,2026-07-02 00:00:00+00:00,2026-07-14 00:00:00+00:00,12,-2.39,-7.927,-8.287,spread_blowout
1000SHIBUSDT/ADAUSDT,2026-07-02 00:00:00+00:00,2026-07-04 00:00:00+00:00,2,-2.27,-6.708,-7.068,spread_blowout
1000PEPEUSDT/1000SHIBUSDT,2026-07-03 00:00:00+00:00,2026-07-12 00:00:00+00:00,9,2.79,-6.37,-6.73,spread_blowout
1000PEPEUSDT/COTIUSDT,2026-07-03 00:00:00+00:00,2026-07-12 00:00:00+00:00,9,2.18,-8.898,-9.258,spread_blowout
COTIUSDT/XRPUSDT,2026-07-03 00:00:00+00:00,2026-07-15 00:00:00+00:00,12,-2.04,-9.255,-9.615,spread_blowout
ADAUSDT/COTIUSDT,2026-07-03 00:00:00+00:00,2026-07-05 00:00:00+00:00,2,3.01,-6.391,-6.751,spread_blowout
ADAUSDT/BTCUSDT,2026-07-04 00:00:00+00:00,2026-07-09 00:00:00+00:00,5,2.03,14.515,14.155,converged
1000SHIBUSDT/XRPUSDT,2026-07-04 00:00:00+00:00,2026-07-25 00:00:00+00:00,21,-2.62,16.051,15.691,converged
ADAUSDT/AVAXUSDT,2026-07-04 00:00:00+00:00,2026-07-25 00:00:00+00:00,21,2.56,11.938,11.578,converged
COTIUSDT/LINKUSDT,2026-07-05 00:00:00+00:00,2026-07-14 00:00:00+00:00,9,-2.18,-15.765,-16.125,spread_blowout
1000SHIBUSDT/LINKUSDT,2026-07-05 00:00:00+00:00,2026-07-14 00:00:00+00:00,9,-2.2,-8.851,-9.211,spread_blowout
1000SHIBUSDT/BTCUSDT,2026-07-06 00:00:00+00:00,2026-07-21 00:00:00+00:00,15,-2.01,-7.911,-8.271,spread_blowout
COTIUSDT/ETHUSDT,2026-07-07 00:00:00+00:00,2026-07-11 00:00:00+00:00,4,-3.48,-3.283,-3.643,spread_blowout
1000SHIBUSDT/ETHUSDT,2026-07-07 00:00:00+00:00,2026-07-12 00:00:00+00:00,5,-2.71,-5.273,-5.633,spread_blowout
ETHUSDT/XRPUSDT,2026-07-08 00:00:00+00:00,2026-07-15 00:00:00+00:00,7,2.12,-6.88,-7.24,spread_blowout
BTCUSDT/COTIUSDT,2026-07-10 00:00:00+00:00,2026-07-21 00:00:00+00:00,11,2.01,-7.823,-8.183,spread_blowout
LINKUSDT/XRPUSDT,2026-07-12 00:00:00+00:00,2026-07-26 00:00:00+00:00,14,2.05,-7.596,-7.956,spread_blowout
ONDOUSDT/ZECUSDT,2026-07-12 00:00:00+00:00,2026-07-21 00:00:00+00:00,9,-2.13,21.982,21.622,converged
1000PEPEUSDT/1000SHIBUSDT,2026-07-13 00:00:00+00:00,2026-07-14 00:00:00+00:00,1,3.93,-1.102,-1.462,spread_blowout
1000PEPEUSDT/COTIUSDT,2026-07-13 00:00:00+00:00,2026-07-19 00:00:00+00:00,6,3.02,-8.226,-8.586,spread_blowout
ADAUSDT/LINKUSDT,2026-07-14 00:00:00+00:00,2026-07-26 00:00:00+00:00,12,-2.83,-10.888,-11.248,spread_blowout
1000SATSUSDT/ETHUSDT,2026-07-14 00:00:00+00:00,2026-07-28 00:00:00+00:00,14,-2.77,-7.417,-7.777,spread_blowout
1000SATSUSDT/COTIUSDT,2026-07-15 00:00:00+00:00,2026-07-27 00:00:00+00:00,12,2.06,33.372,33.012,converged
LINKUSDT/SUIUSDT,2026-07-15 00:00:00+00:00,2026-07-26 00:00:00+00:00,11,2.47,-5.972,-6.332,spread_blowout
1000SATSUSDT/LINKUSDT,2026-07-15 00:00:00+00:00,2026-07-31 00:00:00+00:00,16,-2.0,18.4,18.04,converged
1000PEPEUSDT/1000SHIBUSDT,2026-07-16 00:00:00+00:00,2026-07-25 00:00:00+00:00,9,3.17,20.481,20.121,converged
COTIUSDT/XRPUSDT,2026-07-16 00:00:00+00:00,2026-07-27 00:00:00+00:00,11,-2.18,38.495,38.135,converged
ADAUSDT/COTIUSDT,2026-07-17 00:00:00+00:00,2026-07-27 00:00:00+00:00,10,2.15,40.112,39.752,converged
1000SHIBUSDT/COTIUSDT,2026-07-20 00:00:00+00:00,2026-07-25 00:00:00+00:00,5,3.02,-13.986,-14.346,spread_blowout
1000SATSUSDT/1000SHIBUSDT,2026-07-25 00:00:00+00:00,2026-07-31 00:00:00+00:00,6,-2.3,18.081,17.721,converged
1000PEPEUSDT/ADAUSDT,2026-07-26 00:00:00+00:00,2026-07-30 00:00:00+00:00,4,2.04,9.487,9.127,converged
1000SHIBUSDT/COTIUSDT,2026-07-28 00:00:00+00:00,2026-07-29 00:00:00+00:00,1,-2.6,-28.093,-28.453,spread_blowout
COTIUSDT/XRPUSDT,2026-07-28 00:00:00+00:00,2026-07-29 00:00:00+00:00,1,3.51,-44.322,-44.682,spread_blowout
1000SHIBUSDT/DOGEUSDT,2026-07-28 00:00:00+00:00,2026-08-01 00:00:00+00:00,4,2.63,-8.403,-8.763,spread_blowout
1000SATSUSDT/COTIUSDT,2026-07-28 00:00:00+00:00,2026-07-29 00:00:00+00:00,1,-2.92,-34.912,-35.272,spread_blowout
AVAXUSDT/COTIUSDT,2026-07-28 00:00:00+00:00,2026-07-29 00:00:00+00:00,1,-2.51,-32.994,-33.354,spread_blowout
1000SATSUSDT/ETHUSDT,2026-07-29 00:00:00+00:00,2026-07-31 00:00:00+00:00,2,-2.7,22.248,21.888,converged
1000SHIBUSDT/COTIUSDT,2026-07-30 00:00:00+00:00,2026-07-31 00:00:00+00:00,1,-3.33,-11.208,-11.568,spread_blowout
