symbol,side,entry_date,exit_date,entry_price,exit_price,size,pnl_gross,pnl_net,r_multiple,exit_reason,bars_held
BTCUSDT,1,2023-01-27 00:00:00+00:00,2023-02-09 00:00:00+00:00,23074.16,21796.35,0.0803321332288573,-102.64920316116624,-105.80090828695128,-0.9398350583332803,channel_exit,13
BTCUSDT,1,2023-02-15 00:00:00+00:00,2023-02-25 00:00:00+00:00,24324.05,22786.225177587996,0.07265203919222138,-111.72610926864776,-114.70594757300859,-1.0266709216302856,atr_stop,10
ETHUSDT,1,2023-02-03 00:00:00+00:00,2023-02-09 00:00:00+00:00,1663.52,1527.4948920905765,0.85352053455512,-116.100222815769,-118.44696967805825,-1.0202131124762193,atr_stop,6
ETHUSDT,1,2023-02-15 00:00:00+00:00,2023-03-07 00:00:00+00:00,1674.92,1561.96,0.806256911491445,-91.07478072207365,-93.34159460392537,-0.8103054628584286,channel_exit,20
SOLUSDT,1,2023-01-29 00:00:00+00:00,2023-02-09 00:00:00+00:00,26.07,22.01425664833096,33.93097777921289,-137.6153375436726,-138.95987499936135,-1.0097702587494075,atr_stop,11
SOLUSDT,1,2023-02-20 00:00:00+00:00,2023-02-25 00:00:00+00:00,26.26,22.420795837198263,35.56929518445638,-136.55778614008878,-137.9932715698155,-1.0105119266378126,atr_stop,5
BNBUSDT,1,2023-01-27 00:00:00+00:00,2023-02-13 00:00:00+00:00,308.0,282.97623334034427,5.140369084596422,-128.63139651744902,-131.24968062421786,-1.0203549380451113,atr_stop,17
NEARUSDT,1,2023-01-27 00:00:00+00:00,2023-02-09 00:00:00+00:00,2.557,2.27,229.8218088459536,-65.95885913878867,-66.89791104973324,-0.7359688648161188,channel_exit,13
NEARUSDT,1,2023-02-20 00:00:00+00:00,2023-02-24 00:00:00+00:00,2.702,2.275951068457844,212.13090605183314,-90.378145870453,-91.24718508255988,-1.009615590182084,atr_stop,4
ADAUSDT,1,2023-01-27 00:00:00+00:00,2023-02-10 00:00:00+00:00,0.3898,0.3581,3082.420582692316,-97.71273247134644,-99.69959913053826,-0.8099305967510988,channel_exit,14
ADAUSDT,1,2023-02-15 00:00:00+00:00,2023-02-24 00:00:00+00:00,0.419,0.3747141924232136,2761.8444409643303,-122.31051146956355,-124.17333562629364,-1.01523028670511,atr_stop,9
FILUSDT,1,2023-01-29 00:00:00+00:00,2023-02-09 00:00:00+00:00,5.477,4.655965250576809,125.79869700463898,-103.28510167296771,-104.3393875242463,-1.0102075307493696,atr_stop,11
FILUSDT,1,2023-02-17 00:00:00+00:00,2023-02-25 00:00:00+00:00,7.609,6.537756069752645,95.66099850544045,-102.47626401035434,-103.60199890286592,-1.0109853233173862,atr_stop,8
LINKUSDT,1,2023-02-17 00:00:00+00:00,2023-03-03 00:00:00+00:00,7.65,6.779227762158007,120.29436645747734,-104.74899467996241,-106.21689991565793,-1.0140135496305276,atr_stop,14
AVAXUSDT,1,2023-01-27 00:00:00+00:00,2023-02-09 00:00:00+00:00,21.2,18.546610605889164,36.3244489756347,-96.38290765886931,-97.59555939799357,-1.012581605686936,atr_stop,13
FETUSDT,1,2023-01-28 00:00:00+00:00,2023-03-07 00:00:00+00:00,0.2946,0.4004,1586.2169610031947,167.821754474138,166.67853618600378,1.7779043859840404,channel_exit,38
DOTUSDT,1,2023-01-27 00:00:00+00:00,2023-02-10 00:00:00+00:00,6.585,6.186,152.37333351179836,-60.79696007120755,-62.493606665194726,-0.5892606995409828,channel_exit,14
DOTUSDT,1,2023-02-17 00:00:00+00:00,2023-02-25 00:00:00+00:00,7.284,6.427316156835213,123.24198322887327,-105.5794158317614,-107.00522317377462,-1.0135045958606668,atr_stop,8
INJUSDT,1,2023-02-04 00:00:00+00:00,2023-02-09 00:00:00+00:00,3.876,3.284522833772529,158.50146946153717,-93.74999999999999,-94.68708305213924,-1.0099955525561521,atr_stop,5
LTCUSDT,1,2023-01-29 00:00:00+00:00,2023-03-03 00:00:00+00:00,94.84,85.66959727806369,10.081964693672012,-92.45567646931562,-94.01036860845699,-1.0168155401432528,atr_stop,33
AAVEUSDT,1,2023-02-03 00:00:00+00:00,2023-02-09 00:00:00+00:00,91.2,79.3186957699727,8.340040165263067,-99.09055449413763,-100.28129248957777,-1.0120166649739615,atr_stop,6
TRXUSDT,1,2023-01-27 00:00:00+00:00,2023-03-07 00:00:00+00:00,0.06366,0.06629,21760.91638816005,57.23121010086109,54.63465403559306,0.5480098026346151,channel_exit,39
OPUSDT,1,2023-02-01 00:00:00+00:00,2023-02-13 00:00:00+00:00,2.725,2.2123075622053805,182.85816815101043,-93.75,-94.4781693147807,-1.0077671393576608,atr_stop,12
XMRUSDT,1,2023-01-27 00:00:00+00:00,2023-02-06 00:00:00+00:00,179.9,164.14197558475271,5.79943699920538,-91.38766982816686,-93.10114571155884,-1.0187495302879892,atr_stop,10
CHZUSDT,1,2023-02-07 00:00:00+00:00,2023-02-09 00:00:00+00:00,0.1616,0.14021825673230226,4618.36168710152,-98.74862391097608,-99.91426543548042,-1.0118041292965783,atr_stop,2
ETCUSDT,1,2023-02-03 00:00:00+00:00,2023-02-09 00:00:00+00:00,23.17,20.9,44.12861682506293,-100.17196019289298,-101.83207875785185,-0.7782091212569323,channel_exit,6
CRVUSDT,1,2023-02-15 00:00:00+00:00,2023-02-25 00:00:00+00:00,1.146,0.9497382204144664,475.02674155890924,-93.22959364906882,-94.04166554298821,-1.008710451929847,atr_stop,10
LDOUSDT,1,2023-02-07 00:00:00+00:00,2023-03-08 00:00:00+00:00,2.581,2.359,168.10010098462809,-37.31822241858743,-38.03200906738836,-0.4056747633854758,channel_exit,29
ATOMUSDT,1,2023-01-29 00:00:00+00:00,2023-02-24 00:00:00+00:00,13.803,13.08,61.21697227815302,-44.25987095710468,-45.70116335242152,-0.4740590859438862,channel_exit,26
GALAUSDT,1,2023-01-27 00:00:00+00:00,2023-02-09 00:00:00+00:00,0.05299,0.0445,8912.839107211857,-75.67000402022872,-76.38392243271639,-0.7859971888089814,channel_exit,13
APEUSDT,1,2023-01-27 00:00:00+00:00,2023-02-09 00:00:00+00:00,6.291,5.426236322255144,108.41112134182441,-93.75,-94.80887585585054,-1.011294675795739,atr_stop,13
SANDUSDT,1,2023-02-07 00:00:00+00:00,2023-02-09 00:00:00+00:00,0.9113,0.7739993335794967,686.1219759203343,-94.20500453961442,-95.16090885342427,-1.0101470651000062,atr_stop,2
DYDXUSDT,1,2023-01-27 00:00:00+00:00,2023-03-04 00:00:00+00:00,2.415,2.389,231.5615386601846,-6.020600005164856,-7.016360933711382,-0.07444425891652824,channel_exit,36
STGUSDT,1,2023-02-18 00:00:00+00:00,2023-02-24 00:00:00+00:00,1.2387,1.0121232617847187,413.76710044666504,-93.75,-94.50380995318191,-1.0080406395006072,atr_stop,6
STXUSDT,1,2023-02-27 00:00:00+00:00,2023-03-04 00:00:00+00:00,0.91,0.7268625635385186,511.91062740314203,-93.75,-94.41975960768634,-1.0071441024819876,atr_stop,5
CFXUSDT,1,2023-02-17 00:00:00+00:00,2023-03-11 00:00:00+00:00,0.1523,0.1469,3146.0904301286487,-16.988888322694667,-17.820777554229284,-0.19008829391177903,channel_exit,22
GRTUSDT,1,2023-02-07 00:00:00+00:00,2023-02-08 00:00:00+00:00,0.2085,0.18186189272007997,3405.314634843173,-90.71113656483412,-91.82587110147406,-1.0122888388223779,atr_stop,1
JASMYUSDT,1,2023-02-07 00:00:00+00:00,2023-02-09 00:00:00+00:00,0.007975,0.006823566573552856,81420.25222359096,-93.74999999999999,-94.75003772066964,-1.0106670690204762,atr_stop,2
MANAUSDT,1,2023-01-29 00:00:00+00:00,2023-02-09 00:00:00+00:00,0.8073,0.6877691661668319,744.8950917115606,-89.03793143051705,-89.96010000751185,-1.0103570305619065,atr_stop,11
BTCUSDT,1,2023-03-16 00:00:00+00:00,2023-04-21 00:00:00+00:00,24998.78,27262.84,0.05182073254362514,117.32524772272001,114.78224311068465,1.0356429917417052,channel_exit,36
BTCUSDT,-1,2023-05-12 00:00:00+00:00,2023-05-28 00:00:00+00:00,26795.01,28065.0,-0.05162406470632685,-65.56204593638812,-68.16993881315763,-0.6106656968150133,channel_exit,16
BTCUSDT,-1,2023-06-05 00:00:00+00:00,2023-06-20 00:00:00+00:00,25728.2,27476.473285274224,-0.0635770750248665,-111.15010182184909,-114.294474668107,-1.0282894283920467,atr_stop,15
BTCUSDT,1,2023-06-21 00:00:00+00:00,2023-07-18 00:00:00+00:00,29993.89,29859.13,0.05481736334726031,-7.387187884676712,-10.333425685874257,-0.0936691244888589,channel_exit,27
BTCUSDT,-1,2023-08-16 00:00:00+00:00,2023-10-01 00:00:00+00:00,28730.51,27992.57,-0.0932614505851481,68.82135484480408,64.12222501395274,0.5820424654730684,channel_exit,46
ETHUSDT,1,2023-03-17 00:00:00+00:00,2023-04-24 00:00:00+00:00,1789.27,1841.84,0.714424763094377,37.557309795871355,35.18876880568741,0.30745930059599963,channel_exit,38
ETHUSDT,-1,2023-06-10 00:00:00+00:00,2023-06-21 00:00:00+00:00,1751.53,1877.3437137838955,-0.9112597805068338,-114.64897720746225,-117.72832328446772,-1.0268589057836361,atr_stop,11
ETHUSDT,1,2023-06-30 00:00:00+00:00,2023-08-02 00:00:00+00:00,1933.79,1839.9,0.8493561152258777,-79.74604565855755,-82.55896022808491,-0.7256285275091388,channel_exit,33
ETHUSDT,-1,2023-08-16 00:00:00+00:00,2023-09-28 00:00:00+00:00,1807.81,1652.99,-1.4960256517428365,231.61469140282585,227.16344360709195,2.0088565966743483,channel_exit,43
SOLUSDT,-1,2023-05-21 00:00:00+00:00,2023-05-30 00:00:00+00:00,19.61,21.25,-60.401834702378565,-99.05900891190088,-101.36937908926686,-0.7480376323323851,channel_exit,9
SOLUSDT,-1,2023-06-07 00:00:00+00:00,2023-06-29 00:00:00+00:00,18.64,17.99,-58.03490944907273,37.7226911418974,35.843404704117525,0.2659477503058398,channel_exit,22
SOLUSDT,1,2023-07-11 00:00:00+00:00,2023-08-02 00:00:00+00:00,22.07,23.15,50.194847884818984,54.21043571560442,52.118816404244015,0.3859582785812965,channel_exit,22
SOLUSDT,-1,2023-08-31 00:00:00+00:00,2023-09-20 00:00:00+00:00,19.74,20.29,-50.68080891904285,-27.874444905473606,-29.72540940881489,-0.21956437967761414,channel_exit,20
XRPUSDT,-1,2023-03-15 00:00:00+00:00,2023-03-19 00:00:00+00:00,0.3589,0.39562356570947327,-2777.6537084277443,-102.00534847960837,-103.98337795559016,-1.0193914290325394,atr_stop,4
XRPUSDT,1,2023-03-21 00:00:00+00:00,2023-03-22 00:00:00+00:00,0.4696,0.4219750171771319,2125.6077299152403,-101.23203162536907,-102.84654767038616,-1.0159486678188179,atr_stop,1
XRPUSDT,1,2023-03-27 00:00:00+00:00,2023-04-19 00:00:00+00:00,0.479,0.4911,1759.5654246207641,21.290741637911246,19.735320993854984,0.19645214758584204,channel_exit,23
XRPUSDT,1,2023-06-04 00:00:00+00:00,2023-06-05 00:00:00+00:00,0.5359,0.49374983882674295,2386.4140098734847,-100.58773514228612,-102.70865990123417,-1.0210853217437286,atr_stop,1
XRPUSDT,1,2023-06-09 00:00:00+00:00,2023-06-10 00:00:00+00:00,0.538,0.4914446135215811,2143.9986799089684,-99.81468715238206,-101.71126903713161,-1.0190010301976316,atr_stop,1
XRPUSDT,1,2023-07-13 00:00:00+00:00,2023-07-14 00:00:00+00:00,0.8153,0.7303001720794733,1165.3351354552285,-99.05328598343814,-100.58516599335393,-1.015465211423394,atr_stop,1
XRPUSDT,1,2023-07-19 00:00:00+00:00,2023-07-23 00:00:00+00:00,0.8199,0.7154585058129753,941.1482203656896,-98.29492638645175,-99.50696088553623,-1.0123305906382116,atr_stop,4
BNBUSDT,1,2023-03-17 00:00:00+00:00,2023-03-27 00:00:00+00:00,338.9,311.86207381698296,4.721339311739339,-127.65522379578462,-130.30555579989945,-1.0207616415945082,atr_stop,10
BNBUSDT,1,2023-04-16 00:00:00+00:00,2023-04-19 00:00:00+00:00,347.7,326.75453770048495,6.059980178629544,-126.92908636729356,-130.49331320642952,-1.0280804576881786,atr_stop,3
BNBUSDT,-1,2023-05-11 00:00:00+00:00,2023-07-13 00:00:00+00:00,307.5,256.1,-6.308704784257624,324.2674259108417,321.35923917939465,2.5518122276464013,channel_exit,63
BNBUSDT,-1,2023-08-17 00:00:00+00:00,2023-08-29 00:00:00+00:00,218.1,230.9129030883306,-10.008385408495696,-128.23647230971756,-132.39638990354229,-1.0324394263106182,atr_stop,12
NEARUSDT,-1,2023-05-06 00:00:00+00:00,2023-07-14 00:00:00+00:00,1.767,1.499,-352.1470196883313,94.37540127647272,93.42523818794966,1.0416567110035468,channel_exit,69
DOGEUSDT,-1,2023-03-07 00:00:00+00:00,2023-03-23 00:00:00+00:00,0.07407,0.07736,-12410.127429272963,-40.82931924230807,-42.557404666579465,-0.38020849616319063,channel_exit,16
DOGEUSDT,1,2023-04-03 00:00:00+00:00,2023-04-07 00:00:00+00:00,0.096,0.08330133894373822,8791.548667808658,-111.640896692132,-112.95912268788351,-1.0118077338574836,atr_stop,4
DOGEUSDT,-1,2023-05-24 00:00:00+00:00,2023-07-01 00:00:00+00:00,0.07064,0.06851,-16166.618066565345,34.43489648178407,32.44126147505137,0.29282383893310077,channel_exit,38
DOGEUSDT,1,2023-07-24 00:00:00+00:00,2023-08-15 00:00:00+00:00,0.0742,0.07093,13635.40444897794,-44.5877725481578,-46.32865917577661,-0.41705117438648154,channel_exit,22
DOGEUSDT,-1,2023-08-17 00:00:00+00:00,2023-10-01 00:00:00+00:00,0.06102,0.06319,-13320.84644586188,-28.906236787520257,-30.42137650396548,-0.27481816746829074,channel_exit,45
SUIUSDT,-1,2023-08-03 00:00:00+00:00,2023-10-01 00:00:00+00:00,0.5929,0.507,-758.5303422492727,65.15775639921252,64.46552160887583,0.6876322304946756,channel_exit,59
ADAUSDT,-1,2023-03-08 00:00:00+00:00,2023-03-14 00:00:00+00:00,0.3175,0.35555140368107074,-3189.3559082816096,-121.35946914863155,-123.40063309468202,-1.0168191568434648,atr_stop,6
ADAUSDT,1,2023-04-13 00:00:00+00:00,2023-04-21 00:00:00+00:00,0.4251,0.3848305731420091,2990.741626024417,-120.43545116033903,-122.50712302565178,-1.0172015120577302,atr_stop,8
ADAUSDT,-1,2023-05-25 00:00:00+00:00,2023-05-28 00:00:00+00:00,0.3581,0.3828,-3941.5013281597203,-97.3550828055451,-100.07093488070026,-0.8374572596105434,channel_exit,3
ADAUSDT,-1,2023-06-05 00:00:00+00:00,2023-07-03 00:00:00+00:00,0.3514,0.2967,-4087.3003216538477,223.57532759446536,221.3924639846829,1.8643096568464428,channel_exit,28
ADAUSDT,-1,2023-08-17 00:00:00+00:00,2023-10-01 00:00:00+00:00,0.2553,0.2659,-4414.939309154206,-46.798356677034576,-48.911434929181965,-0.40629026617755887,channel_exit,45
XLMUSDT,1,2023-07-13 00:00:00+00:00,2023-07-14 00:00:00+00:00,0.1552,0.13696681107125325,4838.600930021321,-88.22312490788852,-89.41603483886507,-1.013521510740206,atr_stop,1
XLMUSDT,1,2023-07-19 00:00:00+00:00,2023-08-14 00:00:00+00:00,0.1564,0.1362,3765.9546828923485,-76.07228459442553,-76.99554604448342,-0.8794358987250269,channel_exit,26
FILUSDT,-1,2023-05-06 00:00:00+00:00,2023-05-28 00:00:00+00:00,5.046,4.66,-150.15637162172703,57.960359445986654,56.70084780082361,0.5576666564359247,channel_exit,22
FILUSDT,-1,2023-06-05 00:00:00+00:00,2023-07-03 00:00:00+00:00,4.216,4.733378109253877,-197.39744282287782,-102.1291157392508,-103.81095786167572,-1.0164678026462002,atr_stop,28
FILUSDT,-1,2023-08-16 00:00:00+00:00,2023-10-01 00:00:00+00:00,3.729,3.465,-262.6663131123816,69.34390666166881,67.70565686678688,0.6678462896562772,channel_exit,46
BCHUSDT,1,2023-06-23 00:00:00+00:00,2023-07-22 00:00:00+00:00,182.2,239.4,4.668825562291247,267.05682216305945,265.0449318517569,2.997994239228052,channel_exit,29
LINKUSDT,1,2023-04-16 00:00:00+00:00,2023-04-21 00:00:00+00:00,8.14,7.389841264106797,138.53716531241258,-103.92486480498714,-105.76764659449563,-1.0177318661223802,atr_stop,5
LINKUSDT,-1,2023-05-09 00:00:00+00:00,2023-06-27 00:00:00+00:00,6.522,6.198,-143.26496522760579,46.41784873374425,44.81952747567899,0.43464561268339147,channel_exit,49
LINKUSDT,1,2023-07-13 00:00:00+00:00,2023-07-17 00:00:00+00:00,7.124,6.483712656511781,161.67956660705053,-103.52138019915495,-105.408291133312,-1.0182272582777299,atr_stop,4
LINKUSDT,1,2023-07-17 00:00:00+00:00,2023-08-15 00:00:00+00:00,7.186,7.043,144.7111271730089,-20.693691185740242,-22.528252029363344,-0.21930754476111403,channel_exit,29
LINKUSDT,-1,2023-08-25 00:00:00+00:00,2023-09-07 00:00:00+00:00,6.014,6.387,-141.73328438893327,-52.866515077072016,-54.49596595437782,-0.5317036058840797,channel_exit,13
AVAXUSDT,-1,2023-03-08 00:00:00+00:00,2023-03-14 00:00:00+00:00,15.12,17.58383653330676,-38.810676703614845,-95.6231631447238,-96.85155621554989,-1.0128461873716408,atr_stop,6
AVAXUSDT,1,2023-04-18 00:00:00+00:00,2023-04-19 00:00:00+00:00,21.2,19.17490339384604,46.85983144525644,-94.89568562473536,-96.51304455856183,-1.0170435454802689,atr_stop,1
AVAXUSDT,-1,2023-05-08 00:00:00+00:00,2023-07-08 00:00:00+00:00,15.42,13.64,-48.07350277228039,85.57083493465906,84.39053429459403,0.8961523464120948,channel_exit,61
AVAXUSDT,-1,2023-08-15 00:00:00+00:00,2023-10-01 00:00:00+00:00,11.83,9.75,-93.99743361346667,195.51466191601068,193.86500695609433,2.0444083718587938,channel_exit,47
FETUSDT,-1,2023-05-04 00:00:00+00:00,2023-05-28 00:00:00+00:00,0.3103,0.2681,-1667.274770430043,70.35899531214784,69.55440185343372,0.732640252422265,channel_exit,24
FETUSDT,-1,2023-06-07 00:00:00+00:00,2023-07-03 00:00:00+00:00,0.2288,0.2453,-2094.1876159467147,-34.55409566312076,-35.47876326306587,-0.37159071284545325,channel_exit,26
DOTUSDT,-1,2023-05-06 00:00:00+00:00,2023-05-28 00:00:00+00:00,5.633,5.502,-184.63164364093086,24.186745316961986,22.358227370999664,0.21341933906732463,channel_exit,22
DOTUSDT,-1,2023-06-01 00:00:00+00:00,2023-07-01 00:00:00+00:00,5.206,5.351,-265.9045784657922,-38.55616387753976,-41.11730359640658,-0.3917542765753989,channel_exit,30
DOTUSDT,1,2023-07-13 00:00:00+00:00,2023-07-31 00:00:00+00:00,5.545,5.049503961075687,211.12320887732457,-104.61071372370465,-106.52963518680656,-1.0183434506351818,atr_stop,18
DOTUSDT,-1,2023-08-15 00:00:00+00:00,2023-10-01 00:00:00+00:00,4.818,4.263,-289.4550177228046,160.64753483615647,158.4264307031623,1.5262621540690782,channel_exit,47
INJUSDT,1,2023-03-17 00:00:00+00:00,2023-03-21 00:00:00+00:00,4.833,3.9073982532810985,100.50824798465831,-93.03060989425627,-93.73751624896435,-1.0075986425920629,atr_stop,4
INJUSDT,1,2023-04-01 00:00:00+00:00,2023-05-08 00:00:00+00:00,5.185,6.663,97.87603481276476,144.66077945326637,143.48691301734297,1.5541449215071963,channel_exit,37
INJUSDT,-1,2023-06-10 00:00:00+00:00,2023-06-21 00:00:00+00:00,5.687,7.042406428241921,-69.18681672832021,-93.77625614316085,-94.65329117233966,-1.0093524210205185,atr_stop,11
INJUSDT,1,2023-06-30 00:00:00+00:00,2023-07-30 00:00:00+00:00,8.022,7.893,73.89225713592992,-9.532101170534993,-10.581918024568004,-0.11374447514777904,channel_exit,30
LTCUSDT,1,2023-04-16 00:00:00+00:00,2023-04-19 00:00:00+00:00,100.01,90.4655946562682,9.605908967457646,-91.68268888040407,-93.24689656092313,-1.0170611017152813,atr_stop,3
LTCUSDT,-1,2023-06-10 00:00:00+00:00,2023-06-21 00:00:00+00:00,77.13,86.80831990824478,-9.399960748515156,-90.97582724907382,-92.4446178886815,-1.0161448451090906,atr_stop,11
LTCUSDT,1,2023-06-30 00:00:00+00:00,2023-07-06 00:00:00+00:00,108.7,97.16849787950244,7.8298013291346304,-90.28937062999063,-91.65882869091513,-1.0151674339002383,atr_stop,6
LTCUSDT,-1,2023-08-15 00:00:00+00:00,2023-10-01 00:00:00+00:00,79.26,68.19,-11.547266160723217,127.82823639920609,126.4109018561066,1.410980134886798,channel_exit,47
AAVEUSDT,1,2023-07-13 00:00:00+00:00,2023-07-24 00:00:00+00:00,79.18,68.84566436988753,9.514770466536328,-98.3288314446683,-99.50792269404052,-1.011991307453254,atr_stop,11
ICPUSDT,-1,2023-05-24 00:00:00+00:00,2023-06-27 00:00:00+00:00,4.817,4.333,-137.91391303323817,66.75033390808727,65.67468813477583,0.7004965271365436,channel_exit,34
TRXUSDT,1,2023-04-29 00:00:00+00:00,2023-06-09 00:00:00+00:00,0.068,0.072,25713.34923385579,102.85339693542291,99.5209468747152,0.9947169319802209,channel_exit,41
TRXUSDT,1,2023-07-22 00:00:00+00:00,2023-07-31 00:00:00+00:00,0.0839,0.07846642598492666,18589.00926795967,-101.0047577243432,-103.63026134008665,-1.0259938608328614,atr_stop,9
UNIUSDT,1,2023-07-31 00:00:00+00:00,2023-08-05 00:00:00+00:00,6.528,5.948575616196934,176.3436285819781,-102.17779832870927,-104.06598646500727,-1.0184794365036487,atr_stop,5
APTUSDT,-1,2023-04-21 00:00:00+00:00,2023-06-02 00:00:00+00:00,10.1486,9.0415,-47.36302987460046,52.43561037417021,51.66479127187005,0.5510911068999472,channel_exit,42
APTUSDT,-1,2023-06-07 00:00:00+00:00,2023-07-04 00:00:00+00:00,7.6991,7.6759,-79.69419346811112,1.848905288460116,0.7478009011047426,0.007941463261522671,channel_exit,27
APTUSDT,-1,2023-08-15 00:00:00+00:00,2023-10-01 00:00:00+00:00,6.5288,5.6719,-120.15195135137688,102.9582071129949,101.73152537782913,1.0801072422114661,channel_exit,47
OPUSDT,-1,2023-05-06 00:00:00+00:00,2023-07-14 00:00:00+00:00,1.868,1.457,-275.7733067337544,113.34282906757306,112.61958599333312,1.2107093681733003,channel_exit,69
OPUSDT,1,2023-07-23 00:00:00+00:00,2023-08-15 00:00:00+00:00,1.581,1.47,397.506465957739,-44.123217721309025,-45.175019830233204,-0.4810536313528478,channel_exit,23
ARBUSDT,-1,2023-06-10 00:00:00+00:00,2023-06-27 00:00:00+00:00,0.9932,1.1971671097825154,-459.6329285636448,-93.75,-94.74046336436894,-1.0105649425532686,atr_stop,17
ARBUSDT,1,2023-07-15 00:00:00+00:00,2023-08-02 00:00:00+00:00,1.271,1.1333,581.9139030250392,-80.12954444654785,-81.31661389388475,-0.8739540211992629,channel_exit,18
ARBUSDT,-1,2023-08-16 00:00:00+00:00,2023-09-29 00:00:00+00:00,1.049,0.9023,-894.5984616564891,131.2375943250069,129.78464117949213,1.4043623257550495,channel_exit,44
CHZUSDT,-1,2023-03-08 00:00:00+00:00,2023-04-04 00:00:00+00:00,0.1108,0.1243,-5448.724068457855,-73.55777492418103,-74.77687244725779,-0.7630890713870531,channel_exit,27
CHZUSDT,-1,2023-05-13 00:00:00+00:00,2023-07-01 00:00:00+00:00,0.1058,0.0798,-7490.919968348045,194.76391917704922,193.6879234327957,1.987207297271129,channel_exit,49
HBARUSDT,1,2023-08-14 00:00:00+00:00,2023-08-17 00:00:00+00:00,0.0654,0.05896921242197775,14463.924199172137,-93.01442406949158,-94.54969126289303,-1.0165056893998983,atr_stop,3
ETCUSDT,-1,2023-03-05 00:00:00+00:00,2023-03-18 00:00:00+00:00,19.75,22.266669897619416,-51.685746762051764,-130.07596301203586,-132.14752804284845,-1.0159258096795403,atr_stop,13
ETCUSDT,1,2023-06-30 00:00:00+00:00,2023-07-05 00:00:00+00:00,20.92,18.64638179965977,56.7831821717495,-129.10327645892457,-131.0091180691579,-1.014762147503202,atr_stop,5
CRVUSDT,-1,2023-08-15 00:00:00+00:00,2023-09-22 00:00:00+00:00,0.555,0.4909,-1013.2757541726594,64.95097584246751,64.05562512056547,0.6923965969606383,channel_exit,38
LDOUSDT,-1,2023-03-25 00:00:00+00:00,2023-04-04 00:00:00+00:00,2.041,2.583,-159.01639607571795,-86.18688667303917,-86.92621750495361,-0.9302247822909505,channel_exit,10
LDOUSDT,-1,2023-04-30 00:00:00+00:00,2023-05-16 00:00:00+00:00,2.026,2.211,-248.83040261800164,-46.03362448433032,-47.02391972066944,-0.5067297824812484,channel_exit,16
ATOMUSDT,-1,2023-03-08 00:00:00+00:00,2023-03-14 00:00:00+00:00,10.958,12.467817102916243,-63.59756070713795,-96.02068485939088,-97.44794581854966,-1.0148640989308586,atr_stop,6
ATOMUSDT,-1,2023-03-27 00:00:00+00:00,2023-04-13 00:00:00+00:00,10.838,11.807,-54.286243889505975,-52.603370328931355,-53.75709415581747,-0.5641933199111189,channel_exit,17
ATOMUSDT,-1,2023-04-21 00:00:00+00:00,2023-07-01 00:00:00+00:00,10.807,9.559,-70.91536598079362,88.50237674403053,87.2821927738918,0.9197587482573197,channel_exit,71
GALAUSDT,-1,2023-03-08 00:00:00+00:00,2023-03-14 00:00:00+00:00,0.0337,0.04192058194566385,-11749.821427662244,-96.59036989301448,-97.4769767266239,-1.009179039635022,atr_stop,6
GALAUSDT,1,2023-04-18 00:00:00+00:00,2023-04-21 00:00:00+00:00,0.04709,0.04072504912377111,15059.537171432585,-95.85321431491136,-96.95715501886949,-1.0115169920158473,atr_stop,3
GALAUSDT,-1,2023-05-06 00:00:00+00:00,2023-07-17 00:00:00+00:00,0.03218,0.02786,-16810.188666448157,72.62001503905606,71.77701769781102,0.7545813770796136,channel_exit,72
GALAUSDT,-1,2023-08-15 00:00:00+00:00,2023-10-01 00:00:00+00:00,0.02164,0.01509,-35362.09323501397,231.6217106893415,230.66120551289205,2.410205840785816,channel_exit,47
APEUSDT,-1,2023-05-08 00:00:00+00:00,2023-08-06 00:00:00+00:00,3.366,1.859,-214.0488004888798,322.5715423367419,321.855292240546,3.454676040240993,time_stop,90
APEUSDT,-1,2023-08-16 00:00:00+00:00,2023-09-30 00:00:00+00:00,1.729,1.244,-358.5381585041722,173.89100687452355,173.088168230001,1.8140029158688318,channel_exit,45
SANDUSDT,-1,2023-05-06 00:00:00+00:00,2023-05-28 00:00:00+00:00,0.5482,0.5556,-1315.9902108402273,-9.738327560217632,-11.054423050274726,-0.11824522951579751,channel_exit,22
SANDUSDT,-1,2023-06-07 00:00:00+00:00,2023-07-01 00:00:00+00:00,0.4915,0.4639,-1313.096286237216,36.24145750014718,35.14499583921338,0.3761501573261358,channel_exit,24
DYDXUSDT,-1,2023-05-08 00:00:00+00:00,2023-06-29 00:00:00+00:00,2.129,1.984,-223.19830788345772,32.36375464310137,31.56666884598797,0.3353319441925004,channel_exit,52
DYDXUSDT,1,2023-07-20 00:00:00+00:00,2023-08-02 00:00:00+00:00,2.152,1.972,323.28146309318714,-58.19066335677374,-59.338183238169314,-0.6285241456074542,channel_exit,13
DYDXUSDT,1,2023-08-10 00:00:00+00:00,2023-08-16 00:00:00+00:00,2.194,1.9635862287928454,407.75822154517505,-93.95310956694621,-95.39431273825191,-1.0153396005512598,atr_stop,6
STXUSDT,1,2023-03-17 00:00:00+00:00,2023-03-25 00:00:00+00:00,1.173,0.919949011212228,367.7767370137888,-93.06626695447964,-93.6752714764925,-1.0065437729688969,atr_stop,8
STXUSDT,-1,2023-05-10 00:00:00+00:00,2023-06-20 00:00:00+00:00,0.6634,0.7491,-604.8251010455718,-51.83351115960551,-52.649045229353334,-0.5700205817874591,channel_exit,41
STXUSDT,1,2023-06-21 00:00:00+00:00,2023-06-28 00:00:00+00:00,0.8189,0.6944563495630365,739.0988318799189,-91.97615667283266,-92.9000460509892,-1.0100448791467,atr_stop,7
IDUSDT,-1,2023-06-05 00:00:00+00:00,2023-08-07 00:00:00+00:00,0.3811,0.26241,-490.3095644320447,58.19484220243939,57.963250363394685,0.6182746705428767,channel_exit,63
EDUUSDT,-1,2023-06-28 00:00:00+00:00,2023-09-06 00:00:00+00:00,0.66058,0.45808,-315.7278594051615,63.93489152954519,63.67456001743982,0.6791953068526915,channel_exit,70
CFXUSDT,1,2023-03-17 00:00:00+00:00,2023-04-19 00:00:00+00:00,0.3956,0.321,954.697050518155,-71.22039996865436,-71.77202392444376,-0.766892002645856,channel_exit,33
CFXUSDT,-1,2023-05-08 00:00:00+00:00,2023-05-16 00:00:00+00:00,0.2506,0.31718490163533797,-1397.2002530506759,-93.03244141424858,-93.83014889894032,-1.0085745087688258,atr_stop,8
CFXUSDT,-1,2023-06-05 00:00:00+00:00,2023-08-14 00:00:00+00:00,0.228,0.1932,-1662.464296260404,57.85375750986205,57.27561892619453,0.6203318528053062,channel_exit,70
GRTUSDT,1,2023-04-17 00:00:00+00:00,2023-04-19 00:00:00+00:00,0.1726,0.14963186878749007,3919.1227161192655,-90.0149247817556,-91.07049096259237,-1.011726568492903,atr_stop,2
GRTUSDT,-1,2023-06-10 00:00:00+00:00,2023-07-02 00:00:00+00:00,0.1028,0.12070366526003073,-4989.428640724342,-89.32906022233875,-90.41309640641859,-1.0121353138763767,atr_stop,22
JASMYUSDT,1,2023-05-04 00:00:00+00:00,2023-05-10 00:00:00+00:00,0.007053,0.0060602538998892,93715.41888391669,-93.03561661725831,-94.05790723624612,-1.0109881640618714,atr_stop,6
JASMYUSDT,-1,2023-05-31 00:00:00+00:00,2023-06-25 00:00:00+00:00,0.004564,0.004578,-118215.81698793803,-1.6550214378310444,-2.629167056138449,-0.028476258160924146,channel_exit,25
COMPUSDT,1,2023-07-12 00:00:00+00:00,2023-07-25 00:00:00+00:00,70.9,58.35323113441898,7.365220754345029,-92.40972244874743,-93.18333442100919,-1.0083715430775244,atr_stop,13
RUNEUSDT,1,2023-08-18 00:00:00+00:00,2023-08-26 00:00:00+00:00,1.608,1.4209444812216063,501.6776135879017,-93.84156626919152,-95.1247071346758,-1.013673480915733,atr_stop,8
LPTUSDT,1,2023-08-27 00:00:00+00:00,2023-09-09 00:00:00+00:00,7.95,6.368208741873369,59.26825016787063,-93.75,-94.42937865990223,-1.0072467057056238,atr_stop,13
BTCUSDT,1,2023-10-16 00:00:00+00:00,2024-01-14 00:00:00+00:00,28500.78,41732.35,0.07618086793767989,1007.9924867781671,1002.2699148188248,9.055305844623263,channel_exit,90
BTCUSDT,1,2024-02-09 00:00:00+00:00,2024-04-13 00:00:00+00:00,47132.77,63924.51,0.0383228415259007,643.5071909641281,639.0976070046966,5.44536746773694,channel_exit,64
ETHUSDT,-1,2023-10-12 00:00:00+00:00,2023-10-16 00:00:00+00:00,1539.61,1630.1489627163512,-1.268095862190498,-114.81208398762487,-118.5330172654994,-1.032408899382713,atr_stop,4
ETHUSDT,1,2023-10-23 00:00:00+00:00,2024-01-21 00:00:00+00:00,1765.46,2457.05,1.138968821100106,787.6994469846226,782.6621409692314,6.869614595138558,time_stop,90
ETHUSDT,1,2024-02-12 00:00:00+00:00,2024-03-19 00:00:00+00:00,2659.99,3158.64,0.661103225746347,329.659123518416,325.9003867510674,2.7379380315672193,channel_exit,36
SOLUSDT,1,2023-10-16 00:00:00+00:00,2024-01-14 00:00:00+00:00,23.95,93.81,58.58629113881686,4092.838298957746,4082.9455350086273,30.217990329184126,time_stop,90
SOLUSDT,1,2024-02-28 00:00:00+00:00,2024-03-05 00:00:00+00:00,119.03,105.26817758183535,11.93965616302583,-164.31142784950666,-166.5737863709305,-1.013768722912541,atr_stop,6
WLDUSDT,1,2023-10-25 00:00:00+00:00,2024-01-05 00:00:00+00:00,1.805,2.982,242.2451436217417,285.12253404279005,283.822259009886,3.027437429438784,channel_exit,72
WLDUSDT,1,2024-02-17 00:00:00+00:00,2024-04-02 00:00:00+00:00,4.684,6.838,149.85210866536437,322.7814420651948,320.937002370898,3.355696684089761,channel_exit,45
XRPUSDT,-1,2023-09-10 00:00:00+00:00,2023-09-20 00:00:00+00:00,0.4969,0.5212,-1927.0018771441516,-46.826145614602865,-48.633981695664424,-0.49858364258829224,channel_exit,10
XRPUSDT,1,2023-10-23 00:00:00+00:00,2023-11-21 00:00:00+00:00,0.5475,0.5788,2513.9483127968697,78.68658219054201,76.06745028033772,0.7827079972279632,channel_exit,29
XRPUSDT,-1,2024-01-05 00:00:00+00:00,2024-02-14 00:00:00+00:00,0.5757,0.5378,-1485.1516383565029,56.28724709371153,54.8495609017169,0.5618919410785681,channel_exit,40
BNBUSDT,-1,2023-09-11 00:00:00+00:00,2023-09-18 00:00:00+00:00,206.1,217.8320753423026,-10.838884424406505,-127.16260869364734,-131.41251073306222,-1.0334210038868696,atr_stop,7
BNBUSDT,-1,2023-10-09 00:00:00+00:00,2023-10-16 00:00:00+00:00,205.8,215.74049299444673,-12.693144922671948,-126.17611818131738,-131.10528379919833,-1.0390657573630349,atr_stop,7
BNBUSDT,1,2023-10-23 00:00:00+00:00,2023-11-21 00:00:00+00:00,228.5,225.5,11.411177044355455,-34.233531133066364,-38.86532789537024,-0.31044279069983544,channel_exit,29
BNBUSDT,1,2023-12-20 00:00:00+00:00,2024-01-24 00:00:00+00:00,260.3,293.1,6.628699378866575,217.42133962682374,213.92417040852132,1.7162538606776416,channel_exit,35
BNBUSDT,1,2024-02-12 00:00:00+00:00,2024-04-16 00:00:00+00:00,327.8,537.6,6.2248637973698315,1305.9764246881907,1299.952748488752,10.250089889415456,channel_exit,64
NEARUSDT,1,2023-11-05 00:00:00+00:00,2023-11-07 00:00:00+00:00,1.636,1.483347916757648,592.2139118439603,-90.4026873680831,-91.98391405841863,-1.0174909257276548,atr_stop,2
NEARUSDT,1,2023-11-12 00:00:00+00:00,2023-11-14 00:00:00+00:00,1.701,1.4803933608688955,406.6225869607519,-89.70364230420678,-90.78717278481564,-1.0120790020647583,atr_stop,2
NEARUSDT,1,2023-11-16 00:00:00+00:00,2024-01-18 00:00:00+00:00,1.721,3.083,356.3869240567092,485.3989905652379,483.42125696887763,5.430564486679652,channel_exit,63
NEARUSDT,1,2024-02-26 00:00:00+00:00,2024-02-28 00:00:00+00:00,4.097,3.5373691028973546,165.03358446311566,-92.35789292515868,-93.40870538987508,-1.0113776140991861,atr_stop,2
DOGEUSDT,-1,2023-10-09 00:00:00+00:00,2023-10-23 00:00:00+00:00,0.05873,0.062457308441182594,-29645.861640520554,-110.49927033884359,-113.8321516429195,-1.0301620209242623,atr_stop,14
DOGEUSDT,1,2023-10-23 00:00:00+00:00,2023-12-30 00:00:00+00:00,0.06742,0.09,27342.09192487061,617.3844356635784,612.9550167717493,5.588906066074606,channel_exit,68
DOGEUSDT,-1,2024-01-18 00:00:00+00:00,2024-01-20 00:00:00+00:00,0.07808,0.08830821698625572,-11112.004005482802,-113.65598812022088,-115.42229438978386,-1.0155408113446223,atr_stop,2
DOGEUSDT,-1,2024-01-25 00:00:00+00:00,2024-02-12 00:00:00+00:00,0.07795,0.08223,-10871.033667809406,-46.52802409822417,-48.137089275531316,-0.4267681307075224,channel_exit,18
DOGEUSDT,1,2024-02-27 00:00:00+00:00,2024-04-13 00:00:00+00:00,0.09758,0.15254,13215.45421261717,726.3213635254398,722.6927698313731,6.425728365974448,channel_exit,46
SUIUSDT,-1,2023-10-09 00:00:00+00:00,2023-10-28 00:00:00+00:00,0.4164,0.47204861630118716,-1693.212475190634,-94.22493134826699,-95.66363283909875,-1.0152687985042317,atr_stop,19
SUIUSDT,1,2023-11-06 00:00:00+00:00,2024-02-04 00:00:00+00:00,0.5285,1.4647,1366.2992051045046,1279.129315818837,1275.5271226165473,13.639718315229674,time_stop,90
SUIUSDT,1,2024-02-05 00:00:00+00:00,2024-03-03 00:00:00+00:00,1.576,1.559,359.1916874227319,-6.106258686186488,-7.114222399432158,-0.06928423380543086,channel_exit,27
ADAUSDT,1,2023-10-23 00:00:00+00:00,2024-01-03 00:00:00+00:00,0.2807,0.5569,7084.589943928078,1956.7637425129349,1949.6620078613425,16.244529202788957,channel_exit,72
ADAUSDT,1,2024-02-29 00:00:00+00:00,2024-03-05 00:00:00+00:00,0.6547,0.5815792960047086,1829.3858311910876,-133.76597985570356,-135.68105911858873,-1.014316639140617,atr_stop,5
FILUSDT,1,2023-11-01 00:00:00+00:00,2024-01-19 00:00:00+00:00,3.938,5.48,281.1052763773497,433.4643361738733,430.6915137276871,4.225327949030426,channel_exit,79
FILUSDT,1,2024-02-20 00:00:00+00:00,2024-02-21 00:00:00+00:00,7.708,6.839009896707015,120.33552776860661,-104.57038270545732,-106.05173926306026,-1.0141661196916096,atr_stop,1
FILUSDT,1,2024-02-22 00:00:00+00:00,2024-02-28 00:00:00+00:00,8.068,7.054026431778081,102.34050070371859,-103.77056267216729,-105.07000534677707,-1.0125222668273948,atr_stop,6
FILUSDT,1,2024-02-29 00:00:00+00:00,2024-04-11 00:00:00+00:00,8.145,8.052,83.72980736022313,-7.786872084500749,-9.00041842045688,-0.08743240617555469,channel_exit,42
BCHUSDT,1,2023-10-01 00:00:00+00:00,2023-10-09 00:00:00+00:00,242.3,218.5931020535605,3.824742587624894,-90.67278219622435,-92.17769442043786,-1.0165971770994822,atr_stop,8
BCHUSDT,1,2023-10-23 00:00:00+00:00,2023-10-27 00:00:00+00:00,262.0,236.13158665466233,3.4787731705341662,-89.99034231004867,-91.4689491211145,-1.0164307277104414,atr_stop,4
LINKUSDT,-1,2023-09-11 00:00:00+00:00,2023-09-16 00:00:00+00:00,5.829,6.398105129106918,-179.3814869592308,-102.08692429532407,-104.15278719652929,-1.0202363124902163,atr_stop,5
LINKUSDT,1,2023-09-28 00:00:00+00:00,2023-10-11 00:00:00+00:00,7.807,7.114541746194115,146.3047573446304,-101.30993679435649,-103.1835411411878,-1.0184937865535781,atr_stop,13
LINKUSDT,1,2023-10-21 00:00:00+00:00,2023-12-17 00:00:00+00:00,8.914,14.013,122.36394010494422,623.9337305951105,620.8472959882675,6.176111179124774,channel_exit,57
LINKUSDT,-1,2024-01-07 00:00:00+00:00,2024-01-11 00:00:00+00:00,13.151,15.398941652513944,-46.65730979951746,-104.88291009258234,-106.1761618368612,-1.0123304334627756,atr_stop,4
LINKUSDT,1,2024-02-01 00:00:00+00:00,2024-03-16 00:00:00+00:00,17.19,18.115,47.90922146555785,44.31602985564087,42.753853871313424,0.4107287964719307,channel_exit,44
AVAXUSDT,1,2023-10-26 00:00:00+00:00,2024-01-03 00:00:00+00:00,11.05,36.8,90.15704953877228,2321.544025623386,2315.572022661938,24.06320539847046,channel_exit,69
FETUSDT,1,2023-09-02 00:00:00+00:00,2023-09-10 00:00:00+00:00,0.2516,0.2189322534008415,2915.126319171092,-95.23060789921887,-96.37939521242647,-1.0120632151631686,atr_stop,8
FETUSDT,1,2023-10-27 00:00:00+00:00,2024-01-07 00:00:00+00:00,0.318,0.622,2633.201780428442,800.4933412502463,797.5452085368786,8.439534874518218,channel_exit,72
FETUSDT,1,2024-02-20 00:00:00+00:00,2024-04-12 00:00:00+00:00,1.0547,2.14,758.988317858285,823.7300213715968,820.8063983712067,8.212981567852289,channel_exit,52
DOTUSDT,1,2023-10-30 00:00:00+00:00,2024-01-19 00:00:00+00:00,4.525,6.894,295.30876236132906,699.5864580339885,695.9219125400942,6.638891682767443,channel_exit,81
DOTUSDT,1,2024-02-27 00:00:00+00:00,2024-04-02 00:00:00+00:00,8.371,8.582,132.38833104681768,27.93393785087857,25.88885586819975,0.23640420339721901,channel_exit,35
INJUSDT,1,2023-10-24 00:00:00+00:00,2023-11-21 00:00:00+00:00,11.796,14.202,83.34466562344883,200.52726549001795,198.39667579588635,2.1328212631629726,channel_exit,28
INJUSDT,1,2023-11-30 00:00:00+00:00,2023-12-04 00:00:00+00:00,18.422,15.378703512563984,31.021618249105718,-94.40798185208446,-95.26671193724376,-1.0090959479094121,atr_stop,4
INJUSDT,1,2023-12-08 00:00:00+00:00,2024-01-22 00:00:00+00:00,19.264,33.88,29.552159115797263,431.9343576364929,430.1321487649751,4.591271006103018,channel_exit,45
INJUSDT,1,2024-02-28 00:00:00+00:00,2024-03-05 00:00:00+00:00,43.23,36.42341861360306,14.197832083788091,-96.63869958870123,-97.56954003520946,-1.0096321706569928,atr_stop,6
LTCUSDT,1,2023-10-23 00:00:00+00:00,2023-11-21 00:00:00+00:00,69.02,66.15,18.23679120777889,-52.33959076632524,-54.51104549543547,-0.6019565176091645,channel_exit,29
LTCUSDT,1,2023-12-08 00:00:00+00:00,2023-12-11 00:00:00+00:00,78.5,72.40568493072134,14.775291832622338,-90.04528366854029,-91.97095089388645,-1.0213855423281757,atr_stop,3
LTCUSDT,-1,2024-01-03 00:00:00+00:00,2024-01-11 00:00:00+00:00,65.24,72.84342387439042,-11.75033105979577,-89.34274771204255,-90.88342953493816,-1.017244620994435,atr_stop,8
LTCUSDT,1,2024-02-27 00:00:00+00:00,2024-04-13 00:00:00+00:00,73.97,77.33,17.08682247797741,57.41172352600409,55.0333403580045,0.6206158334798328,channel_exit,46
AAVEUSDT,1,2023-10-23 00:00:00+00:00,2023-10-27 00:00:00+00:00,84.88,76.70939071850151,11.941043188191744,-97.56559830421372,-99.21438056973082,-1.01689921749238,atr_stop,4
AAVEUSDT,1,2023-11-01 00:00:00+00:00,2023-11-21 00:00:00+00:00,89.16,84.49,9.18293096585369,-42.884287610536745,-44.280846117685705,-0.45738693693134624,channel_exit,20
ICPUSDT,1,2023-12-17 00:00:00+00:00,2023-12-20 00:00:00+00:00,10.508,9.070208821119461,65.57193610191499,-94.27875130945164,-95.34930338530069,-1.0113551787754929,atr_stop,3
ICPUSDT,1,2023-12-30 00:00:00+00:00,2024-01-19 00:00:00+00:00,12.246,11.213,46.64197373325296,-48.18115886645037,-49.122552479098104,-0.5250547357212832,channel_exit,20
ICPUSDT,1,2024-02-19 00:00:00+00:00,2024-02-23 00:00:00+00:00,14.605,12.567815740067262,45.72412160604911,-93.14846083509369,-94.18283503849194,-1.0111045764377091,atr_stop,4
TRXUSDT,1,2023-09-25 00:00:00+00:00,2023-11-21 00:00:00+00:00,0.08466,0.09612,31428.021145046183,360.1651223222292,354.7275718157979,3.539679212146805,channel_exit,57
TRXUSDT,1,2023-11-25 00:00:00+00:00,2023-11-27 00:00:00+00:00,0.10895,0.10258751509874138,16169.139162570684,-102.8759037882055,-105.86165704255848,-1.0290228629291058,atr_stop,2
TRXUSDT,1,2024-02-01 00:00:00+00:00,2024-03-10 00:00:00+00:00,0.11564,0.13377,16434.047387297614,297.9492791317056,293.9921905975078,2.880096251336195,channel_exit,38
APTUSDT,-1,2023-10-09 00:00:00+00:00,2023-10-21 00:00:00+00:00,4.9624,5.45935225465109,-190.8719897155229,-94.8542656388689,-96.72993300819462,-1.0197742015785227,atr_stop,12
APTUSDT,1,2023-10-22 00:00:00+00:00,2024-01-20 00:00:00+00:00,6.1583,8.5718,157.62726545791222,380.43340518267115,378.0013362733773,4.017226703091763,time_stop,90
APTUSDT,1,2024-02-28 00:00:00+00:00,2024-03-03 00:00:00+00:00,12.3656,10.83280918174808,62.95552551239559,-96.49765146362445,-97.72522481428688,-1.0127212769641878,atr_stop,4
OPUSDT,-1,2023-09-08 00:00:00+00:00,2023-10-01 00:00:00+00:00,1.297,1.412,-551.9210396159908,-63.47091955583894,-64.87368207012695,-0.6934870464244586,channel_exit,23
OPUSDT,-1,2023-10-09 00:00:00+00:00,2023-10-23 00:00:00+00:00,1.228,1.3636581013661502,-686.1323739652477,-93.07941513797485,-94.76358508463599,-1.018093903406727,atr_stop,14
OPUSDT,1,2023-10-29 00:00:00+00:00,2024-01-21 00:00:00+00:00,1.413,3.119,675.8795146754032,1153.050452036238,1149.2559292649473,12.440826220892053,channel_exit,84
OPUSDT,1,2024-02-20 00:00:00+00:00,2024-02-23 00:00:00+00:00,4.066,3.5228830128927844,184.47256866982337,-100.19018569988337,-101.35996120120429,-1.0116755497871313,atr_stop,3
ARBUSDT,1,2023-11-01 00:00:00+00:00,2023-11-03 00:00:00+00:00,1.0404,0.9386796071433197,918.3957038195235,-93.41957179040936,-94.97131456364353,-1.0166104676300118,atr_stop,2
ARBUSDT,1,2023-11-03 00:00:00+00:00,2023-11-21 00:00:00+00:00,1.0598,0.944867345446846,806.5442871834983,-92.69827594068089,-94.07001518799039,-1.0147978938485038,atr_stop,18
ARBUSDT,1,2023-12-12 00:00:00+00:00,2023-12-16 00:00:00+00:00,1.2521,1.089216388933815,564.4135432560414,-91.93371606020449,-93.04029932681573,-1.0120367511945951,atr_stop,4
ARBUSDT,1,2023-12-22 00:00:00+00:00,2023-12-26 00:00:00+00:00,1.4193,1.2365484622744574,499.1536781310543,-91.22110223981073,-92.3321121234476,-1.012179307817572,atr_stop,4
ARBUSDT,1,2023-12-27 00:00:00+00:00,2024-01-22 00:00:00+00:00,1.5052,1.6888,420.05558446302274,77.12220530741097,75.84530353953689,0.8380697557900048,channel_exit,26
CHZUSDT,1,2024-02-16 00:00:00+00:00,2024-03-18 00:00:00+00:00,0.11799,0.13269,7489.4607127064755,110.09507247678522,108.30627470124098,1.094175123312656,channel_exit,31
HBARUSDT,-1,2023-09-10 00:00:00+00:00,2023-09-14 00:00:00+00:00,0.0478,0.054672231983001494,-13432.206386551774,-92.309238331938,-93.6311019984344,-1.0143199498813225,atr_stop,4
SEIUSDT,1,2023-11-23 00:00:00+00:00,2024-01-21 00:00:00+00:00,0.1999,0.6501,2421.484555040187,1090.1523466790923,1087.3187738824754,11.59806692141307,channel_exit,59
SEIUSDT,1,2024-02-14 00:00:00+00:00,2024-03-05 00:00:00+00:00,0.8805,0.7345642319297505,695.8724803318784,-101.55268489618221,-102.47277835744708,-1.0090602573649874,atr_stop,20
TIAUSDT,1,2024-01-04 00:00:00+00:00,2024-02-22 00:00:00+00:00,15.6324,16.953,25.75086320896635,34.00658995376094,33.22079206259404,0.35435511533433645,channel_exit,49
SUSHIUSDT,1,2023-11-23 00:00:00+00:00,2023-12-14 00:00:00+00:00,1.243,1.189,418.90453092211214,-22.620844669794074,-23.517384146873578,-0.22604605083131685,channel_exit,21
ORDIUSDT,1,2024-01-02 00:00:00+00:00,2024-01-08 00:00:00+00:00,83.236,63.466566072014515,4.742169165870151,-93.75000000000001,-94.29174454684268,-1.0057786084996552,atr_stop,6
LDOUSDT,1,2023-11-22 00:00:00+00:00,2023-12-11 00:00:00+00:00,2.615,2.210205786569351,228.38698377049226,-92.44972945317483,-93.35833747276682,-1.009828130649665,atr_stop,19
ATOMUSDT,1,2023-10-30 00:00:00+00:00,2024-01-03 00:00:00+00:00,8.105,9.922,143.40731128617364,260.57108460697754,258.009887390331,2.701561504500478,channel_exit,65
GALAUSDT,1,2023-10-26 00:00:00+00:00,2024-01-03 00:00:00+00:00,0.01861,0.02685,44952.84240576429,370.41142142349764,368.23885055002705,3.7788607478182636,channel_exit,69
APEUSDT,-1,2023-10-05 00:00:00+00:00,2023-10-23 00:00:00+00:00,1.08,1.189,-633.090276407954,-69.00684012846698,-70.36177993803528,-0.7278110309042715,channel_exit,18
APEUSDT,1,2023-10-28 00:00:00+00:00,2023-11-09 00:00:00+00:00,1.369,1.2154507170602118,626.2387330077089,-96.15850840245517,-97.52860057320835,-1.0142482677145832,atr_stop,12
DYDXUSDT,-1,2023-09-11 00:00:00+00:00,2023-10-02 00:00:00+00:00,1.864,2.1088934565274418,-380.6791349265127,-93.22582918003003,-94.67089030605952,-1.0155006518980798,atr_stop,21
DYDXUSDT,1,2023-10-28 00:00:00+00:00,2023-11-03 00:00:00+00:00,2.416,2.163927455152946,367.1011134140064,-92.5361118744555,-93.96599619509631,-1.0154521763631126,atr_stop,6
DYDXUSDT,1,2023-11-06 00:00:00+00:00,2023-12-06 00:00:00+00:00,2.483,2.895,313.51757908351976,129.1692425824101,127.53550247780589,1.3890008453241478,channel_exit,30
DYDXUSDT,-1,2024-01-05 00:00:00+00:00,2024-02-09 00:00:00+00:00,2.64,2.997,-150.7174079908029,-53.8061146527166,-54.619174781863784,-0.5893823066127943,channel_exit,35
CAKEUSDT,1,2023-11-05 00:00:00+00:00,2023-11-07 00:00:00+00:00,2.372,2.1486703585042912,420.74033583526153,-93.96378836487303,-95.59104648369849,-1.017317927971429,atr_stop,2
CAKEUSDT,1,2023-11-15 00:00:00+00:00,2023-11-18 00:00:00+00:00,2.692,2.2968790896262763,235.9470990389536,-93.22763257231054,-94.20312809678353,-1.010463587860781,atr_stop,3
STXUSDT,1,2023-12-18 00:00:00+00:00,2024-01-21 00:00:00+00:00,1.263,1.4556,450.8111107325528,86.82621992708971,85.64505875208157,0.9383536264469624,channel_exit,34
STXUSDT,1,2024-02-13 00:00:00+00:00,2024-04-11 00:00:00+00:00,2.1299,2.9904,336.13631902515505,289.24530252114596,287.4359748340029,3.131572576860782,channel_exit,58
GMTUSDT,1,2023-11-25 00:00:00+00:00,2023-11-27 00:00:00+00:00,0.3467,0.2985504225189101,1947.0575839802348,-93.75,-94.7963307558587,-1.0111608613958263,atr_stop,2
CFXUSDT,-1,2023-09-11 00:00:00+00:00,2023-09-29 00:00:00+00:00,0.1138,0.1309,-4674.747208214952,-79.93817726047563,-81.03964119767524,-0.8732660206661613,channel_exit,18
CFXUSDT,1,2023-10-30 00:00:00+00:00,2023-11-21 00:00:00+00:00,0.1587,0.1426,4286.957098847261,-69.02000929144091,-70.12038543957303,-0.7604353155448038,channel_exit,22
CFXUSDT,1,2024-02-15 00:00:00+00:00,2024-04-05 00:00:00+00:00,0.2374,0.3583,2769.1493574558394,334.790157316411,333.00422212981346,3.63485117417606,channel_exit,50
JASMYUSDT,1,2024-02-24 00:00:00+00:00,2024-04-15 00:00:00+00:00,0.016392,0.017869,31133.056991585414,45.98352517657163,44.98215530488288,0.48723809460763934,channel_exit,51
TRBUSDT,1,2023-09-12 00:00:00+00:00,2023-11-12 00:00:00+00:00,27.97,86.33,17.034684371795194,994.1441799379675,991.4970921946967,10.5759689834101,channel_exit,61
TRBUSDT,1,2023-12-28 00:00:00+00:00,2024-01-01 00:00:00+00:00,217.18,182.5302732272774,3.1598283861821415,-109.4871902299042,-110.52536603953024,-1.00948216688588,atr_stop,4
RUNEUSDT,1,2023-09-15 00:00:00+00:00,2023-10-09 00:00:00+00:00,1.822,1.5961375601904748,413.31849999514134,-93.35312482731587,-94.54060855521077,-1.0127203425711941,atr_stop,24
RUNEUSDT,1,2023-10-23 00:00:00+00:00,2023-12-19 00:00:00+00:00,2.155,5.129,334.27098841146363,994.1219195356928,991.0358629164805,10.6950401815735,channel_exit,57
RUNEUSDT,-1,2024-01-07 00:00:00+00:00,2024-02-08 00:00:00+00:00,4.568,4.795,-91.07046946386828,-20.672996568298128,-21.459025790240776,-0.21505044652183514,channel_exit,32
RUNEUSDT,1,2024-02-26 00:00:00+00:00,2024-03-05 00:00:00+00:00,5.782,5.083017109101838,142.56662514583087,-99.65163179002751,-100.9560352606732,-1.0130896348330167,atr_stop,8
STORJUSDT,1,2023-09-29 00:00:00+00:00,2023-10-17 00:00:00+00:00,0.4462,0.37661390515479853,1347.251921645447,-93.75,-94.66330885338876,-1.0097419611028133,atr_stop,18
NEOUSDT,1,2023-11-10 00:00:00+00:00,2023-11-14 00:00:00+00:00,13.69,11.474462632987454,45.203406984365714,-100.14983729013815,-101.08346993792465,-1.0093223581090973,atr_stop,4
BTCUSDT,-1,2024-04-30 00:00:00+00:00,2024-05-15 00:00:00+00:00,60672.0,66206.5,-0.019061472154308333,-105.49571763801947,-107.76730567915106,-0.8887403349764563,channel_exit,15
BTCUSDT,-1,2024-07-03 00:00:00+00:00,2024-07-15 00:00:00+00:00,60208.58,64257.662475748984,-0.02975285452678714,-120.4717618679226,-123.91308985889282,-1.0285654325761673,atr_stop,12
BTCUSDT,-1,2024-08-05 00:00:00+00:00,2024-08-08 00:00:00+00:00,54018.81,59879.262383609785,-0.020403988218322316,-119.57660138921302,-121.77579776476763,-1.0183915276902409,atr_stop,3
ETHUSDT,-1,2024-05-01 00:00:00+00:00,2024-05-20 00:00:00+00:00,2972.46,3357.744819739888,-0.31376892607129014,-120.89040412135527,-122.78680489635548,-1.015686942142211,atr_stop,19
ETHUSDT,1,2024-05-21 00:00:00+00:00,2024-06-10 00:00:00+00:00,3789.6,3667.85,0.3441560825472624,-41.90100305012919,-44.17316624739695,-0.36811302162248455,channel_exit,20
ETHUSDT,-1,2024-08-03 00:00:00+00:00,2024-08-24 00:00:00+00:00,2903.64,2768.0,-0.3984129020094821,54.0407260285661,52.05567358559406,0.4352622744604716,channel_exit,21
SOLUSDT,1,2024-03-07 00:00:00+00:00,2024-04-09 00:00:00+00:00,143.82,172.42,8.312969537365078,237.75092876864116,235.17094879490267,1.4436237631040048,channel_exit,33
SOLUSDT,-1,2024-04-30 00:00:00+00:00,2024-05-06 00:00:00+00:00,126.77,153.42538536293858,-6.165219627541335,-164.336305019267,-166.03892717423182,-1.0103605965508669,atr_stop,6
SOLUSDT,-1,2024-07-04 00:00:00+00:00,2024-07-14 00:00:00+00:00,127.86,147.18434770114342,-8.439895401559465,-163.0954733010166,-165.33147019983653,-1.0137097422360282,atr_stop,10
SOLUSDT,1,2024-07-20 00:00:00+00:00,2024-08-02 00:00:00+00:00,173.6,153.98984626189815,8.254216978945148,-161.86646394476492,-164.15438203124512,-1.014134602256221,atr_stop,13
WLDUSDT,-1,2024-04-13 00:00:00+00:00,2024-05-05 00:00:00+00:00,4.425,5.748,-50.33244934316836,-66.58983048101176,-67.11059013489592,-0.6889556267064018,channel_exit,22
WLDUSDT,-1,2024-06-07 00:00:00+00:00,2024-07-16 00:00:00+00:00,4.416,2.818,-102.31624480209594,163.50135919374935,162.9823702736152,1.6817091769908863,channel_exit,39
WLDUSDT,-1,2024-08-03 00:00:00+00:00,2024-08-24 00:00:00+00:00,1.743,1.912,-179.22498840066686,-30.289023039712667,-30.9058437597924,-0.3149011574414054,channel_exit,21
XRPUSDT,1,2024-03-02 00:00:00+00:00,2024-03-05 00:00:00+00:00,0.6442,0.5880731164976122,1747.8057115462416,-98.09888755676394,-99.94899515004232,-1.018859618486579,atr_stop,3
XRPUSDT,1,2024-03-11 00:00:00+00:00,2024-03-14 00:00:00+00:00,0.723,0.640984426897553,1186.3414697929768,-97.29847554027032,-98.66724307308641,-1.0140677181756006,atr_stop,3
XRPUSDT,-1,2024-04-13 00:00:00+00:00,2024-04-22 00:00:00+00:00,0.4788,0.5675618673566245,-1087.4802861384503,-96.52678091116519,-97.63776312661085,-1.0115095749071763,atr_stop,9
XRPUSDT,-1,2024-06-08 00:00:00+00:00,2024-07-13 00:00:00+00:00,0.4926,0.5349893804062753,-2259.978479901565,-95.7990874945433,-97.9754035705926,-1.0227175031930578,atr_stop,35
XRPUSDT,1,2024-07-16 00:00:00+00:00,2024-08-04 00:00:00+00:00,0.5793,0.5257229436695946,1775.5249089437236,-95.12739806251587,-96.80757958955532,-1.0176624354419457,atr_stop,19
BNBUSDT,1,2024-05-21 00:00:00+00:00,2024-06-18 00:00:00+00:00,618.5,588.6,2.82166769657114,-84.36786412747702,-87.35736461864022,-0.6398205436162661,channel_exit,28
BNBUSDT,-1,2024-07-03 00:00:00+00:00,2024-07-15 00:00:00+00:00,556.7,585.3,-3.2725990086025636,-93.59633164603302,-97.04414560555617,-0.7145516484019522,channel_exit,12
BNBUSDT,-1,2024-08-05 00:00:00+00:00,2024-08-08 00:00:00+00:00,464.2,520.5432008732187,-2.3975103842729495,-135.0834091767185,-137.3298230899197,-1.0166298283918966,atr_stop,3
NEARUSDT,1,2024-03-02 00:00:00+00:00,2024-03-05 00:00:00+00:00,4.484,3.8568133522859487,146.11803618240134,-91.64328128380075,-92.65767127112531,-1.0110688964113277,atr_stop,3
NEARUSDT,1,2024-03-06 00:00:00+00:00,2024-04-02 00:00:00+00:00,5.895,6.216,101.41099119425566,32.55292817335613,31.41826087508184,0.34558189580843984,channel_exit,27
NEARUSDT,1,2024-05-15 00:00:00+00:00,2024-06-07 00:00:00+00:00,8.052,6.721244197836237,68.35821904856053,-90.96809662445338,-91.79511073413158,-1.0090912544107897,atr_stop,23
NEARUSDT,-1,2024-06-14 00:00:00+00:00,2024-07-15 00:00:00+00:00,5.588,5.915,-85.30130456126591,-27.89352659153395,-28.801729581197748,-0.31913242353151455,channel_exit,31
NEARUSDT,-1,2024-08-03 00:00:00+00:00,2024-08-23 00:00:00+00:00,4.365,4.838,-103.9284192288621,-49.15814229525176,-50.06319254126438,-0.5559228788624871,channel_exit,20
DOGEUSDT,-1,2024-06-17 00:00:00+00:00,2024-07-19 00:00:00+00:00,0.12879,0.12543,-5948.451585526847,19.986797327370052,18.643791619099314,0.1592583178735785,channel_exit,32
DOGEUSDT,-1,2024-08-04 00:00:00+00:00,2024-08-23 00:00:00+00:00,0.10375,0.11293,-6788.341132260131,-62.31697159414806,-63.696864849467104,-0.5433377380301869,channel_exit,19
ENAUSDT,-1,2024-06-18 00:00:00+00:00,2024-08-23 00:00:00+00:00,0.627,0.359,-472.12950674433165,126.5307078074809,126.2256177202227,1.3464065890157089,channel_exit,66
SUIUSDT,1,2024-03-27 00:00:00+00:00,2024-04-03 00:00:00+00:00,2.0754,1.721686401452064,289.81757957749284,-102.51241899480782,-103.41057396899639,-1.00876142601058,atr_stop,7
SUIUSDT,-1,2024-04-12 00:00:00+00:00,2024-07-11 00:00:00+00:00,1.2394,0.7558,-304.69278962587504,147.34943306307318,146.93491680435454,1.4446491868963574,time_stop,90
SUIUSDT,1,2024-08-12 00:00:00+00:00,2024-08-15 00:00:00+00:00,1.0143,0.8498593944542286,625.2170339404731,-102.81106765870247,-103.76749148446328,-1.0093027321624148,atr_stop,3
SUIUSDT,1,2024-08-23 00:00:00+00:00,2024-08-27 00:00:00+00:00,1.0158,0.8512049005678113,619.8990019024874,-102.03233785605447,-102.98212777895215,-1.009308714696292,atr_stop,4
ADAUSDT,1,2024-03-11 00:00:00+00:00,2024-03-15 00:00:00+00:00,0.7754,0.6702326275062243,1261.3074886480194,-132.64839448783505,-134.17005946581276,-1.01147141647551,atr_stop,4
ADAUSDT,-1,2024-04-12 00:00:00+00:00,2024-05-17 00:00:00+00:00,0.5027,0.4824,-1452.5601506554733,29.486971058306167,28.225684028289006,0.21448637260554204,channel_exit,35
ADAUSDT,-1,2024-06-11 00:00:00+00:00,2024-07-13 00:00:00+00:00,0.422,0.4416,-2985.9150844486094,-58.523935655192766,-60.897379837519274,-0.46191840286396085,channel_exit,32
ADAUSDT,-1,2024-08-04 00:00:00+00:00,2024-08-22 00:00:00+00:00,0.3442,0.3763,-2683.501389611062,-86.14039460651514,-87.9580374377543,-0.6691949430874918,channel_exit,18
FILUSDT,-1,2024-04-13 00:00:00+00:00,2024-05-20 00:00:00+00:00,5.723,6.17,-55.73939043264461,-24.915507523392144,-25.534549193537096,-0.2489533554692896,channel_exit,37
FILUSDT,-1,2024-06-14 00:00:00+00:00,2024-07-16 00:00:00+00:00,5.093,4.535,-123.67203239656682,69.00899407728427,67.99945927683109,0.6640857560088157,channel_exit,32
FILUSDT,-1,2024-08-04 00:00:00+00:00,2024-08-22 00:00:00+00:00,3.531,3.948,-161.09183152581866,-67.17529374626635,-68.32007673782142,-0.6637145587519588,channel_exit,18
BCHUSDT,1,2024-03-02 00:00:00+00:00,2024-03-04 00:00:00+00:00,501.1,451.44164144598204,1.798328922878589,-89.30206245036592,-90.76337545981329,-1.016363709519694,atr_stop,2
BCHUSDT,1,2024-03-27 00:00:00+00:00,2024-04-13 00:00:00+00:00,539.1,454.63552931227946,1.0489876637114095,-88.60218777333283,-89.4606204844531,-1.0096886175465143,atr_stop,17
BCHUSDT,-1,2024-08-05 00:00:00+00:00,2024-08-08 00:00:00+00:00,309.9,367.8017792300608,-1.5177188672548627,-87.87862278508904,-88.8834182446343,-1.0114339008475648,atr_stop,3
LINKUSDT,-1,2024-04-12 00:00:00+00:00,2024-05-16 00:00:00+00:00,15.156,15.516,-41.479081090080115,-14.932469192428817,-16.090930152377446,-0.15455106570747623,channel_exit,34
LINKUSDT,1,2024-05-27 00:00:00+00:00,2024-06-07 00:00:00+00:00,18.786,16.768689825092824,51.56106964909062,-104.01467043220812,-105.57097128340021,-1.014962320648859,atr_stop,11
LINKUSDT,-1,2024-07-04 00:00:00+00:00,2024-07-15 00:00:00+00:00,12.538,14.265800427599563,-59.72625838733074,-103.19505478055204,-104.72873196894567,-1.01486192523135,atr_stop,11
LINKUSDT,-1,2024-08-02 00:00:00+00:00,2024-08-23 00:00:00+00:00,11.93,12.05,-61.8963783702279,-7.427565404427409,-8.770097851277653,-0.08562719991739291,channel_exit,21
AVAXUSDT,1,2024-03-01 00:00:00+00:00,2024-03-05 00:00:00+00:00,42.67,37.435819141455404,21.547542350951606,-112.78373372202995,-114.23570353913749,-1.012873929326423,atr_stop,4
AVAXUSDT,1,2024-03-11 00:00:00+00:00,2024-04-01 00:00:00+00:00,49.09,51.38,16.674167723668845,38.18384408720164,36.64175035944585,0.32756845494601494,channel_exit,21
AVAXUSDT,-1,2024-04-13 00:00:00+00:00,2024-05-20 00:00:00+00:00,33.89,40.13,-12.450268678137556,-77.68967655157837,-78.58900925927496,-0.7018105873913948,channel_exit,37
AVAXUSDT,-1,2024-06-11 00:00:00+00:00,2024-07-21 00:00:00+00:00,31.55,32.64,-25.307081285953377,-27.584718601689175,-29.071560241401507,-0.26095134309051216,channel_exit,40
AVAXUSDT,-1,2024-08-02 00:00:00+00:00,2024-08-22 00:00:00+00:00,23.6,25.22,-28.227502314610174,-45.72855374966841,-47.00996944474245,-0.42267561718794655,channel_exit,20
FETUSDT,-1,2024-06-07 00:00:00+00:00,2024-07-19 00:00:00+00:00,1.849,1.472,-283.40625210270076,106.8441570427182,106.09324383714687,1.009671513595127,channel_exit,42
FETUSDT,-1,2024-08-02 00:00:00+00:00,2024-08-23 00:00:00+00:00,1.068,1.206,-427.9971360542307,-59.06360477548379,-59.99270095843031,-0.5667955267777263,channel_exit,21
DOTUSDT,-1,2024-04-12 00:00:00+00:00,2024-05-20 00:00:00+00:00,7.24,7.575,-81.02333810204381,-27.142818264184672,-28.24757147920604,-0.25835810094336487,channel_exit,38
DOTUSDT,-1,2024-07-30 00:00:00+00:00,2024-08-24 00:00:00+00:00,5.519,4.981,-166.3897559419701,89.51768869677996,88.02587142295545,0.8066075148274151,channel_exit,25
INJUSDT,1,2024-03-12 00:00:00+00:00,2024-03-15 00:00:00+00:00,51.85,42.949986115083874,10.768309977539039,-95.83810831717831,-96.6706060924111,-1.0086865004939123,atr_stop,3
INJUSDT,-1,2024-04-02 00:00:00+00:00,2024-05-20 00:00:00+00:00,32.55,28.24,-12.376167509093005,53.341281964190834,52.71217661736862,0.5543300402540393,channel_exit,48
INJUSDT,1,2024-06-12 00:00:00+00:00,2024-06-14 00:00:00+00:00,31.24,26.100704677750887,18.58341162962326,-95.50564045955257,-96.37871270948234,-1.009141577876749,atr_stop,2
INJUSDT,-1,2024-06-18 00:00:00+00:00,2024-07-16 00:00:00+00:00,20.47,24.9,-17.91987350785693,-79.3850396398062,-80.18820837042834,-0.8460412155728582,channel_exit,28
INJUSDT,-1,2024-08-03 00:00:00+00:00,2024-08-22 00:00:00+00:00,18.5,20.06,-23.566095019430836,-36.76310823031208,-37.614032789273686,-0.3993539356129412,channel_exit,19
LTCUSDT,-1,2024-06-11 00:00:00+00:00,2024-09-09 00:00:00+00:00,77.32,61.42,-13.623317182971133,216.6107432092409,215.10460375476035,2.4296063218394,time_stop,90
AAVEUSDT,1,2024-08-19 00:00:00+00:00,2024-10-02 00:00:00+00:00,118.12,139.14,5.728675768609339,120.4167646561682,118.98200635256845,1.2337953404687696,channel_exit,44
TRXUSDT,1,2024-05-10 00:00:00+00:00,2024-05-19 00:00:00+00:00,0.12741,0.12077909845015694,15679.801024148435,-103.97121691225658,-107.38004292909068,-1.0327862471756089,atr_stop,9
TRXUSDT,1,2024-07-01 00:00:00+00:00,2024-07-05 00:00:00+00:00,0.12781,0.122762408962613,20439.760219697506,-103.17155049128448,-107.68817205702334,-1.0437777812219697,atr_stop,4
TRXUSDT,1,2024-07-06 00:00:00+00:00,2024-07-08 00:00:00+00:00,0.12991,0.12439713133122408,18569.329775988776,-102.37027632221617,-106.52822476099385,-1.0406167550597432,atr_stop,2
TRXUSDT,1,2024-07-09 00:00:00+00:00,2024-07-31 00:00:00+00:00,0.12996,0.1287,16857.297048976016,-21.2401942817095,-25.145355716075283,-0.24751707700640868,channel_exit,22
TRXUSDT,1,2024-08-19 00:00:00+00:00,2024-09-14 00:00:00+00:00,0.1432,0.1475,14824.106756158173,63.743659051480115,59.80785870772012,0.5892978231581459,channel_exit,26
UNIUSDT,1,2024-03-01 00:00:00+00:00,2024-03-19 00:00:00+00:00,11.565,10.614,60.048868827151274,-57.106474254620785,-58.25371990333728,-0.5745756770036088,channel_exit,18
UNIUSDT,1,2024-06-15 00:00:00+00:00,2024-06-18 00:00:00+00:00,11.52,9.679027655421397,54.761093186558575,-100.81365811534609,-101.76771955905494,-1.0094636129820551,atr_stop,3
APTUSDT,1,2024-03-05 00:00:00+00:00,2024-04-05 00:00:00+00:00,13.6598,13.1468,51.224996184882166,-26.278423042844548,-27.490623646562682,-0.2872088090112953,channel_exit,31
APTUSDT,-1,2024-04-13 00:00:00+00:00,2024-05-21 00:00:00+00:00,8.7733,9.32,-31.312904957870508,-17.11876514046779,-17.644070434041026,-0.1851471014761229,channel_exit,38
WIFUSDT,-1,2024-06-13 00:00:00+00:00,2024-07-18 00:00:00+00:00,2.386,2.4392,-124.585794751442,-6.627964280776704,-7.1749656877805945,-0.07653296733632634,channel_exit,35
WIFUSDT,-1,2024-08-04 00:00:00+00:00,2024-08-24 00:00:00+00:00,1.44,1.9662261498708138,-178.0819821001377,-93.71139580191866,-94.34166481196567,-1.0067256389114003,atr_stop,20
OPUSDT,1,2024-03-05 00:00:00+00:00,2024-03-15 00:00:00+00:00,4.514,3.837607543194048,146.98525732735686,-99.41971931790597,-100.43504843596997,-1.0102125526508214,atr_stop,10
OPUSDT,-1,2024-04-02 00:00:00+00:00,2024-05-02 00:00:00+00:00,3.156,2.873,-151.69278231636162,42.92905739553032,42.14459334105949,0.4275004723797203,channel_exit,30
OPUSDT,-1,2024-06-11 00:00:00+00:00,2024-07-15 00:00:00+00:00,2.057,1.851,-278.51647483552836,57.37439381611883,56.44643262526182,0.570614069308305,channel_exit,34
OPUSDT,-1,2024-08-05 00:00:00+00:00,2024-08-10 00:00:00+00:00,1.17,1.4439230621380317,-362.772059530477,-99.3716334047086,-100.31450030220826,-1.009488290221211,atr_stop,5
ARBUSDT,-1,2024-03-18 00:00:00+00:00,2024-05-20 00:00:00+00:00,1.6232,1.1269,-263.28970422058586,130.67068020467676,130.13661810284162,1.4303755269485314,channel_exit,63
ARBUSDT,-1,2024-06-14 00:00:00+00:00,2024-07-21 00:00:00+00:00,0.9123,0.8026,-641.5917085993752,70.38261043335147,69.45571572377213,0.7546120372297619,channel_exit,37
ARBUSDT,-1,2024-08-02 00:00:00+00:00,2024-08-24 00:00:00+00:00,0.6034,0.6216,-918.30630401081,-16.713174732996738,-17.74064929042835,-0.19159571598100242,channel_exit,22
ETCUSDT,1,2024-03-04 00:00:00+00:00,2024-03-05 00:00:00+00:00,35.96,31.77119105274125,30.583934676458348,-128.11025921512586,-129.85929767227643,-1.0136526025930017,atr_stop,1
ETCUSDT,1,2024-03-06 00:00:00+00:00,2024-03-15 00:00:00+00:00,37.3,31.973549925098975,23.864815721376548,-127.1147494866252,-128.4882266650825,-1.0108050181745574,atr_stop,9
ETCUSDT,-1,2024-06-13 00:00:00+00:00,2024-07-20 00:00:00+00:00,25.31,23.92,-39.15673077813627,54.4278557816093,52.74192358122587,0.4183908123868397,channel_exit,37
PENDLEUSDT,-1,2024-07-08 00:00:00+00:00,2024-07-15 00:00:00+00:00,3.339,4.35525950362189,-92.25005981826533,-93.75,-94.47319130951973,-1.0077140406348772,atr_stop,7
SEIUSDT,1,2024-03-15 00:00:00+00:00,2024-03-17 00:00:00+00:00,1.0534,0.8413045043468556,474.5781742376983,-100.65589309110892,-101.37456965128051,-1.0071399352596382,atr_stop,2
SEIUSDT,-1,2024-04-09 00:00:00+00:00,2024-05-20 00:00:00+00:00,0.6849,0.5802,-665.632857414365,69.69176017128396,68.99659984031469,0.6907291840649353,channel_exit,41
ARUSDT,1,2024-05-15 00:00:00+00:00,2024-06-07 00:00:00+00:00,43.777,34.82117639812061,10.468048966521234,-93.75,-94.40611760329332,-1.0069985877684622,atr_stop,23
TIAUSDT,-1,2024-06-13 00:00:00+00:00,2024-07-09 00:00:00+00:00,7.86,7.252,-51.44736099969374,31.279995487813824,30.608422216268224,0.3252425862730827,channel_exit,26
TIAUSDT,-1,2024-08-04 00:00:00+00:00,2024-08-10 00:00:00+00:00,4.72,5.959567323699785,-76.10431019875159,-94.33641611508479,-95.15280388354053,-1.008654004488148,atr_stop,6
TIAUSDT,-1,2024-08-30 00:00:00+00:00,2024-09-17 00:00:00+00:00,4.513,5.227,-86.4577999242445,-61.73086914591061,-62.54431600227786,-0.668334926404598,channel_exit,18
ORDIUSDT,1,2024-03-02 00:00:00+00:00,2024-03-05 00:00:00+00:00,80.632,66.42886069843013,6.550289027533316,-93.03466752360038,-93.81789835082041,-1.0084186986213646,atr_stop,3
ORDIUSDT,-1,2024-04-03 00:00:00+00:00,2024-04-06 00:00:00+00:00,57.596,71.88855242523873,-6.457102583727786,-92.28847719307385,-93.12402235676367,-1.0090536239095353,atr_stop,3
ORDIUSDT,-1,2024-04-13 00:00:00+00:00,2024-05-20 00:00:00+00:00,46.585,43.79,-5.08448736592653,14.211142187764661,13.8103727246076,0.15077577260868327,channel_exit,37
ORDIUSDT,1,2024-06-07 00:00:00+00:00,2024-06-13 00:00:00+00:00,58.59,48.38344220076559,8.985575734791402,-91.71179809654664,-92.49435364811544,-1.0085327686056813,atr_stop,6
ORDIUSDT,-1,2024-07-04 00:00:00+00:00,2024-07-16 00:00:00+00:00,30.57,39.0524680078437,-10.729359696650793,-91.01145037148794,-91.76566472882452,-1.0082870271186544,atr_stop,12
ORDIUSDT,-1,2024-08-04 00:00:00+00:00,2024-08-23 00:00:00+00:00,27.66,34.953055888733104,-12.385562229840836,-90.32859755561103,-91.10784140351043,-1.0086267679227463,atr_stop,19
CRVUSDT,-1,2024-06-28 00:00:00+00:00,2024-08-12 00:00:00+00:00,0.2793,0.3036,-1319.9874420750173,-32.075694842422905,-32.79704157976806,-0.35267788677197115,channel_exit,45
CRVUSDT,1,2024-08-20 00:00:00+00:00,2024-08-30 00:00:00+00:00,0.3303,0.2743520934400131,1658.1866713743411,-92.77207294906731,-93.59094152135789,-1.0088266710687832,atr_stop,10
LDOUSDT,-1,2024-07-05 00:00:00+00:00,2024-07-17 00:00:00+00:00,1.58,2.0234469617179984,-206.81174775461375,-91.71004118937253,-92.46329187412752,-1.008213393811476,atr_stop,12
LDOUSDT,-1,2024-07-25 00:00:00+00:00,2024-09-20 00:00:00+00:00,1.522,1.114,-259.55262336448817,105.89747033271115,105.37701541234068,1.1576840258719803,channel_exit,57
JUPUSDT,1,2024-03-30 00:00:00+00:00,2024-04-12 00:00:00+00:00,1.4997,1.1350685216068115,257.1089046209766,-93.75,-94.27530520366814,-1.0056032555057934,atr_stop,13
ETHFIUSDT,-1,2024-05-14 00:00:00+00:00,2024-05-21 00:00:00+00:00,3.3,4.198,-63.329289282703535,-56.86970177586781,-57.34824321740363,-0.611714594318972,channel_exit,7
ETHFIUSDT,-1,2024-06-23 00:00:00+00:00,2024-08-23 00:00:00+00:00,3.224,1.642,-104.13266641578149,164.73787826976636,164.43010376090788,1.761979024453652,channel_exit,61
GALAUSDT,1,2024-03-09 00:00:00+00:00,2024-04-12 00:00:00+00:00,0.05628,0.04719409454877771,10973.394832334357,-99.70322792552122,-100.63541090535008,-1.0093495767311085,atr_stop,34
GALAUSDT,-1,2024-06-08 00:00:00+00:00,2024-08-23 00:00:00+00:00,0.03792,0.0214,-12703.671168896586,209.86464771017165,209.37530229674576,2.1200479257211766,channel_exit,76
ARKMUSDT,1,2024-03-01 00:00:00+00:00,2024-03-05 00:00:00+00:00,2.6786,2.24758673164292,217.5107053139054,-93.75,-94.62997351545688,-1.0093863841648734,atr_stop,4
ARKMUSDT,1,2024-03-09 00:00:00+00:00,2024-03-10 00:00:00+00:00,3.9833,3.2585653537743005,128.311840467868,-92.9920363080487,-93.74463884013839,-1.0080931933740713,atr_stop,1
NOTUSDT,-1,2024-08-05 00:00:00+00:00,2024-09-25 00:00:00+00:00,0.00955,0.008445,-21342.28795644238,23.58322819186883,23.25880407264295,0.24809391010819146,channel_exit,51
ENSUSDT,1,2024-06-30 00:00:00+00:00,2024-07-03 00:00:00+00:00,30.69,25.297990239596402,17.386837963175847,-93.75,-94.54173370276176,-1.0084451594961255,atr_stop,3
ENSUSDT,-1,2024-08-04 00:00:00+00:00,2024-08-23 00:00:00+00:00,18.55,21.79,-19.007855389748087,-61.58545146278377,-62.33097756688047,-0.6699535011591138,channel_exit,19
JASMYUSDT,1,2024-06-01 00:00:00+00:00,2024-06-18 00:00:00+00:00,0.036002,0.030769383265288122,17656.72877972125,-92.39089449303823,-93.36881047210031,-1.0105845493154713,atr_stop,17
JASMYUSDT,-1,2024-08-05 00:00:00+00:00,2024-08-24 00:00:00+00:00,0.01905,0.02336,-14440.994162045528,-62.24068483841619,-62.847899760941885,-0.6856143920745951,channel_exit,19
BOMEUSDT,-1,2024-06-18 00:00:00+00:00,2024-07-29 00:00:00+00:00,0.008402,0.010191,-31661.97966711413,-56.6432816244672,-57.224082647084806,-0.6103902149022379,channel_exit,41
BOMEUSDT,-1,2024-08-04 00:00:00+00:00,2024-08-23 00:00:00+00:00,0.006985,0.007798,-43249.967511374714,-35.16222358674766,-35.769297430724315,-0.3832076459556237,channel_exit,19
TRBUSDT,1,2024-05-12 00:00:00+00:00,2024-05-16 00:00:00+00:00,132.39,105.75481121221506,4.1184483951637,-109.69565051793501,-110.47963283646702,-1.0071468860873736,atr_stop,4
RUNEUSDT,1,2024-03-07 00:00:00+00:00,2024-04-03 00:00:00+00:00,6.969,7.324,97.05928903788507,34.456047608449154,33.176495589204904,0.3357887953994173,channel_exit,27
RUNEUSDT,-1,2024-04-13 00:00:00+00:00,2024-05-08 00:00:00+00:00,4.949,5.715,-56.39635957678618,-43.19961143581821,-43.779760786784614,-0.44303223739094044,channel_exit,25
RUNEUSDT,-1,2024-06-13 00:00:00+00:00,2024-07-18 00:00:00+00:00,4.756,4.526,-112.3539873008464,25.84141707919472,24.926091615452183,0.25305114747411145,channel_exit,35
RUNEUSDT,-1,2024-08-04 00:00:00+00:00,2024-08-16 00:00:00+00:00,3.204,3.882838387898179,-145.42128977362123,-98.71755391599893,-99.73391917543016,-1.0102956892580226,atr_stop,12
ALTUSDT,-1,2024-04-13 00:00:00+00:00,2024-05-26 00:00:00+00:00,0.41031,0.3671,-576.8255395502524,24.92463156396642,24.543476783942406,0.2617970856953857,channel_exit,43
BTCUSDT,-1,2024-09-06 00:00:00+00:00,2024-09-13 00:00:00+00:00,53962.97,59360.46369528673,-0.021985020749204963,-118.66401088458169,-121.01308473142363,-1.019796009163442,atr_stop,7
BTCUSDT,1,2024-09-26 00:00:00+00:00,2024-10-01 00:00:00+00:00,65173.99,60560.30047708168,0.02552170886880581,-117.74924081498095,-120.53132505899121,-1.0236271947466884,atr_stop,5
BTCUSDT,1,2024-11-06 00:00:00+00:00,2024-12-22 00:00:00+00:00,75571.99,95186.27,0.024103581712995852,472.77440072158026,468.64460665515975,4.011217101615581,channel_exit,46
BTCUSDT,1,2025-01-21 00:00:00+00:00,2025-02-02 00:00:00+00:00,106143.82,97423.60469167649,0.013760261103290095,-119.99243951943893,-122.40547314816507,-1.0201098805757276,atr_stop,12
BTCUSDT,-1,2025-02-24 00:00:00+00:00,2025-04-21 00:00:00+00:00,91552.88,87516.23,-0.01768189464309927,71.37562001106681,68.59020504590858,0.5761650534065422,channel_exit,56
ETHUSDT,-1,2024-09-06 00:00:00+00:00,2024-09-20 00:00:00+00:00,2225.23,2520.1635598634616,-0.4068315960175596,-119.98829087839253,-121.83379877230472,-1.0153807332399007,atr_stop,14
ETHUSDT,1,2024-11-07 00:00:00+00:00,2024-12-19 00:00:00+00:00,2895.47,3417.01,0.48687492504895463,253.924748410032,250.93016673227726,2.1071930801455983,channel_exit,42
ETHUSDT,-1,2025-01-28 00:00:00+00:00,2025-04-26 00:00:00+00:00,3077.72,1820.88,-0.31977710608618504,401.9086580133607,400.86056168688634,3.321643685272341,channel_exit,88
SOLUSDT,-1,2024-09-01 00:00:00+00:00,2024-09-19 00:00:00+00:00,128.5,142.89,-8.185924839924187,-117.79545844650895,-119.90089468718713,-0.746577351468683,channel_exit,18
SOLUSDT,1,2024-11-06 00:00:00+00:00,2024-12-09 00:00:00+00:00,186.59,216.63,8.39206911189504,252.09775612132694,248.82540304424927,1.5580033379982134,channel_exit,33
SOLUSDT,1,2025-01-18 00:00:00+00:00,2025-01-20 00:00:00+00:00,261.97,230.64925384677701,5.149330615962024,-161.28087708156605,-163.41871775745366,-1.0132553884538118,atr_stop,2
SOLUSDT,-1,2025-02-17 00:00:00+00:00,2025-04-17 00:00:00+00:00,177.53,134.83,-4.859970279034455,207.52073091477115,206.34124528787117,1.289154586692759,channel_exit,59
WLDUSDT,-1,2024-09-01 00:00:00+00:00,2024-09-18 00:00:00+00:00,1.401,1.559,-272.97019496474934,-43.129290804430376,-43.89529976554046,-0.4483889668760359,channel_exit,17
WLDUSDT,1,2024-09-25 00:00:00+00:00,2024-10-01 00:00:00+00:00,2.106,1.7948660005645498,313.5701765019031,-97.5623431187171,-98.57541272618681,-1.0103838179269329,atr_stop,6
WLDUSDT,1,2024-11-11 00:00:00+00:00,2024-11-20 00:00:00+00:00,2.492,2.080741780669232,235.4111318880348,-96.81476291091374,-97.69645651087107,-1.0091070160525895,atr_stop,9
WLDUSDT,1,2024-11-24 00:00:00+00:00,2024-12-18 00:00:00+00:00,2.549,2.413,199.55588793176304,-27.139600758719798,-28.006351802362616,-0.2915499990259638,channel_exit,24
WLDUSDT,-1,2025-01-13 00:00:00+00:00,2025-03-27 00:00:00+00:00,1.961,0.948,-188.35530828936837,190.80392729713017,190.4825177990652,1.9889647723066393,channel_exit,73
XRPUSDT,1,2024-11-12 00:00:00+00:00,2024-11-13 00:00:00+00:00,0.704,0.6419719108311193,1521.414020741135,-94.37040454131642,-96.12847366022521,-1.018629454090547,atr_stop,1
XRPUSDT,1,2024-11-14 00:00:00+00:00,2024-12-22 00:00:00+00:00,0.7736,2.2031,1131.6593475885459,1617.7070373778263,1613.219351702216,17.226929092368497,channel_exit,38
XRPUSDT,1,2025-01-15 00:00:00+00:00,2025-01-27 00:00:00+00:00,3.1429,2.7406579238161957,262.18358706724973,-105.46127040324777,-106.75467034895051,-1.0122642173829048,atr_stop,12
XRPUSDT,-1,2025-02-26 00:00:00+00:00,2025-03-02 00:00:00+00:00,2.1982,2.6263900024177014,-244.3904706228763,-104.6455562068726,-105.80091264658674,-1.0110406641389542,atr_stop,4
BNBUSDT,1,2024-09-23 00:00:00+00:00,2024-10-01 00:00:00+00:00,604.5,558.4838061142777,2.9131601111199945,-134.05254049344987,-136.98105543747133,-1.0218460234564861,atr_stop,8
BNBUSDT,1,2024-11-09 00:00:00+00:00,2025-01-19 00:00:00+00:00,624.66,683.19,3.1763576322253053,185.9122122141474,182.00611182677937,1.3682241404167448,channel_exit,71
BNBUSDT,-1,2025-02-02 00:00:00+00:00,2025-02-12 00:00:00+00:00,617.8,672.6853576782944,-2.444182780652866,-134.14984614726083,-137.1093448897231,-1.0220611415328313,atr_stop,10
NEARUSDT,1,2024-09-23 00:00:00+00:00,2024-10-03 00:00:00+00:00,5.177,4.488979718012519,130.32942162489476,-89.66928541762532,-90.72236845222734,-1.0117440774697535,atr_stop,10
NEARUSDT,-1,2024-11-03 00:00:00+00:00,2024-11-07 00:00:00+00:00,3.688,4.303243052305932,-144.61948694534135,-88.9761345711697,-90.09633361553576,-1.0125898821045103,atr_stop,4
NEARUSDT,1,2024-11-11 00:00:00+00:00,2024-12-17 00:00:00+00:00,5.562,6.384,124.79426204039619,102.58088339720568,101.14684757324709,1.1454437433048095,channel_exit,36
NEARUSDT,-1,2025-01-13 00:00:00+00:00,2025-01-17 00:00:00+00:00,4.751,5.701246147943798,-93.60047512877885,-88.94349093683134,-89.90404176372392,-1.0107995629222017,atr_stop,4
NEARUSDT,-1,2025-01-27 00:00:00+00:00,2025-03-02 00:00:00+00:00,4.639,3.554,-97.31581970925338,105.58766438453995,104.96511562269592,1.1891583349688926,channel_exit,34
DOGEUSDT,-1,2024-09-06 00:00:00+00:00,2024-09-13 00:00:00+00:00,0.09254,0.10594229402218583,-8711.978880508907,-116.76050247165374,-118.42184312218684,-1.0142286185427853,atr_stop,7
DOGEUSDT,1,2024-09-26 00:00:00+00:00,2024-10-01 00:00:00+00:00,0.11818,0.10656816362199822,9979.123499983758,-115.87594927768373,-117.79017163639445,-1.01651958297337,atr_stop,5
DOGEUSDT,1,2024-11-06 00:00:00+00:00,2024-12-18 00:00:00+00:00,0.19646,0.35824,4383.81791042891,709.2140615491891,706.3872354783714,6.143466236929455,channel_exit,42
DOGEUSDT,-1,2025-02-01 00:00:00+00:00,2025-04-22 00:00:00+00:00,0.30792,0.17863,-2042.1118118319444,264.02463615175213,263.36802777244657,2.195817225805888,channel_exit,80
ENAUSDT,-1,2024-09-05 00:00:00+00:00,2024-09-19 00:00:00+00:00,0.208,0.248,-1421.8058086892888,-56.87223234757156,-57.50692646057046,-0.6080771330688224,channel_exit,14
ENAUSDT,1,2024-11-06 00:00:00+00:00,2025-01-09 00:00:00+00:00,0.4856,0.9013,1033.2771286206664,429.53330236761104,427.8569755507646,4.5447775636813015,channel_exit,64
ENAUSDT,-1,2025-01-26 00:00:00+00:00,2025-04-24 00:00:00+00:00,0.7764,0.3566,-411.654612100325,172.81260615971644,172.54837329730148,1.7683411564483522,channel_exit,88
SUIUSDT,1,2024-09-12 00:00:00+00:00,2024-10-25 00:00:00+00:00,1.0395,1.752,618.2688074149121,440.5165252831248,438.56675277206114,4.331318744292119,channel_exit,43
SUIUSDT,1,2024-11-09 00:00:00+00:00,2025-01-23 00:00:00+00:00,2.7477,4.3023,250.41952966330723,389.30220081457736,387.36291691813057,3.7055249036826523,channel_exit,75
SUIUSDT,-1,2025-01-28 00:00:00+00:00,2025-03-27 00:00:00+00:00,3.6528,2.7811,-131.19984887291756,114.36690826252226,113.71012444306142,1.0596736452548454,channel_exit,58
ADAUSDT,1,2024-09-26 00:00:00+00:00,2024-10-01 00:00:00+00:00,0.4014,0.36446900685369993,3541.38150842388,-130.78673621603605,-133.11003905831362,-1.0177640555112553,atr_stop,5
ADAUSDT,1,2024-11-07 00:00:00+00:00,2024-12-18 00:00:00+00:00,0.4065,0.9681,3299.7402640879263,1853.1341323117795,1847.384070922385,14.235436649171342,channel_exit,41
ADAUSDT,-1,2025-02-02 00:00:00+00:00,2025-03-02 00:00:00+00:00,0.8052,0.9737465745561941,-848.9479328471718,-143.08726605795266,-144.57525431280834,-1.0103991661581753,atr_stop,28
XLMUSDT,1,2024-11-20 00:00:00+00:00,2024-12-18 00:00:00+00:00,0.2474,0.3959,2533.970427050836,376.29460841704906,374.4888504113241,4.304768350445702,channel_exit,28
XLMUSDT,-1,2025-02-05 00:00:00+00:00,2025-03-02 00:00:00+00:00,0.3271,0.3511,-1043.4628976439117,-25.0431095434539,-25.7025572255069,-0.2866378920830386,channel_exit,25
FILUSDT,1,2024-12-02 00:00:00+00:00,2024-12-09 00:00:00+00:00,7.28,6.317921095305896,106.4739959082307,-102.43638536179516,-103.64723511052539,-1.0118205044472588,atr_stop,7
FILUSDT,-1,2025-01-27 00:00:00+00:00,2025-03-02 00:00:00+00:00,4.661,3.566,-114.12975051099909,124.97207680954398,124.23950076696397,1.222636903059399,channel_exit,34
BCHUSDT,-1,2024-09-03 00:00:00+00:00,2024-09-19 00:00:00+00:00,308.9,349.06270537709713,-2.1710840453093425,-87.19660886067537,-88.56072890749749,-1.0156441869087105,atr_stop,16
BCHUSDT,1,2024-11-21 00:00:00+00:00,2024-12-18 00:00:00+00:00,484.4,480.4,1.2587107047676522,-5.034842819070609,-6.123275139697293,-0.0707909706657091,channel_exit,27
LINKUSDT,-1,2024-11-04 00:00:00+00:00,2024-11-06 00:00:00+00:00,10.26,11.56713548856177,-78.30038838008488,-102.34921641977854,-103.97949658193755,-1.0159286042354494,atr_stop,2
LINKUSDT,1,2024-11-08 00:00:00+00:00,2024-12-22 00:00:00+00:00,13.69,22.08,69.96519910559005,587.0080204959004,584.2273236226478,5.751813646968634,channel_exit,44
LINKUSDT,-1,2025-02-05 00:00:00+00:00,2025-04-22 00:00:00+00:00,19.19,14.13,-21.557853510833358,109.0827387648168,108.53443631862226,1.0270554276074193,channel_exit,76
TAOUSDT,1,2024-09-19 00:00:00+00:00,2024-10-25 00:00:00+00:00,374.2,486.1,1.5437459466053518,172.74517142513892,171.39442459677818,1.8282071956989672,channel_exit,36
TAOUSDT,1,2024-11-30 00:00:00+00:00,2024-12-02 00:00:00+00:00,677.8,568.4046973333303,0.868162913429253,-94.97294467857084,-95.86118685904964,-1.009352581237583,atr_stop,2
TAOUSDT,-1,2025-01-09 00:00:00+00:00,2025-02-20 00:00:00+00:00,432.4,465.9,-0.9062099777726222,-30.358034255382844,-31.11800006694252,-0.3301751114043556,channel_exit,42
AVAXUSDT,1,2024-09-21 00:00:00+00:00,2024-10-03 00:00:00+00:00,27.79,24.67213196971053,35.54640079802276,-110.82898664001121,-112.40759652477789,-1.014243655316404,atr_stop,12
AVAXUSDT,-1,2024-11-04 00:00:00+00:00,2024-11-06 00:00:00+00:00,22.72,25.58412041100933,-38.39833582768288,-109.97745739285742,-111.74575515817348,-1.0160787292890343,atr_stop,2
AVAXUSDT,1,2024-11-10 00:00:00+00:00,2024-12-19 00:00:00+00:00,31.89,38.83,32.55156170506874,225.907838233177,223.6326793793629,2.0490160186665416,channel_exit,39
AVAXUSDT,-1,2025-01-27 00:00:00+00:00,2025-03-25 00:00:00+00:00,34.2,22.9,-17.628064551555166,199.19712943257346,198.47050061175835,1.7944498161222038,channel_exit,57
FETUSDT,1,2024-09-18 00:00:00+00:00,2024-10-09 00:00:00+00:00,1.452,1.343,449.2939985911321,-48.97304584643339,-50.0591691586276,-0.4749240311335626,channel_exit,21
FETUSDT,-1,2024-11-03 00:00:00+00:00,2024-11-06 00:00:00+00:00,1.143,1.3540631016450926,-497.49382153535083,-105.00258902252129,-106.21513747118865,-1.011547795725373,atr_stop,3
FETUSDT,1,2024-11-28 00:00:00+00:00,2024-12-18 00:00:00+00:00,1.677,1.432,366.8446902669043,-89.8769491153916,-90.82252798902357,-0.8715346076325667,channel_exit,20
FETUSDT,-1,2025-01-19 00:00:00+00:00,2025-04-18 00:00:00+00:00,1.174,0.504,-396.12161375230266,265.40148121404275,265.04211968604665,2.562075733658589,channel_exit,89
DOTUSDT,1,2024-11-16 00:00:00+00:00,2024-12-18 00:00:00+00:00,5.787,7.679,161.07494539765284,304.75379669235923,302.5273865820838,2.756076729260956,channel_exit,32
DOTUSDT,-1,2025-01-19 00:00:00+00:00,2025-03-24 00:00:00+00:00,6.247,4.62,-87.51904407727221,142.39348471372188,141.66567634317528,1.2663961731389692,channel_exit,64
LTCUSDT,1,2024-11-11 00:00:00+00:00,2024-11-12 00:00:00+00:00,80.03,73.53318958232715,13.891353214027518,-90.24948827646718,-92.08814419346305,-1.020373034264343,atr_stop,1
LTCUSDT,1,2024-11-14 00:00:00+00:00,2024-12-19 00:00:00+00:00,82.38,99.36,10.456768753442075,177.55593343344648,175.68576125543086,1.9618924248924412,channel_exit,35
LTCUSDT,1,2025-01-17 00:00:00+00:00,2025-01-19 00:00:00+00:00,137.04,118.6453924939047,4.929926702269566,-90.6840667220674,-91.73691028146992,-1.0116100170345175,atr_stop,2
AAVEUSDT,1,2024-12-16 00:00:00+00:00,2024-12-19 00:00:00+00:00,379.32,322.09207507066975,1.700650669304415,-97.32470883396829,-98.31068781945214,-1.0101308187540112,atr_stop,3
AAVEUSDT,1,2024-12-23 00:00:00+00:00,2024-12-31 00:00:00+00:00,383.53,312.0658334592641,1.3515027089843523,-96.58401467511341,-97.34317874985639,-1.0078601420462447,atr_stop,8
AAVEUSDT,-1,2025-02-02 00:00:00+00:00,2025-04-22 00:00:00+00:00,258.44,158.2,-1.4722887131690992,147.58222060807051,147.1629716741085,1.535405622839059,channel_exit,79
TRXUSDT,1,2024-11-12 00:00:00+00:00,2024-11-13 00:00:00+00:00,0.1873,0.1789667893002691,12242.122715611085,-102.0161880011489,-105.95986811508796,-1.0386573953723368,atr_stop,1
TRXUSDT,1,2024-11-15 00:00:00+00:00,2025-01-09 00:00:00+00:00,0.1912,0.2402,9015.321709961672,441.75076378812184,437.85289929360283,4.326021114409594,channel_exit,55
UNIUSDT,1,2024-11-06 00:00:00+00:00,2024-11-15 00:00:00+00:00,9.288,8.056058584272636,81.21048575077305,-100.04656078771431,-101.22418636327215,-1.0117707751899299,atr_stop,9
UNIUSDT,1,2024-11-19 00:00:00+00:00,2025-01-09 00:00:00+00:00,9.399,12.867,69.10087290022135,239.64182721796774,238.04140954107487,2.397983638528687,channel_exit,51
UNIUSDT,-1,2025-01-24 00:00:00+00:00,2025-04-23 00:00:00+00:00,12.464,6.033,-43.47032844033076,279.5576821997671,279.08562051510216,2.766552009161144,channel_exit,89
APTUSDT,1,2024-09-21 00:00:00+00:00,2024-10-01 00:00:00+00:00,8.25,7.262785807736387,96.41454132546285,-95.18180353708352,-96.44223222939989,-1.0132423283177787,atr_stop,10
APTUSDT,1,2024-11-10 00:00:00+00:00,2024-12-10 00:00:00+00:00,10.9,11.63,61.78872499113881,45.105769243531356,43.812284074566854,0.463910579399352,channel_exit,30
APTUSDT,-1,2024-12-31 00:00:00+00:00,2025-02-28 00:00:00+00:00,8.71,6.46,-43.880712268918806,98.73160260506735,98.22135768280437,1.0379860245172516,channel_exit,59
WIFUSDT,1,2024-09-25 00:00:00+00:00,2024-11-01 00:00:00+00:00,2.02,2.197,269.7748976219152,47.75015687907901,46.68330506894338,0.5019431097638345,channel_exit,37
WIFUSDT,1,2024-11-11 00:00:00+00:00,2024-12-09 00:00:00+00:00,3.125,2.587779542940001,173.68166832356988,-93.3053452397314,-94.11435500261996,-1.0086705618076859,atr_stop,28
WIFUSDT,-1,2024-12-21 00:00:00+00:00,2025-03-02 00:00:00+00:00,1.889,0.761,-120.61232413208754,136.05070162099474,135.8854868593986,1.469423685223824,channel_exit,71
OPUSDT,1,2024-11-22 00:00:00+00:00,2024-12-18 00:00:00+00:00,2.209,2.156,265.90273385027325,-14.092844894064465,-15.124760223590606,-0.15336156885767077,channel_exit,26
OPUSDT,-1,2025-02-24 00:00:00+00:00,2025-04-22 00:00:00+00:00,1.004,0.741,-390.66426531796117,102.74470177862379,102.2236337815427,1.0386161414739514,channel_exit,57
ARBUSDT,-1,2024-09-06 00:00:00+00:00,2024-09-19 00:00:00+00:00,0.4808,0.5564447499455243,-1222.404776721464,-92.46850366730959,-93.69286496387657,-1.0132408468614578,atr_stop,13
ARBUSDT,-1,2024-11-02 00:00:00+00:00,2024-11-07 00:00:00+00:00,0.5045,0.5714629218974941,-1370.5413012784422,-91.77545011479839,-93.18523448069598,-1.0153612361926219,atr_stop,5
ARBUSDT,1,2024-11-11 00:00:00+00:00,2024-11-13 00:00:00+00:00,0.6712,0.5943287476520638,1184.8671901398307,-91.08222477202906,-92.34978591187875,-1.0139166686257641,atr_stop,2
ARBUSDT,1,2024-11-16 00:00:00+00:00,2024-12-18 00:00:00+00:00,0.7251,0.8612,911.0789925874456,123.99785089115134,122.58553268000199,1.3563034624535881,channel_exit,32
ARBUSDT,-1,2025-01-19 00:00:00+00:00,2025-04-19 00:00:00+00:00,0.6982,0.3006,-624.3456200728295,248.23981854095706,247.90199761284805,2.7190917141944313,time_stop,90
HBARUSDT,1,2024-11-18 00:00:00+00:00,2024-11-20 00:00:00+00:00,0.1443,0.12608744211936165,5029.160834675845,-91.59388279257334,-92.73528803874541,-1.0124615881691241,atr_stop,2
HBARUSDT,1,2024-11-22 00:00:00+00:00,2025-02-02 00:00:00+00:00,0.14681,0.25326,3738.62268498043,397.9763848161667,396.27206637001007,4.359541037314055,channel_exit,72
HBARUSDT,-1,2025-02-02 00:00:00+00:00,2025-03-01 00:00:00+00:00,0.25326,0.25265,-1463.0253584207946,0.892445468636684,0.2271054263876593,0.0024241003558822393,channel_exit,27
PENDLEUSDT,1,2024-09-22 00:00:00+00:00,2024-11-04 00:00:00+00:00,4.089,4.111,147.16575213669358,3.237646547007164,2.1486494143460586,0.023092431167356247,channel_exit,43
SEIUSDT,1,2024-09-21 00:00:00+00:00,2024-10-25 00:00:00+00:00,0.391,0.3722,1751.2005278099343,-32.92256992282683,-34.095804228438375,-0.3397495347549123,channel_exit,34
SEIUSDT,1,2024-11-11 00:00:00+00:00,2024-11-13 00:00:00+00:00,0.5146,0.4416173352125989,1371.5466436530946,-100.09912893401882,-101.18938672702058,-1.0108917810235931,atr_stop,2
SEIUSDT,1,2024-11-16 00:00:00+00:00,2024-11-20 00:00:00+00:00,0.5427,0.45580097246955653,1143.0803985618481,-99.33257502413629,-100.27040590723198,-1.00944132257588,atr_stop,4
SEIUSDT,1,2024-11-24 00:00:00+00:00,2024-12-09 00:00:00+00:00,0.6623,0.5580290377288328,945.3081249523731,-98.56818783153668,-99.51770472152063,-1.009633096751325,atr_stop,15
TIAUSDT,1,2024-09-23 00:00:00+00:00,2024-09-30 00:00:00+00:00,6.649,5.547231814999972,84.42405644631641,-93.01573944119791,-93.85871510256456,-1.0090627206366463,atr_stop,7
TIAUSDT,1,2024-11-23 00:00:00+00:00,2024-12-09 00:00:00+00:00,7.125,5.900689227566621,75.43232657000499,-92.35261000936967,-93.15379489961312,-1.0086752815124789,atr_stop,16
ALGOUSDT,1,2024-12-03 00:00:00+00:00,2024-12-09 00:00:00+00:00,0.5061,0.41712163112676587,1070.304103856851,-95.23391335951118,-96.03751794799557,-1.0084382186989498,atr_stop,6
ORDIUSDT,1,2024-09-26 00:00:00+00:00,2024-10-01 00:00:00+00:00,39.06,33.289417852202135,15.535895572519234,-89.65116164083142,-90.5820872957906,-1.0103838660639863,atr_stop,5
ORDIUSDT,1,2024-11-11 00:00:00+00:00,2024-11-12 00:00:00+00:00,45.74,39.22937574816902,13.664672695809006,-88.96554944666677,-89.93045129005412,-1.0108457919878953,atr_stop,1
CRVUSDT,-1,2025-01-27 00:00:00+00:00,2025-03-23 00:00:00+00:00,0.7402,0.5031,-434.8813992173181,103.11037975442612,102.7165598569229,1.1157082811449361,channel_exit,55
LDOUSDT,-1,2025-02-08 00:00:00+00:00,2025-04-25 00:00:00+00:00,1.528,0.854,-187.42633111164227,126.3253471692469,126.03723541306208,1.3724284791089243,channel_exit,76
JUPUSDT,-1,2024-09-01 00:00:00+00:00,2024-09-19 00:00:00+00:00,0.705,0.8025,-659.0031530609556,-64.25280742344319,-65.20473747803973,-0.7010480255639171,channel_exit,18
JUPUSDT,1,2024-11-08 00:00:00+00:00,2024-11-26 00:00:00+00:00,1.1123,1.0331,576.1150639550425,-45.62831306523946,-46.699645115868975,-0.5048328527663628,channel_exit,18
JUPUSDT,-1,2025-02-18 00:00:00+00:00,2025-04-22 00:00:00+00:00,0.7206,0.4404,-405.4826629642479,113.61624216258225,113.29480794599723,1.2295995016510028,channel_exit,63
GALAUSDT,-1,2025-01-19 00:00:00+00:00,2025-04-19 00:00:00+00:00,0.03324,0.01533,-11673.49859425359,209.07235982308177,208.75024130287193,2.0802729824356985,time_stop,90
ARKMUSDT,1,2024-11-06 00:00:00+00:00,2024-12-09 00:00:00+00:00,2.124,1.7886295695806873,275.16548825618645,-92.2823682330176,-93.16827266489923,-1.0095999316970787,atr_stop,33
SANDUSDT,1,2024-12-04 00:00:00+00:00,2024-12-09 00:00:00+00:00,0.9345,0.7695578144654818,568.1697546705676,-93.71516108997447,-94.50219214434388,-1.0083981187805224,atr_stop,5
SAGAUSDT,1,2024-09-17 00:00:00+00:00,2024-10-24 00:00:00+00:00,1.9347,2.3273,249.42221032768532,97.92315977464928,96.87829521647716,1.0333684823090896,channel_exit,37
GMTUSDT,-1,2025-01-24 00:00:00+00:00,2025-03-24 00:00:00+00:00,0.1008,0.0543,-3286.1803904670255,152.80738815671668,152.48619688535243,1.638995700287105,channel_exit,59
NOTUSDT,-1,2024-11-02 00:00:00+00:00,2024-11-09 00:00:00+00:00,0.006314,0.007576522690429264,-74403.2588010769,-93.93580247824039,-94.95049483962723,-1.0108019768247776,atr_stop,7
BOMEUSDT,-1,2024-09-01 00:00:00+00:00,2024-09-19 00:00:00+00:00,0.005702,0.00716753523736984,-63512.26420717108,-93.07946120075249,-93.89886870583057,-1.0088033116490736,atr_stop,18
BOMEUSDT,1,2024-11-13 00:00:00+00:00,2024-11-21 00:00:00+00:00,0.011323,0.009071860321103704,41038.46856215597,-92.38332494140752,-93.05345639966572,-1.0072538140263214,atr_stop,8
RUNEUSDT,1,2024-09-24 00:00:00+00:00,2024-11-04 00:00:00+00:00,4.891,4.259019707673119,155.02885112086318,-97.97517865046368,-99.16366632839069,-1.0121304976862258,atr_stop,41
RUNEUSDT,1,2024-11-11 00:00:00+00:00,2024-11-13 00:00:00+00:00,6.573,5.615654816079282,101.49250655934536,-97.16336235863123,-98.18926674849193,-1.0105585517519873,atr_stop,2
RUNEUSDT,1,2024-12-03 00:00:00+00:00,2024-12-09 00:00:00+00:00,6.93,5.844168920663909,88.80106703745014,-96.422958467471,-97.35710165245472,-1.0096879747295748,atr_stop,6
RUNEUSDT,-1,2024-12-30 00:00:00+00:00,2025-02-25 00:00:00+00:00,4.541,1.465,-87.54595895399343,269.2913697424838,269.06051104872216,2.8125607234405954,channel_exit,57
BTCUSDT,1,2025-04-25 00:00:00+00:00,2025-06-05 00:00:00+00:00,94638.68,101508.68,0.01755398398917156,120.59587000560862,117.38848286734112,0.9813854216699691,channel_exit,41
BTCUSDT,1,2025-07-10 00:00:00+00:00,2025-07-31 00:00:00+00:00,116010.0,115764.08,0.021605965081169208,-5.313338932761094,-9.815489339001715,-0.08150232297522245,channel_exit,21
BTCUSDT,1,2025-08-12 00:00:00+00:00,2025-08-18 00:00:00+00:00,120134.08,114732.43824502813,0.022259705868148065,-120.23895667078106,-124.83599526274668,-1.0382325222976816,atr_stop,6
BTCUSDT,-1,2025-08-31 00:00:00+00:00,2025-09-10 00:00:00+00:00,108246.35,114299.1453614847,-0.019706439130309897,-119.27904335932017,-123.33341583060275,-1.033990652147243,atr_stop,10
ETHUSDT,1,2025-05-08 00:00:00+00:00,2025-06-05 00:00:00+00:00,2207.39,2414.01,0.5681674260365451,117.39475356767115,114.92594224104349,0.9288743768838125,channel_exit,28
ETHUSDT,1,2025-06-10 00:00:00+00:00,2025-06-13 00:00:00+00:00,2816.4,2538.401216810199,0.44794763660391573,-124.52889790863577,-126.5756253951165,-1.0164357632714487,atr_stop,3
ETHUSDT,1,2025-07-10 00:00:00+00:00,2025-09-22 00:00:00+00:00,2951.29,4199.08,0.45999793917371723,573.9808285215726,570.5040058580065,4.616664941753253,channel_exit,74
SOLUSDT,1,2025-05-08 00:00:00+00:00,2025-05-30 00:00:00+00:00,164.46,156.2,9.57790375267769,-79.11348499711791,-81.80640841622076,-0.5062395874085414,channel_exit,22
SOLUSDT,-1,2025-06-20 00:00:00+00:00,2025-06-30 00:00:00+00:00,140.11,157.97813495399333,-9.007714446653136,-160.9510573598335,-163.51249683109822,-1.0159143997764375,atr_stop,10
SOLUSDT,1,2025-07-18 00:00:00+00:00,2025-08-01 00:00:00+00:00,177.28,160.2183888788232,9.362116075196914,-159.73278374632787,-162.4327534236441,-1.016903040277593,atr_stop,14
SOLUSDT,1,2025-08-24 00:00:00+00:00,2025-09-25 00:00:00+00:00,205.98,192.74,6.876385897891635,-91.04334928808511,-93.42898760041246,-0.5895603445559975,channel_exit,32
WLDUSDT,-1,2025-04-02 00:00:00+00:00,2025-04-22 00:00:00+00:00,0.724,0.839,-517.9287256355007,-59.56180344808257,-60.343979409537305,-0.6206766310600874,channel_exit,20
WLDUSDT,1,2025-04-26 00:00:00+00:00,2025-04-30 00:00:00+00:00,1.216,1.0466009686407265,571.3198918324246,-96.78103627269762,-97.85733538664958,-1.011120971167526,atr_stop,4
WLDUSDT,1,2025-05-10 00:00:00+00:00,2025-05-17 00:00:00+00:00,1.255,1.0600183643533927,492.57519019789765,-96.04311626372473,-96.98296600910707,-1.009785706482093,atr_stop,7
WLDUSDT,1,2025-05-22 00:00:00+00:00,2025-05-30 00:00:00+00:00,1.514,1.2572704841778721,371.23837469996016,-95.30784819131446,-96.14799288330242,-1.00881506306072,atr_stop,8
WLDUSDT,-1,2025-06-21 00:00:00+00:00,2025-07-10 00:00:00+00:00,0.867,1.0701213977943413,-465.6557072806631,-94.58463815376093,-95.48159279921991,-1.0094830900975784,atr_stop,19
WLDUSDT,1,2025-07-22 00:00:00+00:00,2025-07-23 00:00:00+00:00,1.397,1.2017471030511067,480.7765006669915,-93.87300454018165,-94.91299372058654,-1.0110786821568039,atr_stop,1
XRPUSDT,-1,2025-03-09 00:00:00+00:00,2025-04-22 00:00:00+00:00,2.1387,2.2139,-210.68141017271444,-15.843242044988159,-16.68281167815463,-0.1606394240928331,channel_exit,44
XRPUSDT,1,2025-05-13 00:00:00+00:00,2025-05-17 00:00:00+00:00,2.5829,2.312304402432037,383.27467620286023,-103.71244003978042,-105.30768593780468,-1.015381432520654,atr_stop,4
XRPUSDT,-1,2025-06-21 00:00:00+00:00,2025-06-30 00:00:00+00:00,2.0632,2.2696043566926543,-498.6193570321525,-102.91720762272625,-104.95421121981889,-1.0197926434669689,atr_stop,9
XRPUSDT,1,2025-07-10 00:00:00+00:00,2025-08-02 00:00:00+00:00,2.5471,2.7695,490.62183071801365,109.1142951516862,106.66849626337384,1.0443279401889598,channel_exit,23
BNBUSDT,-1,2025-03-09 00:00:00+00:00,2025-03-16 00:00:00+00:00,554.65,622.5560965851657,-1.9602470392387865,-133.11272477733425,-135.30937951849828,-1.0165022145316198,atr_stop,7
BNBUSDT,1,2025-05-09 00:00:00+00:00,2025-06-05 00:00:00+00:00,666.29,629.6640167659452,3.6065946076941504,-132.09507363343815,-136.18277075898692,-1.03094511409935,atr_stop,27
BNBUSDT,1,2025-07-11 00:00:00+00:00,2025-10-09 00:00:00+00:00,689.99,1255.35,4.592074891185611,2596.1754604806965,2585.7990702943266,19.728007557631756,time_stop,90
NEARUSDT,-1,2025-03-03 00:00:00+00:00,2025-04-24 00:00:00+00:00,2.972,2.544,-124.86954264361351,53.444164251466574,52.87236164179294,0.5937276059863218,channel_exit,52
NEARUSDT,1,2025-05-10 00:00:00+00:00,2025-05-15 00:00:00+00:00,3.35,2.929656498664638,212.7960287859764,-89.4474278101578,-90.56958249367896,-1.0125454103152391,atr_stop,5
NEARUSDT,-1,2025-06-17 00:00:00+00:00,2025-07-03 00:00:00+00:00,2.14,2.275,-236.25998618015734,-31.89509813432119,-32.86258277772894,-0.37022553478882725,channel_exit,16
NEARUSDT,1,2025-07-19 00:00:00+00:00,2025-07-30 00:00:00+00:00,2.918,2.561362611022507,248.2091321283882,-88.52065680263793,-89.66501326598433,-1.0129275640814304,atr_stop,11
DOGEUSDT,1,2025-05-08 00:00:00+00:00,2025-05-30 00:00:00+00:00,0.19817,0.19357,5382.974603460829,-24.761683175919924,-26.637251485105367,-0.2184641939523762,channel_exit,22
DOGEUSDT,-1,2025-06-17 00:00:00+00:00,2025-07-09 00:00:00+00:00,0.16936,0.18053,-4646.57442952337,-51.90223637777597,-53.41215932494731,-0.4388868126772528,channel_exit,22
DOGEUSDT,1,2025-07-18 00:00:00+00:00,2025-08-01 00:00:00+00:00,0.2358,0.20778404387565816,4330.201016080592,-121.31472167609436,-122.93426569634264,-1.013349938060876,atr_stop,14
ENAUSDT,-1,2025-05-05 00:00:00+00:00,2025-05-08 00:00:00+00:00,0.2621,0.3266886214811127,-1529.362212548529,-98.779397053814,-99.678722473147,-1.0091043825550288,atr_stop,3
ENAUSDT,1,2025-05-13 00:00:00+00:00,2025-05-15 00:00:00+00:00,0.4545,0.3706763850547592,1169.4955257038962,-98.03134262678539,-98.81165049963553,-1.0079597795148114,atr_stop,2
ENAUSDT,-1,2025-06-21 00:00:00+00:00,2025-07-09 00:00:00+00:00,0.2501,0.2874,-1493.5304130654506,-55.70868440734131,-56.48131756062833,-0.5805429365063295,channel_exit,18
ENAUSDT,1,2025-07-19 00:00:00+00:00,2025-08-27 00:00:00+00:00,0.4338,0.6097,1424.4675301366308,250.56383855103334,249.0005424154096,2.5703532612297986,channel_exit,39
SUIUSDT,-1,2025-04-06 00:00:00+00:00,2025-04-13 00:00:00+00:00,1.9215,2.4164809395992832,-218.47139743535766,-108.13917757812177,-109.08945512007206,-1.0087875417885788,atr_stop,7
SUIUSDT,1,2025-04-24 00:00:00+00:00,2025-05-30 00:00:00+00:00,3.3437,3.1881,217.6548494049791,-33.86709456741479,-35.11612433311321,-0.3272013311824861,channel_exit,36
SUIUSDT,-1,2025-06-17 00:00:00+00:00,2025-07-09 00:00:00+00:00,2.8326,3.0726,-215.73687160582713,-51.77684918539856,-52.97002078645148,-0.49488326367033086,channel_exit,22
SUIUSDT,1,2025-07-15 00:00:00+00:00,2025-07-23 00:00:00+00:00,4.1014,3.617849527251926,220.55253409790365,-106.64828212882696,-108.08454871502353,-1.0134673204061704,atr_stop,8
SUIUSDT,1,2025-07-26 00:00:00+00:00,2025-07-31 00:00:00+00:00,4.1595,3.600609327139405,189.34090646495585,-105.82086661423426,-107.04800335512242,-1.0115963588293189,atr_stop,5
ADAUSDT,1,2025-03-02 00:00:00+00:00,2025-03-03 00:00:00+00:00,1.135,0.954624834218704,787.2805527360103,-142.0058602161482,-143.3586638369988,-1.0095263929164013,atr_stop,1
ADAUSDT,-1,2025-04-06 00:00:00+00:00,2025-04-22 00:00:00+00:00,0.5737,0.6794,-1150.000648628518,-121.55506856003439,-122.96142735325517,-0.8725008477297159,channel_exit,16
ADAUSDT,1,2025-05-08 00:00:00+00:00,2025-05-29 00:00:00+00:00,0.7693,0.7221,1485.682529891922,-70.12421541089876,-72.05527584960168,-0.5146528076188607,channel_exit,21
ADAUSDT,-1,2025-06-17 00:00:00+00:00,2025-07-09 00:00:00+00:00,0.609,0.6227,-1681.3315012509943,-23.034241567138697,-24.918778793630885,-0.17871056419202735,channel_exit,22
ADAUSDT,1,2025-07-17 00:00:00+00:00,2025-07-30 00:00:00+00:00,0.8216,0.7323546356138794,1560.5201397167336,-139.26918850089976,-141.32632598582242,-1.0147709447227042,atr_stop,13
ADAUSDT,1,2025-08-13 00:00:00+00:00,2025-09-01 00:00:00+00:00,0.9042,0.7983053758959151,1304.8215748869125,-138.17359019554965,-140.0485531356206,-1.0135696187485426,atr_stop,19
XLMUSDT,-1,2025-03-08 00:00:00+00:00,2025-04-22 00:00:00+00:00,0.2758,0.265,-1472.7834597500637,15.906061365300653,15.203543654999873,0.16993865948940157,channel_exit,45
XLMUSDT,1,2025-07-11 00:00:00+00:00,2025-08-01 00:00:00+00:00,0.3603,0.3822,2508.4682359923654,54.93545436823274,53.20972856059943,0.5941387464771953,channel_exit,21
TONUSDT,1,2025-03-31 00:00:00+00:00,2025-04-03 00:00:00+00:00,4.109,3.578845001074342,176.83507689257164,-93.75,-94.88915759571285,-1.0121510143542702,atr_stop,3
TONUSDT,-1,2025-06-18 00:00:00+00:00,2025-07-10 00:00:00+00:00,2.947,2.943,-288.5968679596461,1.1543874718385854,-0.37442557649084396,-0.004024434721627756,channel_exit,22
TONUSDT,1,2025-07-27 00:00:00+00:00,2025-08-25 00:00:00+00:00,3.375,3.115,285.6362999644149,-74.26543799074781,-75.86700072464829,-0.8153055263617237,channel_exit,29
FILUSDT,-1,2025-04-06 00:00:00+00:00,2025-04-23 00:00:00+00:00,2.376,2.789,-210.407675775277,-86.89837009518945,-87.9546587091165,-0.8575938989718801,channel_exit,17
BCHUSDT,-1,2025-04-06 00:00:00+00:00,2025-04-11 00:00:00+00:00,272.2,314.16035158929145,-2.0587397077758904,-86.38544196911153,-87.5496358718778,-1.0134767372398528,atr_stop,5
BCHUSDT,1,2025-05-07 00:00:00+00:00,2025-06-05 00:00:00+00:00,383.5,385.0,1.9347855862586214,2.902178379387932,1.5613719681107072,0.018213695922764322,channel_exit,29
BCHUSDT,1,2025-06-19 00:00:00+00:00,2025-06-22 00:00:00+00:00,497.1,445.8469838420406,1.6735732973247435,-85.77567924931455,-87.11876294164601,-1.0156580945098397,atr_stop,3
BCHUSDT,1,2025-06-27 00:00:00+00:00,2025-08-25 00:00:00+00:00,504.8,543.6,1.5985517898401558,62.023809445798065,60.45965849047527,0.7102595243341512,channel_exit,59
LINKUSDT,1,2025-05-08 00:00:00+00:00,2025-05-29 00:00:00+00:00,15.88,15.05,57.49318030511203,-47.71933965324298,-49.27682990770847,-0.4626763550547647,channel_exit,21
LINKUSDT,-1,2025-06-20 00:00:00+00:00,2025-07-08 00:00:00+00:00,12.51,13.96,-59.82089266003893,-86.74029435705651,-88.24347374781797,-0.831625559839925,channel_exit,18
LINKUSDT,1,2025-07-17 00:00:00+00:00,2025-08-01 00:00:00+00:00,18.0,16.218718569267228,59.20530558921033,-105.46131144691957,-107.18973298740552,-1.0163891527307234,atr_stop,15
LINKUSDT,1,2025-08-08 00:00:00+00:00,2025-09-05 00:00:00+00:00,19.89,22.28,44.892175014144044,107.29229828380429,105.49194249703706,1.0082726488781337,channel_exit,28
TAOUSDT,-1,2025-03-03 00:00:00+00:00,2025-04-18 00:00:00+00:00,295.5,274.5,-0.9893448772934681,20.77624242316283,20.28740711929213,0.21574489741581104,channel_exit,46
TAOUSDT,1,2025-04-24 00:00:00+00:00,2025-05-30 00:00:00+00:00,357.7,376.6,1.6875560307844995,31.894808981827097,30.750848499678902,0.3265431075585053,channel_exit,36
TAOUSDT,-1,2025-06-20 00:00:00+00:00,2025-07-10 00:00:00+00:00,340.6,375.7,-1.4626906393900805,-51.340441442591775,-52.32960061438571,-0.5543671283596788,channel_exit,20
TAOUSDT,1,2025-07-22 00:00:00+00:00,2025-07-29 00:00:00+00:00,452.0,393.8114276053438,1.6155941666664706,-94.00911812745619,-95.15434912882661,-1.0121821268423956,atr_stop,7
AVAXUSDT,-1,2025-04-06 00:00:00+00:00,2025-04-11 00:00:00+00:00,16.04,19.37035858493798,-33.65522639406886,-112.0839721495185,-113.25741699583719,-1.0104693367286568,atr_stop,5
AVAXUSDT,1,2025-05-09 00:00:00+00:00,2025-05-30 00:00:00+00:00,23.27,20.44429871925529,39.3622530980069,-111.22596899203552,-112.67448958111297,-1.0130232229236067,atr_stop,21
AVAXUSDT,-1,2025-06-05 00:00:00+00:00,2025-06-09 00:00:00+00:00,18.75,21.891437566723763,-35.13172501161425,-110.36412073529382,-111.74847187175934,-1.0125434890183727,atr_stop,4
AVAXUSDT,-1,2025-06-17 00:00:00+00:00,2025-07-09 00:00:00+00:00,18.58,19.5,-38.16310186149169,-35.11005371257242,-36.44957858791078,-0.3327979877836835,channel_exit,22
AVAXUSDT,1,2025-07-17 00:00:00+00:00,2025-08-01 00:00:00+00:00,23.91,21.340586790738534,42.52196564554598,-109.2565002134281,-110.88989887049694,-1.0149501279455049,atr_stop,15
AVAXUSDT,1,2025-08-23 00:00:00+00:00,2025-09-01 00:00:00+00:00,26.26,22.934464555579364,32.595380784943956,-108.3970941247185,-109.74269781423675,-1.0124136509413253,atr_stop,9
FETUSDT,1,2025-04-25 00:00:00+00:00,2025-05-06 00:00:00+00:00,0.751,0.6406003096498946,955.0650523845782,-105.43888604746466,-106.5401529903927,-1.0104445995610414,atr_stop,11
FETUSDT,1,2025-05-09 00:00:00+00:00,2025-05-19 00:00:00+00:00,0.828,0.7044988265689431,847.2683591953373,-104.6386365716303,-105.7130557883461,-1.0102679015315754,atr_stop,10
FETUSDT,1,2025-05-28 00:00:00+00:00,2025-05-30 00:00:00+00:00,0.914,0.7636456765652219,690.6051273048076,-103.8354666765032,-104.78474639192737,-1.0091421529252778,atr_stop,2
FETUSDT,-1,2025-06-20 00:00:00+00:00,2025-07-03 00:00:00+00:00,0.647,0.723,-800.6442460934032,-60.848962703098614,-61.89092112496457,-0.6005980721388884,channel_exit,13
DOTUSDT,-1,2025-04-06 00:00:00+00:00,2025-04-23 00:00:00+00:00,3.683,4.093,-194.1291955816706,-79.59297018848497,-81.02319762401336,-0.7173702293425256,channel_exit,17
DOTUSDT,1,2025-05-09 00:00:00+00:00,2025-05-29 00:00:00+00:00,4.799,4.332,231.84702201374301,-108.27255928041811,-110.08040961927247,-0.9799027460307682,channel_exit,20
DOTUSDT,-1,2025-06-18 00:00:00+00:00,2025-07-09 00:00:00+00:00,3.622,3.62,-237.93129076561598,0.47586258153117955,-1.0744977090975745,-0.009638156250238299,channel_exit,21
LTCUSDT,-1,2025-03-09 00:00:00+00:00,2025-04-25 00:00:00+00:00,94.62,86.28,-3.9627794218412555,33.04958037815609,32.43414488282645,0.3604059496056709,channel_exit,47
LTCUSDT,1,2025-05-08 00:00:00+00:00,2025-05-29 00:00:00+00:00,94.99,93.21,8.43062546339459,-15.006513324842379,-16.420986803839796,-0.18194413997080314,channel_exit,21
LTCUSDT,-1,2025-06-20 00:00:00+00:00,2025-07-03 00:00:00+00:00,82.91,91.57890612479532,-10.394050940891908,-90.1050518629325,-91.8184283306026,-1.019015320808832,atr_stop,13
LTCUSDT,1,2025-07-17 00:00:00+00:00,2025-08-25 00:00:00+00:00,101.6,109.13,10.330695555317524,77.79013753154096,75.76083768082772,0.8471812430712512,channel_exit,39
AAVEUSDT,1,2025-05-08 00:00:00+00:00,2025-06-21 00:00:00+00:00,206.28,234.74,3.599319981563712,102.43664667530328,100.9158188048532,1.040751991323478,channel_exit,44
AAVEUSDT,1,2025-07-10 00:00:00+00:00,2025-07-29 00:00:00+00:00,308.76,282.35,2.5227451815872377,-66.62570024571886,-67.90783502935695,-0.6952714091192207,channel_exit,19
AAVEUSDT,1,2025-08-13 00:00:00+00:00,2025-08-15 00:00:00+00:00,332.15,294.501173880241,2.5799295152468553,-97.13131772076285,-98.49894380814611,-1.0140801763990783,atr_stop,2
AAVEUSDT,1,2025-08-22 00:00:00+00:00,2025-09-01 00:00:00+00:00,345.61,303.98093443241004,2.3154520376840484,-96.39010469535907,-97.6570405886466,-1.0131438377133386,atr_stop,10
TRXUSDT,-1,2025-03-14 00:00:00+00:00,2025-03-19 00:00:00+00:00,0.2224,0.24293928691241945,-5067.702856497084,-104.08700295648129,-106.30306236931587,-1.0212904526971645,atr_stop,5
TRXUSDT,1,2025-04-13 00:00:00+00:00,2025-06-22 00:00:00+00:00,0.2547,0.2635,5916.591693889386,52.066006906226775,49.25976746581504,0.4771338049271681,channel_exit,70
TRXUSDT,1,2025-07-10 00:00:00+00:00,2025-09-01 00:00:00+00:00,0.2939,0.3373,8495.706354754497,368.7136557963451,363.55557264011946,3.5109905251779545,channel_exit,53
UNIUSDT,1,2025-05-10 00:00:00+00:00,2025-05-12 00:00:00+00:00,7.555,6.615135694404449,109.58621226467879,-102.99616929298895,-104.30103908884894,-1.0126691099758096,atr_stop,2
UNIUSDT,1,2025-06-10 00:00:00+00:00,2025-06-13 00:00:00+00:00,8.665,7.435582956890477,83.13737411492332,-102.21050465625913,-103.32321937194833,-1.0108865005552152,atr_stop,3
UNIUSDT,1,2025-07-11 00:00:00+00:00,2025-08-29 00:00:00+00:00,8.692,9.633,80.37414957874034,75.63207475359458,74.23843522438897,0.7319057166823904,channel_exit,49
APTUSDT,-1,2025-03-10 00:00:00+00:00,2025-04-22 00:00:00+00:00,5.199,5.266,-72.01790180331926,-4.825199420822403,-5.507842708435706,-0.057750368199617014,channel_exit,43
APTUSDT,1,2025-05-10 00:00:00+00:00,2025-05-15 00:00:00+00:00,6.076,5.36459212368103,134.00494334540346,-95.33217216159733,-96.62615951608646,-1.0135734592546124,atr_stop,5
APTUSDT,-1,2025-06-05 00:00:00+00:00,2025-06-11 00:00:00+00:00,4.485,5.1951672153067685,-133.20878463709155,-94.6005116401223,-95.84618707944976,-1.0131677452661803,atr_stop,6
APTUSDT,-1,2025-06-14 00:00:00+00:00,2025-06-24 00:00:00+00:00,4.459,5.1174823047594415,-142.57998693946695,-93.88639841247132,-95.19976942078732,-1.013988938020031,atr_stop,10
APTUSDT,1,2025-07-21 00:00:00+00:00,2025-07-23 00:00:00+00:00,5.406,4.76058445306491,144.36819571537058,-93.177477997668,-94.41457657613932,-1.0132767982677346,atr_stop,2
WIFUSDT,-1,2025-03-07 00:00:00+00:00,2025-04-22 00:00:00+00:00,0.534,0.5,-418.41550998030846,14.2261273393305,13.849553380348222,0.14810376164199293,channel_exit,46
WIFUSDT,1,2025-05-08 00:00:00+00:00,2025-05-30 00:00:00+00:00,0.692,0.887,726.8370154115192,141.7332180052463,140.57275002644027,1.501617768585811,channel_exit,22
WIFUSDT,1,2025-07-20 00:00:00+00:00,2025-07-25 00:00:00+00:00,1.212,0.9928419311889789,431.94442122975073,-94.66410519040637,-95.43603975041847,-1.0081544589520963,atr_stop,5
WIFUSDT,-1,2025-08-25 00:00:00+00:00,2025-09-12 00:00:00+00:00,0.777,0.951,-482.341615532358,-83.92744110263025,-84.75311348009855,-0.9021592800680956,channel_exit,18
OPUSDT,-1,2025-06-05 00:00:00+00:00,2025-06-10 00:00:00+00:00,0.59,0.7239333914005588,-740.6888314801034,-99.20296717264725,-100.16814405258988,-1.0097293146309112,atr_stop,5
OPUSDT,-1,2025-06-16 00:00:00+00:00,2025-07-10 00:00:00+00:00,0.583,0.658,-823.1425027143944,-61.735687703579636,-62.71061768379457,-0.6369538075540706,channel_exit,24
OPUSDT,1,2025-07-20 00:00:00+00:00,2025-07-23 00:00:00+00:00,0.784,0.6761050862157015,908.187287194525,-97.98878905184921,-99.09404313124479,-1.0112793931845687,atr_stop,3
OPUSDT,1,2025-08-09 00:00:00+00:00,2025-08-19 00:00:00+00:00,0.81,0.6918844520258763,823.2685482754437,-97.24081570941534,-98.266107784524,-1.0105438448621464,atr_stop,10
ARBUSDT,1,2025-05-10 00:00:00+00:00,2025-05-12 00:00:00+00:00,0.4842,0.4272722421584378,1634.5669084586377,-93.05222914056435,-94.30935826284754,-1.0135099302176218,atr_stop,2
ARBUSDT,-1,2025-06-17 00:00:00+00:00,2025-06-29 00:00:00+00:00,0.3033,0.3647464771929527,-1502.806754200576,-92.34218094740099,-93.32883919249457,-1.010684805524093,atr_stop,12
ARBUSDT,1,2025-07-15 00:00:00+00:00,2025-07-31 00:00:00+00:00,0.4366,0.3978,1475.0145563960466,-57.23056478816661,-58.28673421112843,-0.6359889578033365,channel_exit,16
ARBUSDT,1,2025-08-13 00:00:00+00:00,2025-08-15 00:00:00+00:00,0.5712,0.49431616033690806,1186.0737826895404,-91.18990653689963,-92.24523832554328,-1.0115729013080699,atr_stop,2
ARBUSDT,1,2025-08-22 00:00:00+00:00,2025-08-29 00:00:00+00:00,0.5867,0.49152080794341463,950.7951225627249,-90.49591157686223,-91.33711563315747,-1.0092954923779156,atr_stop,7
HBARUSDT,-1,2025-03-10 00:00:00+00:00,2025-04-22 00:00:00+00:00,0.18945,0.1813,-1681.526544814327,13.704441340236796,13.155691967602088,0.14042096030258386,channel_exit,43
HBARUSDT,1,2025-05-09 00:00:00+00:00,2025-05-29 00:00:00+00:00,0.20247,0.17964,3769.0450674643666,-86.04729889021155,-87.2660271508663,-0.9304874461797111,channel_exit,20
HBARUSDT,1,2025-07-13 00:00:00+00:00,2025-08-02 00:00:00+00:00,0.24134,0.2301,3569.595725870264,-40.122255958781764,-41.60071111652271,-0.44677278988121305,channel_exit,20
PENDLEUSDT,1,2025-04-22 00:00:00+00:00,2025-06-12 00:00:00+00:00,3.46,3.857,153.44537743379993,60.91781484121861,59.852504963846705,0.6434835322230418,channel_exit,51
SEIUSDT,-1,2025-03-08 00:00:00+00:00,2025-04-22 00:00:00+00:00,0.2148,0.1891,-1802.8119135105835,46.332266177221996,45.71862505810126,0.4676597797957242,channel_exit,45
SEIUSDT,1,2025-05-08 00:00:00+00:00,2025-05-29 00:00:00+00:00,0.2302,0.2135,3420.2959099708205,-57.11894169651268,-58.43336141471446,-0.5961625661099121,channel_exit,21
SEIUSDT,1,2025-06-24 00:00:00+00:00,2025-06-25 00:00:00+00:00,0.3068,0.2663752777649398,2414.0168892992288,-97.58596222066544,-98.74342417561485,-1.0118609472982611,atr_stop,1
SEIUSDT,1,2025-07-11 00:00:00+00:00,2025-07-31 00:00:00+00:00,0.3309,0.2934,1955.7119327937871,-73.33919747976708,-74.37204806571414,-0.7678737592234663,channel_exit,20
TIAUSDT,-1,2025-03-10 00:00:00+00:00,2025-03-12 00:00:00+00:00,2.8,3.6494250256493928,-107.80202841999655,-91.56974075571215,-92.2778885123092,-1.0077334253734127,atr_stop,2
TIAUSDT,-1,2025-05-30 00:00:00+00:00,2025-07-09 00:00:00+00:00,2.152,1.692,-179.68118351221543,82.65334441561913,82.10610740311432,0.9035539787958434,channel_exit,40
CRVUSDT,1,2025-04-11 00:00:00+00:00,2025-05-30 00:00:00+00:00,0.6066,0.6628,776.0506024739583,43.61404385903639,42.68818444826086,0.45982518146032975,channel_exit,49
CRVUSDT,-1,2025-06-17 00:00:00+00:00,2025-07-10 00:00:00+00:00,0.5814,0.5997,-830.3446265632404,-15.195306666107284,-16.09163047669724,-0.17277304788659525,channel_exit,23
CRVUSDT,1,2025-07-16 00:00:00+00:00,2025-08-19 00:00:00+00:00,0.9223,0.8212,818.7723762253349,-82.77788723638133,-83.98816381202258,-0.902889927299035,channel_exit,34
LDOUSDT,1,2025-08-11 00:00:00+00:00,2025-08-18 00:00:00+00:00,1.495,1.2782193395770742,428.0754242255942,-92.79847317444847,-93.78338688932554,-1.010613468963283,atr_stop,7
ETHFIUSDT,1,2025-05-15 00:00:00+00:00,2025-05-25 00:00:00+00:00,1.437,1.1627094759588603,344.6476872474448,-94.53359474466848,-95.25489998196231,-1.0076301471370264,atr_stop,10
TURBOUSDT,1,2025-05-02 00:00:00+00:00,2025-05-30 00:00:00+00:00,0.005517,0.004362594982939861,81210.66576681036,-93.75,-94.38772063746389,-1.0068023534662816,atr_stop,28
CFXUSDT,1,2025-07-30 00:00:00+00:00,2025-08-14 00:00:00+00:00,0.2291,0.18148180306218514,1965.9318090300098,-93.61412804870564,-94.25633357762577,-1.0068601347072954,atr_stop,15
RUNEUSDT,-1,2025-03-10 00:00:00+00:00,2025-04-20 00:00:00+00:00,1.021,1.209,-222.30083497087543,-41.792556974524615,-42.27632805158824,-0.43271943833585,channel_exit,41
RUNEUSDT,1,2025-05-22 00:00:00+00:00,2025-05-25 00:00:00+00:00,2.137,1.8357278238496026,323.25210403473557,-97.38686482773943,-98.45499001442951,-1.0109678567903322,atr_stop,3
BTCUSDT,1,2025-10-05 00:00:00+00:00,2025-10-10 00:00:00+00:00,123482.31,118212.68229820242,0.022465345644641078,-118.38400773945826,-123.16424752079493,-1.0403791007976104,atr_stop,5
BTCUSDT,-1,2025-10-16 00:00:00+00:00,2025-10-27 00:00:00+00:00,108194.28,115951.60954926739,-0.015139727357817106,-117.4438544006466,-120.60371076014334,-1.026905250816422,atr_stop,11
BTCUSDT,-1,2025-11-04 00:00:00+00:00,2026-01-03 00:00:00+00:00,101497.22,90628.01,-0.015121911593032411,164.3632327061039,161.89638894697347,1.389115225939383,channel_exit,60
ETHUSDT,-1,2025-10-10 00:00:00+00:00,2025-10-13 00:00:00+00:00,3829.72,4283.579642545683,-0.28129951958676314,-127.67049940792069,-129.83944341992822,-1.0169886075645207,atr_stop,3
ETHUSDT,-1,2025-11-03 00:00:00+00:00,2025-12-09 00:00:00+00:00,3603.83,3318.04,-0.29999051782874986,85.7342900902784,83.9426051222807,0.6625502318917063,channel_exit,36
SOLUSDT,-1,2025-11-03 00:00:00+00:00,2026-01-03 00:00:00+00:00,166.06,133.37,-6.093353135824298,199.1917140100963,197.7289070961915,1.2536314092078669,channel_exit,61
ZECUSDT,1,2025-10-02 00:00:00+00:00,2025-11-30 00:00:00+00:00,131.39,427.94,4.796996637611382,1422.5493528836555,1418.8542647496765,16.113047501013625,channel_exit,59
WLDUSDT,-1,2025-09-01 00:00:00+00:00,2025-09-07 00:00:00+00:00,0.855,1.0053847166521332,-619.4787185385761,-93.16013155945038,-94.28119754408826,-1.0120337526994847,atr_stop,6
WLDUSDT,1,2025-09-08 00:00:00+00:00,2025-09-22 00:00:00+00:00,1.571,1.3776712970680745,478.25406767594166,-92.46023857570712,-93.64621699884488,-1.012826902043592,atr_stop,14
WLDUSDT,-1,2025-10-22 00:00:00+00:00,2026-01-03 00:00:00+00:00,0.844,0.5852,-361.13983427669586,93.46298911080886,93.08257885497517,1.014674255631824,channel_exit,73
XRPUSDT,-1,2025-09-25 00:00:00+00:00,2025-10-02 00:00:00+00:00,2.7435,3.014287477853177,-379.8771487534987,-102.86597500501603,-104.92708108371446,-1.0200368107977194,atr_stop,7
XRPUSDT,-1,2025-10-10 00:00:00+00:00,2026-01-03 00:00:00+00:00,2.3704,2.0182,-260.2184585502042,91.64894110138188,90.70362989389903,0.8884446272393424,channel_exit,85
BNBUSDT,-1,2025-11-13 00:00:00+00:00,2026-01-04 00:00:00+00:00,927.15,895.43,-1.1982056602478763,38.00708354306267,36.07584681322231,0.24017513241355942,channel_exit,52
NEARUSDT,1,2025-09-18 00:00:00+00:00,2025-09-22 00:00:00+00:00,3.175,2.835449548112787,258.6973097787575,-87.84078843738345,-89.16113014358176,-1.015031077585779,atr_stop,4
NEARUSDT,-1,2025-10-11 00:00:00+00:00,2025-11-07 00:00:00+00:00,2.3,2.8377328480571906,-162.10418362060454,-87.1687443402935,-87.99675940029533,-1.009498990334992,atr_stop,27
NEARUSDT,-1,2025-11-23 00:00:00+00:00,2026-01-02 00:00:00+00:00,1.822,1.692,-176.8206615151622,22.986685996971104,22.448160990260526,0.259514668054059,channel_exit,40
DOGEUSDT,1,2025-09-12 00:00:00+00:00,2025-09-22 00:00:00+00:00,0.2755,0.24579972864344896,4052.609655785856,-120.36360647901894,-122.15664111566092,-1.0148968171450938,atr_stop,10
DOGEUSDT,-1,2025-10-10 00:00:00+00:00,2026-01-02 00:00:00+00:00,0.19349,0.14188,-2582.58431752686,133.28717662756122,132.62762591421395,1.1104737965680271,channel_exit,84
ENAUSDT,-1,2025-09-29 00:00:00+00:00,2025-12-03 00:00:00+00:00,0.5646,0.2971,-964.2861186058273,257.9465367270588,257.43085579655076,2.6056100249038736,channel_exit,65
SUIUSDT,-1,2025-09-25 00:00:00+00:00,2025-10-01 00:00:00+00:00,3.1112,3.5344734081834694,-248.09440685468508,-105.01176514063881,-106.5901546913833,-1.0150305972728924,atr_stop,6
SUIUSDT,-1,2025-10-10 00:00:00+00:00,2026-01-02 00:00:00+00:00,2.6047,1.6078,-158.18942897666338,157.69904174683572,157.2412352118001,1.5087461925916188,channel_exit,84
ADAUSDT,-1,2025-10-10 00:00:00+00:00,2025-12-09 00:00:00+00:00,0.6353,0.4697,-966.3732537206974,160.03141081614746,159.21438088505676,1.1613500102559402,channel_exit,60
ONDOUSDT,-1,2025-09-25 00:00:00+00:00,2025-12-24 00:00:00+00:00,0.8726,0.3762,-808.3103700795967,401.24526770751186,400.69791225730876,4.27411106407796,time_stop,90
XLMUSDT,-1,2025-09-04 00:00:00+00:00,2025-09-12 00:00:00+00:00,0.352,0.39771508467695926,-1966.864296744566,-89.9153678737658,-91.32342075435594,-1.0156597577687378,atr_stop,8
XLMUSDT,-1,2025-09-25 00:00:00+00:00,2025-10-01 00:00:00+00:00,0.3505,0.3904083125401897,-2235.956836445084,-89.23326425522428,-90.80454929899689,-1.0176087365724784,atr_stop,6
XLMUSDT,-1,2025-10-10 00:00:00+00:00,2026-01-04 00:00:00+00:00,0.3191,0.233,-1490.3024044659817,128.315037024521,127.69000419608795,1.4418454435896448,channel_exit,86
FILUSDT,-1,2025-11-03 00:00:00+00:00,2025-11-06 00:00:00+00:00,1.443,1.7763665206451535,-305.6998354214028,-101.91009049622909,-102.88755341164585,-1.0095914242707196,atr_stop,3
FILUSDT,1,2025-11-07 00:00:00+00:00,2025-11-08 00:00:00+00:00,3.392,2.8147784853937683,175.18944145966896,-101.12311474236986,-102.01072978960975,-1.0087775683087024,atr_stop,1
BCHUSDT,1,2025-09-18 00:00:00+00:00,2025-09-22 00:00:00+00:00,624.4,571.9123863703659,1.629663840890561,-85.53716602684926,-87.21481091205466,-1.0196130519998616,atr_stop,4
BCHUSDT,-1,2025-10-10 00:00:00+00:00,2025-10-27 00:00:00+00:00,513.5,569.329079238141,-1.5203602026742353,-84.88031022561607,-86.43836371935397,-1.0183558883043256,atr_stop,17
LINKUSDT,-1,2025-10-10 00:00:00+00:00,2025-12-03 00:00:00+00:00,17.31,14.64,-26.404138619873706,70.49905011506274,69.80324825415182,0.6624478873069221,channel_exit,54
TAOUSDT,-1,2025-09-25 00:00:00+00:00,2025-10-06 00:00:00+00:00,298.2,336.41246788912645,-2.4411719147283737,-93.28320340339533,-94.76143660647105,-1.0158467242669962,atr_stop,11
TAOUSDT,-1,2025-10-10 00:00:00+00:00,2025-10-12 00:00:00+00:00,290.7,352.95196399978647,-1.4872313943241893,-92.58307521882169,-93.52793345360965,-1.0102055179367802,atr_stop,2
TAOUSDT,1,2025-10-12 00:00:00+00:00,2025-11-08 00:00:00+00:00,383.4,367.7,1.2652014005786691,-19.86366198908509,-20.70104818807209,-0.22533925210113429,channel_exit,27
TAOUSDT,-1,2025-11-21 00:00:00+00:00,2026-01-05 00:00:00+00:00,280.1,267.5,-1.1135146527117816,14.030284624168473,13.49412731888775,0.14715095522330296,channel_exit,45
AVAXUSDT,1,2025-09-10 00:00:00+00:00,2025-10-07 00:00:00+00:00,29.48,27.93,34.443352422823445,-53.38719625537637,-55.118801355081395,-0.5124286985819091,channel_exit,27
AVAXUSDT,-1,2025-10-10 00:00:00+00:00,2026-01-01 00:00:00+00:00,20.68,13.59,-18.861263648281614,133.72635926631665,133.26497503495239,1.2440397426303635,channel_exit,83
FETUSDT,-1,2025-10-21 00:00:00+00:00,2025-11-07 00:00:00+00:00,0.2439,0.33799537595863255,-1090.004304000837,-102.56436478148636,-103.22751432763549,-1.006465691544641,atr_stop,17
DOTUSDT,1,2025-09-18 00:00:00+00:00,2025-09-22 00:00:00+00:00,4.533,4.094391759111134,254.18400137721267,-111.48719770615247,-113.36050969111862,-1.016802933641795,atr_stop,4
DOTUSDT,-1,2025-10-10 00:00:00+00:00,2025-11-07 00:00:00+00:00,2.946,3.254,-137.28262494344256,-42.283048482580284,-43.087140273399015,-0.3894638814532501,channel_exit,28
DOTUSDT,-1,2025-11-21 00:00:00+00:00,2026-01-02 00:00:00+00:00,2.348,2.166,-204.5242816884518,37.22341926729821,36.42601999785128,0.3303597514859997,channel_exit,42
LTCUSDT,-1,2025-09-22 00:00:00+00:00,2025-10-02 00:00:00+00:00,105.65,115.94738721483364,-8.731498763513553,-89.91162373374014,-91.73393377631825,-1.020267791492395,atr_stop,10
LTCUSDT,1,2025-10-09 00:00:00+00:00,2025-10-10 00:00:00+00:00,125.9,115.1762611116791,8.321420237118437,-89.23673780284759,-90.96191192893824,-1.0193325548262657,atr_stop,1
LTCUSDT,-1,2025-10-10 00:00:00+00:00,2025-11-01 00:00:00+00:00,96.88,101.38,-4.782612466994157,-21.52175610147371,-22.39450635490067,-0.2528946484655798,channel_exit,22
LTCUSDT,-1,2025-11-03 00:00:00+00:00,2025-11-07 00:00:00+00:00,87.43,102.14385255510213,-6.007211868511203,-88.38922970053336,-89.4937092745894,-1.0124956352464896,atr_stop,4
LTCUSDT,-1,2025-11-21 00:00:00+00:00,2026-01-02 00:00:00+00:00,82.64,81.93,-5.214264861735341,3.7021280518320596,2.9331595556125016,0.033438579515547594,channel_exit,42
AAVEUSDT,-1,2025-10-10 00:00:00+00:00,2025-12-09 00:00:00+00:00,224.45,202.44,-1.8658166945196457,41.06662544637739,40.38673676942798,0.42224501638346895,channel_exit,60
ICPUSDT,1,2025-11-04 00:00:00+00:00,2025-11-21 00:00:00+00:00,5.19,4.254249152804028,98.77731206787823,-92.43095345125802,-93.18735538438388,-1.008183426708075,atr_stop,17
TRXUSDT,-1,2025-10-11 00:00:00+00:00,2025-12-21 00:00:00+00:00,0.3144,0.2883,-6008.947264318907,156.83352359872356,153.7152405053779,1.4496300342540684,channel_exit,71
UNIUSDT,-1,2025-09-22 00:00:00+00:00,2025-11-10 00:00:00+00:00,8.231,9.398284573460325,-87.30139372014108,-101.90557013110677,-103.38244014642163,-1.0144925347399047,atr_stop,49
APTUSDT,-1,2025-09-25 00:00:00+00:00,2025-09-30 00:00:00+00:00,3.933,4.38177642650793,-206.04107513337482,-92.46637741220785,-94.09146407884903,-1.017574892756928,atr_stop,5
APTUSDT,1,2025-10-02 00:00:00+00:00,2025-10-10 00:00:00+00:00,5.227,4.743792171727462,189.8894201689523,-91.75605433177105,-93.37748703257547,-1.0176711249476973,atr_stop,8
APTUSDT,-1,2025-10-10 00:00:00+00:00,2026-01-01 00:00:00+00:00,3.664,1.864,-95.74606715193026,172.34292087347447,172.02167366896632,1.8876997760675522,channel_exit,83
WIFUSDT,-1,2025-09-25 00:00:00+00:00,2025-12-09 00:00:00+00:00,0.729,0.438,-693.1587471259212,201.70919541364304,201.16270905740896,2.1556121329910254,channel_exit,75
ARBUSDT,-1,2025-10-10 00:00:00+00:00,2026-01-03 00:00:00+00:00,0.2962,0.2091,-993.6608269588762,86.54785802811813,86.17386396606734,0.9595613979382018,channel_exit,85
DASHUSDT,1,2025-11-01 00:00:00+00:00,2025-11-21 00:00:00+00:00,73.71,59.55529259277191,6.501998859711416,-92.03389142134571,-92.73090262149609,-1.0075734187633048,atr_stop,20
HBARUSDT,-1,2025-09-25 00:00:00+00:00,2025-10-06 00:00:00+00:00,0.20754,0.23295525688302537,-3650.2793683398036,-92.7727878411637,-94.30342102346724,-1.0164987300470492,atr_stop,11
HBARUSDT,-1,2025-10-10 00:00:00+00:00,2025-10-28 00:00:00+00:00,0.16436,0.20128096260540182,-2493.9738258516845,-92.07991436312093,-92.98349537740512,-1.0098130088470856,atr_stop,18
HBARUSDT,-1,2025-11-14 00:00:00+00:00,2026-01-04 00:00:00+00:00,0.15297,0.12542,-2829.15578019263,77.94324174430693,77.30454285199376,0.8459874549082523,channel_exit,51
SEIUSDT,-1,2025-09-25 00:00:00+00:00,2025-12-10 00:00:00+00:00,0.2692,0.1453,-2295.3286067030094,284.39121437050284,283.7908941267057,2.946728075488807,channel_exit,76
CRVUSDT,-1,2025-10-11 00:00:00+00:00,2026-01-02 00:00:00+00:00,0.4852,0.4055,-584.1847829949463,46.55952720469722,46.133130731589205,0.49960557474946576,channel_exit,83
STRKUSDT,1,2025-11-15 00:00:00+00:00,2025-11-22 00:00:00+00:00,0.2034,0.15520867737311303,1945.3709690817839,-93.75,-94.29348921920023,-1.0057972183381358,atr_stop,7
ETHFIUSDT,1,2025-09-11 00:00:00+00:00,2025-09-22 00:00:00+00:00,1.471,1.2636888898477148,452.69485893642974,-93.84867376634345,-94.87839160105591,-1.0109721085380083,atr_stop,11
ETHFIUSDT,1,2025-09-24 00:00:00+00:00,2025-09-30 00:00:00+00:00,1.658,1.3929625745824987,351.35364383468635,-93.12186517300296,-94.0028256303518,-1.0094602965234016,atr_stop,6
ETHFIUSDT,1,2025-10-02 00:00:00+00:00,2025-10-10 00:00:00+00:00,1.752,1.4541547514394348,310.26771831377397,-92.41176568148542,-93.22388477973307,-1.008788048710667,atr_stop,8
ETHFIUSDT,-1,2025-10-21 00:00:00+00:00,2026-01-05 00:00:00+00:00,1.006,0.798,-265.527048799528,55.22962615030182,54.848223097406176,0.5981058725048866,channel_exit,76
ZENUSDT,1,2025-10-31 00:00:00+00:00,2025-11-27 00:00:00+00:00,14.553,11.814,26.331101659165444,-72.12088744445417,-72.68082358745666,-0.7752621182662044,channel_exit,27
CAKEUSDT,1,2025-10-03 00:00:00+00:00,2025-10-05 00:00:00+00:00,3.629,3.2223631466588163,227.50663462588125,-92.51258201851074,-93.8321782095806,-1.0142639645578784,atr_stop,2
CAKEUSDT,1,2025-10-06 00:00:00+00:00,2025-10-10 00:00:00+00:00,3.774,3.2721324778666028,182.9276253307075,-91.80543405446865,-92.88284821756717,-1.0117358430271055,atr_stop,4
CAKEUSDT,-1,2025-11-03 00:00:00+00:00,2026-01-04 00:00:00+00:00,2.228,2.067,-152.25389119465947,24.51287648234018,23.94640065476133,0.262849182734341,channel_exit,62
